공급일자,시간,경기도,경상권,서울,전라권,충청권
2023-01-01,01:00,222.21,99.96,346.48,32.84,185.28
2023-01-01,02:00,233.85,98.66,278.03,23.14,180.69
2023-01-01,03:00,156.48,155.49,255.27,27.51,204.93
2023-01-01,04:00,255.71,123.7,207.91,30.9,232.17
2023-01-01,05:00,164.63,106.38,271.94,25.17,166.8
2023-01-01,06:00,216.54,143.3,200.36,28.77,215.38
2023-01-01,07:00,182.58,125.66,226.24,34.03,172.55
2023-01-01,08:00,285.55,134.14,326.63,39.6,154.88
2023-01-01,09:00,186.46,105.55,304.9,40.41,154.87
2023-01-01,10:00,231.9,75.25,253.16,33.85,182.98
2023-01-01,11:00,215.13,103.65,207.61,11.45,147.65
2023-01-01,12:00,206.66,94.44,291.32,21.43,86.68
2023-01-01,13:00,190.91,63.27,264.29,17.53,137.15
2023-01-01,14:00,219.47,67.58,269.12,6.19,66.11
2023-01-01,15:00,190.29,73.19,303.29,23.48,102.02
2023-01-01,16:00,210.26,79.48,292.51,11.69,136.87
2023-01-01,17:00,140.52,88.79,293.13,16,170.26
2023-01-01,18:00,151.37,146.94,278.53,24.89,217.57
2023-01-01,19:00,178.38,176.73,256.47,34.9,179.46
2023-01-01,20:00,319.33,123.67,333.48,35.27,248.91
2023-01-01,21:00,346.95,123.6,322.15,51.36,175.58
2023-01-01,22:00,333.46,137.22,292.81,42.63,200.16
2023-01-01,23:00,326.25,130.62,350.57,42.56,220.05
2023-01-01,00:00,297.87,114.46,282.42,36.16,261.43
2023-01-02,01:00,243.39,140.49,352.72,31.3,151.18
2023-01-02,02:00,247.1,102.79,317.23,38.5,252.47
2023-01-02,03:00,265.84,92.76,324.58,27.24,145.84
2023-01-02,04:00,232.14,83.42,358.7,26.56,141.72
2023-01-02,05:00,201.42,136.98,301.2,32.42,145.66
2023-01-02,06:00,215.47,146.2,355.75,37.05,168.29
2023-01-02,07:00,188.3,133.71,327.77,39.27,180.33
2023-01-02,08:00,210.09,110.01,406.59,46.06,179.8
2023-01-02,09:00,220.31,126.65,407.42,29.53,278.84
2023-01-02,10:00,302.13,82.92,230.54,34.32,192.85
2023-01-02,11:00,264.3,76.98,326.76,12.79,173.85
2023-01-02,12:00,182.35,120.04,302.57,23.56,123.03
2023-01-02,13:00,259.86,90.74,268.61,26.94,160.88
2023-01-02,14:00,181.3,87.31,222.71,21.5,143.08
2023-01-02,15:00,182.79,76.58,195.37,20.3,145.48
2023-01-02,16:00,202.6,100.17,186.2,20.87,83.33
2023-01-02,17:00,182.68,69.63,276.48,28.95,113.56
2023-01-02,18:00,245.26,82.26,360.1,34.13,155.2
2023-01-02,19:00,284.3,149.22,315.51,37.94,208.38
2023-01-02,20:00,289.63,179.25,387.49,24.63,278.61
2023-01-02,21:00,243.15,184.97,315.31,30.49,201.28
2023-01-02,22:00,240.69,178.25,440.79,28.47,245.09
2023-01-02,23:00,317.45,118.34,296.69,42.34,298.46
2023-01-02,00:00,223.42,123.07,366.51,47.98,180.22
2023-01-03,01:00,308.67,145,286.85,34.95,245.25
2023-01-03,02:00,200.32,129.52,237.84,42.48,180.84
2023-01-03,03:00,199.95,94.68,237.87,45.36,199.71
2023-01-03,04:00,249.23,141.27,243.76,30.64,152.98
2023-01-03,05:00,181.14,103.4,279.4,24.84,203.1
2023-01-03,06:00,296.57,113.17,356.36,29.56,247.43
2023-01-03,07:00,246.24,127.61,380.77,35.64,264
2023-01-03,08:00,283.42,116.42,359.27,50.52,286.01
2023-01-03,09:00,240.71,139.85,276.64,46.49,283.7
2023-01-03,10:00,327.4,65.74,358.22,34.2,250.69
2023-01-03,11:00,246.13,124.26,262.07,26.82,140.85
2023-01-03,12:00,171.75,77.7,239.71,32.12,206.15
2023-01-03,13:00,135.46,61.04,272.01,14.13,176.97
2023-01-03,14:00,185.58,65.3,274.09,22.35,180.47
2023-01-03,15:00,186.44,43.23,268.85,27.11,120.41
2023-01-03,16:00,122.25,68.83,311.44,25.26,153.77
2023-01-03,17:00,251.83,88.67,219.8,30.25,135.87
2023-01-03,18:00,211.72,126.52,336.8,25.47,211.78
2023-01-03,19:00,269.98,120.82,342.57,31.65,225.56
2023-01-03,20:00,315.03,122.73,340.02,31.75,188.45
2023-01-03,21:00,224.21,124.33,375.76,27.88,187.69
2023-01-03,22:00,366.17,128.62,333.37,34.19,272.25
2023-01-03,23:00,261.96,155.26,351.59,38.88,186.08
2023-01-03,00:00,259.57,107.5,288.28,42,289.29
2023-01-04,01:00,311.72,119.83,315.67,29.09,166.48
2023-01-04,02:00,195.22,114.55,371.56,29.55,228.92
2023-01-04,03:00,251.72,99.31,366.82,32.72,251.31
2023-01-04,04:00,244.04,98.64,295.9,44.74,179.1
2023-01-04,05:00,202.54,84.51,260.97,35.35,169.27
2023-01-04,06:00,168.9,101.49,268.05,31.59,151.14
2023-01-04,07:00,256.25,109.7,211.53,30.49,149.09
2023-01-04,08:00,216.3,157.5,272.2,41.28,240.2
2023-01-04,09:00,269.61,107.72,394.77,32.73,256.94
2023-01-04,10:00,256.69,131,383.64,25.63,194.49
2023-01-04,11:00,264.85,92.92,345.31,29.85,166.26
2023-01-04,12:00,260.71,49.34,201.34,23.27,188.62
2023-01-04,13:00,142.49,95.52,213.6,22.37,146.2
2023-01-04,14:00,142.5,65.31,160.14,20.47,105.49
2023-01-04,15:00,152.73,46.57,156.24,25.2,152.54
2023-01-04,16:00,218.95,78.17,218.51,21.22,126.08
2023-01-04,17:00,229.89,114.3,301.62,24.1,200.23
2023-01-04,18:00,211.39,99.12,215.53,26.77,149.74
2023-01-04,19:00,199.47,115.85,201.7,28.33,186.68
2023-01-04,20:00,257.17,135.73,264.73,28.5,241.31
2023-01-04,21:00,298.75,169.25,342.99,27.9,228.67
2023-01-04,22:00,306.22,172.63,322.65,35.93,188.91
2023-01-04,23:00,264.1,141.02,392.43,43.33,282.16
2023-01-04,00:00,237.73,172.35,357.69,43.78,220.03
2023-01-05,01:00,288.67,100.6,263.56,46.68,223.27
2023-01-05,02:00,286.9,114.38,290.71,42.7,216.5
2023-01-05,03:00,239.22,152.55,344.72,26.91,198.8
2023-01-05,04:00,216.89,121.34,303.58,28.33,195.53
2023-01-05,05:00,205,80.69,190.64,36.34,172.54
2023-01-05,06:00,250.45,137.36,289.49,23.05,173.59
2023-01-05,07:00,195.31,95.6,272.02,29.5,229.32
2023-01-05,08:00,258.85,127.42,299.12,32.69,254.07
2023-01-05,09:00,338.12,133.4,316.18,31.47,277.92
2023-01-05,10:00,203,122.91,238.72,29.39,210.26
2023-01-05,11:00,215.52,75.21,237.05,32.27,237.11
2023-01-05,12:00,233.73,63.94,298.14,29.17,206.97
2023-01-05,13:00,261.05,92.92,307.6,32.6,177.57
2023-01-05,14:00,253.85,71.78,268.27,6.66,161.52
2023-01-05,15:00,194.07,34.97,284.96,18.36,94.52
2023-01-05,16:00,174.45,102.65,234.23,23.46,101.68
2023-01-05,17:00,187.34,50.22,214.56,23.53,199.49
2023-01-05,18:00,263.55,100.4,328.18,13.66,197.37
2023-01-05,19:00,297.82,154,206.13,27.98,196.33
2023-01-05,20:00,211.5,117.94,282.58,34.7,204.81
2023-01-05,21:00,268.67,153.91,345.24,30.35,201.29
2023-01-05,22:00,286.16,128.51,254.94,42.76,253.39
2023-01-05,23:00,345.25,118.04,373.06,39.66,212.28
2023-01-05,00:00,261.51,94.2,280.78,35.94,185.11
2023-01-06,01:00,220.63,110.95,229.28,43.43,175.82
2023-01-06,02:00,233.31,143.66,291.78,34.92,167.28
2023-01-06,03:00,236.64,88.61,242.87,32.85,229.92
2023-01-06,04:00,236.38,109.81,174.83,28.64,199.42
2023-01-06,05:00,225.2,78.7,304.08,39.9,139.92
2023-01-06,06:00,292.65,103.24,358.62,23.46,236
2023-01-06,07:00,306.99,110.12,330.37,26.24,164.03
2023-01-06,08:00,239.98,114.52,307.02,41.76,173.31
2023-01-06,09:00,240.5,106.74,315.87,31.03,273.99
2023-01-06,10:00,292.84,96.99,305.16,24.25,175.17
2023-01-06,11:00,272.42,74.24,216.7,24.98,164.9
2023-01-06,12:00,172.94,94.38,298.94,28.8,112.32
2023-01-06,13:00,118.04,93.59,218.67,18.71,116.87
2023-01-06,14:00,218.03,105.88,169.04,11.47,83.81
2023-01-06,15:00,188.86,41.75,256.16,9.56,96.06
2023-01-06,16:00,211.58,68.77,178.21,13.11,171.28
2023-01-06,17:00,160.64,74.9,137.42,12.08,127.52
2023-01-06,18:00,261.45,66.51,150,30.59,214.58
2023-01-06,19:00,239.79,157.48,197.7,26.03,248.35
2023-01-06,20:00,249.75,141.65,247.35,30.9,184.88
2023-01-06,21:00,276.55,177.1,255.22,27.94,161.97
2023-01-06,22:00,207.26,111.77,380.74,27,193.21
2023-01-06,23:00,263.56,160.22,330.55,32.01,201.35
2023-01-06,00:00,254.7,164.3,231.22,34.31,193.83
2023-01-07,01:00,234.97,139.39,277.2,37.28,186.45
2023-01-07,02:00,155.12,74.03,264.99,23.97,155.21
2023-01-07,03:00,194.52,127.85,144.17,27.67,192.46
2023-01-07,04:00,146.01,136.44,252.77,35.27,150.93
2023-01-07,05:00,212.19,101.55,295.57,38.39,153.52
2023-01-07,06:00,216.86,125.96,274.67,30.31,132.34
2023-01-07,07:00,136.42,102.73,287.42,38.25,109.46
2023-01-07,08:00,236.82,75.52,255.91,34.91,220.9
2023-01-07,09:00,162.28,87.14,263.73,17.18,190.77
2023-01-07,10:00,208.04,125.61,221.51,21.5,198.52
2023-01-07,11:00,210.94,85.7,235.44,10.18,202.14
2023-01-07,12:00,271.15,80.48,321.49,11.39,134.22
2023-01-07,13:00,240.76,94.12,279.5,11.38,95.72
2023-01-07,14:00,132.07,73.5,167.89,16.72,59.49
2023-01-07,15:00,127.13,73.57,281.16,2.78,104.08
2023-01-07,16:00,190.8,41.37,216.07,15.72,128.04
2023-01-07,17:00,206.5,113.68,264.82,5.89,90.88
2023-01-07,18:00,210.52,120.65,164.49,9.35,213.1
2023-01-07,19:00,254.32,100.25,178.36,29.92,164.86
2023-01-07,20:00,168.97,118.96,316.53,39.25,161.19
2023-01-07,21:00,287,121.32,296.51,37.42,190.09
2023-01-07,22:00,298.27,115.07,242.05,43.72,199.48
2023-01-07,23:00,314.41,106.87,196.88,35.32,237.77
2023-01-07,00:00,167.87,132.71,357.41,43.87,205.84
2023-01-08,01:00,155.37,106.18,230.17,25.54,142.57
2023-01-08,02:00,232.25,85.5,248.54,28.61,220.76
2023-01-08,03:00,154.37,126.5,249.86,25.34,211.16
2023-01-08,04:00,199.32,127.31,186.54,31.24,232.46
2023-01-08,05:00,240.49,101.71,274,28.42,179.15
2023-01-08,06:00,168.25,111.19,165.6,37.42,146.01
2023-01-08,07:00,208.33,135.96,272.06,40.37,189.35
2023-01-08,08:00,272.81,94.14,319.33,40.82,139.85
2023-01-08,09:00,262.03,137.62,270.92,29.58,226.97
2023-01-08,10:00,241.96,82.39,175.96,27.12,163.98
2023-01-08,11:00,135.89,68.25,161.04,27.02,188.1
2023-01-08,12:00,201.06,117.02,271.69,17.47,148.65
2023-01-08,13:00,99.94,102.02,153.43,22.15,99.94
2023-01-08,14:00,87.7,50.58,129.79,25.14,83.17
2023-01-08,15:00,145.8,68.17,228.99,12.09,119.73
2023-01-08,16:00,209.76,63.41,126.27,13.44,74.28
2023-01-08,17:00,152.27,83.93,123.38,15.02,70.36
2023-01-08,18:00,198.77,110.17,219.02,6.67,159.22
2023-01-08,19:00,216.93,110.5,207.03,28.27,198.22
2023-01-08,20:00,262.32,121.75,261.23,25.5,237.6
2023-01-08,21:00,175.53,119.98,240.59,22.79,170.7
2023-01-08,22:00,264.02,150.28,285.59,23.61,192.74
2023-01-08,23:00,193.31,129.12,244.85,34.64,209.28
2023-01-08,00:00,184.74,108.75,288.57,24.05,153.49
2023-01-09,01:00,253.29,143.12,305.75,36.4,151.44
2023-01-09,02:00,184.3,94.92,173.04,25.74,133.76
2023-01-09,03:00,252.33,74.74,252.95,25.99,168.32
2023-01-09,04:00,209.27,77.87,280.18,40.4,183.75
2023-01-09,05:00,223.15,92.68,239.32,23.95,150.07
2023-01-09,06:00,129.85,121.86,270.81,36.22,132.24
2023-01-09,07:00,191.69,143.34,316.76,31.37,201.8
2023-01-09,08:00,157.51,116.88,229.36,26.63,158.93
2023-01-09,09:00,163.26,133.03,261.42,21.22,191.99
2023-01-09,10:00,218.43,78.43,203.61,27.45,149.79
2023-01-09,11:00,202.96,113.71,195.55,30.55,200.95
2023-01-09,12:00,148.2,78.43,159.96,19.56,168.43
2023-01-09,13:00,186.85,42.84,230.78,31.01,144.63
2023-01-09,14:00,203.55,53.22,268.14,24.64,90.28
2023-01-09,15:00,69.55,27.65,107.22,14.27,128.59
2023-01-09,16:00,205.25,61.64,228.6,22.17,101.43
2023-01-09,17:00,202.57,73.55,199.88,18.85,108.38
2023-01-09,18:00,206.08,78.3,237.81,19.65,112.43
2023-01-09,19:00,160.56,112.51,202.27,21.53,214.16
2023-01-09,20:00,207.5,104.59,211.3,34.65,238.63
2023-01-09,21:00,306.5,149.43,317.98,44.01,151.88
2023-01-09,22:00,272.07,131.11,248.85,37.76,185.46
2023-01-09,23:00,221.37,166.15,272.67,48.59,199.26
2023-01-09,00:00,274.97,112.77,224.79,32.55,226.16
2023-01-10,01:00,145.15,115.83,277.18,37.29,162.89
2023-01-10,02:00,216.66,119.51,178.34,40.77,200.95
2023-01-10,03:00,198.2,118.92,153.94,35.84,126.95
2023-01-10,04:00,145.21,135.54,311.97,40.82,189.44
2023-01-10,05:00,242.31,120.66,251.67,27.58,209.98
2023-01-10,06:00,251.27,133.51,310.12,32.92,184.13
2023-01-10,07:00,182.38,103.26,324.44,33.45,192.83
2023-01-10,08:00,181.61,117.3,315.51,42.55,207.65
2023-01-10,09:00,290.85,83.94,290.57,45.17,191.68
2023-01-10,10:00,168.35,51.54,261.61,28.94,134.8
2023-01-10,11:00,214.67,35.38,280.77,19.67,184.5
2023-01-10,12:00,184.76,52.62,241.31,15.95,101.55
2023-01-10,13:00,160.41,32.26,108.28,15.82,127.23
2023-01-10,14:00,184.19,93.31,157.06,19.03,58.74
2023-01-10,15:00,126.24,67.59,244.6,15.04,142.96
2023-01-10,16:00,122.44,82.37,166.64,7.32,149.7
2023-01-10,17:00,192.61,66.03,154.45,8.16,146.27
2023-01-10,18:00,169.98,57.65,250.33,18.36,159.6
2023-01-10,19:00,235.06,139.6,322.35,21.8,193.04
2023-01-10,20:00,161.28,92.93,304.19,19.23,218.55
2023-01-10,21:00,282.4,159.75,199.17,27.37,178.68
2023-01-10,22:00,228.35,161.1,234.33,27.42,140.23
2023-01-10,23:00,217.92,141.37,318.83,41.96,244.41
2023-01-10,00:00,244.9,94.37,250.69,28.48,131.37
2023-01-11,01:00,145.77,102.17,216.04,24.32,216.52
2023-01-11,02:00,223.88,105.1,192.62,23.62,138.35
2023-01-11,03:00,213.84,75.33,158.97,38.52,128.47
2023-01-11,04:00,160.83,98.95,268.72,26.28,144.05
2023-01-11,05:00,180.02,68.03,191.43,21.66,189.78
2023-01-11,06:00,162.17,138.69,179.1,27.63,141.99
2023-01-11,07:00,207.2,83.9,321.12,35.45,179.75
2023-01-11,08:00,191.53,113.33,247.31,39.27,258.99
2023-01-11,09:00,177.09,105.16,187.4,28.52,204.94
2023-01-11,10:00,149.9,126.67,239.48,29.35,136.37
2023-01-11,11:00,206.05,46.64,227.3,21.57,92.88
2023-01-11,12:00,96.97,87.65,219.25,20.02,160.16
2023-01-11,13:00,108.52,76.18,177.87,16.49,145.65
2023-01-11,14:00,81.38,41.55,131.58,8.1,142.99
2023-01-11,15:00,108.71,56.64,125.07,18.56,109.97
2023-01-11,16:00,151.62,58.79,238.45,22.65,129.55
2023-01-11,17:00,148.99,54.1,120.93,15.82,148.07
2023-01-11,18:00,177,81.75,227.23,9.03,175.71
2023-01-11,19:00,143.57,72.95,209.78,27.39,118.15
2023-01-11,20:00,195.88,110.7,230.24,18.55,232.06
2023-01-11,21:00,177.47,101.62,251.42,33.35,189.71
2023-01-11,22:00,185.89,109.89,302.58,30.67,146.51
2023-01-11,23:00,279.76,110.15,253.66,31.6,202.84
2023-01-11,00:00,174.53,85.46,300.91,29.34,235.38
2023-01-12,01:00,273.51,109.51,141.72,22.96,216.46
2023-01-12,02:00,235.98,128.62,161.42,29.72,190.96
2023-01-12,03:00,190.66,127.7,305.21,20.71,172
2023-01-12,04:00,218.81,66.82,191.28,25.87,211.11
2023-01-12,05:00,170.56,83.34,221.73,26.95,118.91
2023-01-12,06:00,135.88,103.26,277.39,31.83,199.12
2023-01-12,07:00,156.02,98.09,249.88,46.4,167.56
2023-01-12,08:00,273.63,102.88,316.96,33.03,209.46
2023-01-12,09:00,196.46,140.06,283.57,8.26,232.83
2023-01-12,10:00,227.82,106.58,268.45,14.11,187.28
2023-01-12,11:00,111.95,89.44,218.12,16.9,149.59
2023-01-12,12:00,183.28,85.99,197.17,0.98,172.82
2023-01-12,13:00,124.61,62.53,163.42,2.64,71.14
2023-01-12,14:00,86.4,35.92,226.13,12.37,63.83
2023-01-12,15:00,176.73,34.98,125.37,7.69,99.58
2023-01-12,16:00,137.14,39.23,74.34,11.29,47.16
2023-01-12,17:00,104.47,27.22,71.61,16.75,128.2
2023-01-12,18:00,134.69,89.6,138.4,13,108.92
2023-01-12,19:00,207.26,64.46,132.36,16.44,125.18
2023-01-12,20:00,189.81,123.56,190.72,29.04,176.48
2023-01-12,21:00,238.67,133.01,219.04,34.54,148.6
2023-01-12,22:00,241.06,126.35,184.46,37.73,211.81
2023-01-12,23:00,257.25,76.29,291.76,36.22,214.8
2023-01-12,00:00,143.24,84.18,211.37,22.19,143.84
2023-01-13,01:00,134.45,58.45,257.54,11.15,138.7
2023-01-13,02:00,204.61,50.52,287.28,21.38,105.79
2023-01-13,03:00,105.92,58.47,220.07,16.23,76.22
2023-01-13,04:00,174.5,95.31,240.69,27.11,166.94
2023-01-13,05:00,83.34,55.51,206.91,30.4,110.58
2023-01-13,06:00,122.78,94.72,199.11,24.29,154.06
2023-01-13,07:00,204.15,113.03,250.41,21.66,153.42
2023-01-13,08:00,246.4,104.96,277.32,23.76,127.27
2023-01-13,09:00,137.26,118.57,154.22,22.7,130.15
2023-01-13,10:00,181.41,112.41,217.81,17.74,193.06
2023-01-13,11:00,105.02,75.2,267.22,23.81,113.18
2023-01-13,12:00,127.89,89.3,227.06,24.45,162.82
2023-01-13,13:00,217.92,84.18,106.91,15.57,67.41
2023-01-13,14:00,134.2,87.98,193.41,16.37,73.15
2023-01-13,15:00,203.82,61.08,184.76,12.31,164.29
2023-01-13,16:00,153.31,56.1,185.36,8.97,149.03
2023-01-13,17:00,112.73,83.85,195.83,24.85,159.27
2023-01-13,18:00,155.25,37.87,115.67,19.58,169.86
2023-01-13,19:00,147.13,66.51,260.28,19.78,163.36
2023-01-13,20:00,153.12,63.15,196.51,31.3,107.79
2023-01-13,21:00,199.97,102.26,246.41,30.81,153.13
2023-01-13,22:00,184.79,124.05,198.83,16.77,187.5
2023-01-13,23:00,171.78,96.03,202.37,16.55,148.45
2023-01-13,00:00,184.23,53.14,232.98,26.47,156.01
2023-01-14,01:00,100.54,53.25,220.06,25.06,116.99
2023-01-14,02:00,97.55,75.9,201.53,21.88,161.11
2023-01-14,03:00,153.82,42.57,231.11,22.8,133.09
2023-01-14,04:00,90.6,101.72,91.9,24.77,130.04
2023-01-14,05:00,155.82,56.04,233.05,18.71,154.43
2023-01-14,06:00,89.87,55.95,97.54,14.53,87.11
2023-01-14,07:00,126.23,73.3,143.64,29.64,100.71
2023-01-14,08:00,138.14,105.4,123.33,26.4,176.56
2023-01-14,09:00,223.28,92.14,168.17,21.96,125.74
2023-01-14,10:00,189.56,86.14,107.25,20.49,120.48
2023-01-14,11:00,176.08,70.95,255.06,23.26,96.17
2023-01-14,12:00,139,102.3,218.48,27.54,136.1
2023-01-14,13:00,93.45,34.49,213.89,19.37,100.05
2023-01-14,14:00,194.76,93.01,112.27,14.27,73.59
2023-01-14,15:00,84.56,31.63,110.44,23.48,156.62
2023-01-14,16:00,156.48,32.7,146.91,10.4,156.17
2023-01-14,17:00,191.26,102.81,147.26,15.38,168.23
2023-01-14,18:00,229.46,70.48,210.9,16.29,165.95
2023-01-14,19:00,239.13,68.95,184.49,25.33,167.22
2023-01-14,20:00,138.68,99.51,283.03,24.93,163.02
2023-01-14,21:00,244.47,127.81,318.39,32.44,175.82
2023-01-14,22:00,189.61,147.46,261.72,30.04,128.18
2023-01-14,23:00,186.37,103.36,298.7,26.14,176.02
2023-01-14,00:00,203.62,97.13,289.04,27.41,194.93
2023-01-15,01:00,132.27,94.46,270.53,20.31,168.64
2023-01-15,02:00,241.48,90.91,274.11,27.48,180.12
2023-01-15,03:00,143.5,101.16,289.08,23.22,81.77
2023-01-15,04:00,137.37,49.78,178.84,16.24,71.45
2023-01-15,05:00,200.09,85.48,204.33,22.42,87.49
2023-01-15,06:00,185.06,47.43,260.8,19.48,131.67
2023-01-15,07:00,128.77,84.68,235.32,26.39,100.35
2023-01-15,08:00,170.35,46.52,265.7,16.19,190.22
2023-01-15,09:00,180.3,53.31,177.24,29.3,110.74
2023-01-15,10:00,271.73,83.61,293.61,19.89,173.13
2023-01-15,11:00,179.91,67.85,224.44,27.86,141.22
2023-01-15,12:00,181.3,70.25,154.8,22.25,193.5
2023-01-15,13:00,242.51,39.54,286.7,31.79,125.07
2023-01-15,14:00,158.58,100.96,176.14,16.38,141.01
2023-01-15,15:00,138.8,106.27,328.82,28.47,197.64
2023-01-15,16:00,205.89,116.78,228.55,33.91,168.51
2023-01-15,17:00,240.19,72.19,294.46,29.96,111.1
2023-01-15,18:00,176.95,61.56,335.95,31.75,196.69
2023-01-15,19:00,274.73,149.62,239.38,28.75,189.55
2023-01-15,20:00,260.4,130.83,212.34,35.76,260.46
2023-01-15,21:00,221.82,115.55,329.55,40.82,154.27
2023-01-15,22:00,242.61,110.2,330.18,27.65,229.41
2023-01-15,23:00,277.24,155.37,294.19,23.19,221.19
2023-01-15,00:00,264.36,137.21,241.36,31.41,152.25
2023-01-16,01:00,275.81,143.6,246.64,28.64,128.16
2023-01-16,02:00,230.64,79.02,240.57,24.54,232.81
2023-01-16,03:00,262.47,76.72,262.17,25.68,192.91
2023-01-16,04:00,149.91,116.35,264.8,26.53,199.65
2023-01-16,05:00,134.89,127.64,266.04,22.46,183.94
2023-01-16,06:00,230.58,104.27,217.39,25.54,140.15
2023-01-16,07:00,289.7,145.03,247.67,31.01,227.95
2023-01-16,08:00,184.98,90.27,279.87,27.93,242.88
2023-01-16,09:00,246.76,105.25,285.13,33.73,226.31
2023-01-16,10:00,228.1,71.83,296.78,23.78,213.46
2023-01-16,11:00,165.85,84.7,287.91,26.27,203.16
2023-01-16,12:00,165.42,76.61,207.48,19.4,104.61
2023-01-16,13:00,214.89,47.8,273.17,18.77,81.41
2023-01-16,14:00,231.48,32.47,149.35,15.07,99.91
2023-01-16,15:00,133.16,101.84,294.52,20.19,151.31
2023-01-16,16:00,220.92,47.83,287.91,21.57,171.15
2023-01-16,17:00,206.76,67.27,250.62,27.34,111.52
2023-01-16,18:00,194.01,61.44,180.65,22.15,148.55
2023-01-16,19:00,205.42,112.39,298.52,33.83,211.93
2023-01-16,20:00,322.47,125.32,361.15,27.65,165.72
2023-01-16,21:00,279.15,120.44,339.83,33.9,238.31
2023-01-16,22:00,268.01,145.45,396.73,39.01,283.6
2023-01-16,23:00,263.71,109.11,292.84,43.05,199.54
2023-01-16,00:00,208.99,99.51,344.18,42.8,276.92
2023-01-17,01:00,180.9,85.4,235.64,27.69,163.35
2023-01-17,02:00,188.44,105.22,360.75,38.51,228.71
2023-01-17,03:00,248.42,83.83,316.99,38.23,221.5
2023-01-17,04:00,166.48,98.29,241.93,38.13,134.73
2023-01-17,05:00,165.41,98.15,231.55,22.87,155.7
2023-01-17,06:00,282.9,114.8,309.32,22.08,176.65
2023-01-17,07:00,198.96,124.53,216.23,14.88,184.39
2023-01-17,08:00,229.13,151.14,378.07,29.93,205.32
2023-01-17,09:00,202.67,144.3,369.45,45.44,183.76
2023-01-17,10:00,275.77,101.58,318.82,16.32,179.71
2023-01-17,11:00,219.47,81.43,248.85,26.92,215.56
2023-01-17,12:00,239.5,48.85,301.62,30.39,187.98
2023-01-17,13:00,266.14,66.69,215.41,24.28,101.25
2023-01-17,14:00,127.77,54.34,191.33,21.5,74.36
2023-01-17,15:00,201.55,77.69,166.1,16.94,156.23
2023-01-17,16:00,206.95,58.67,190.81,25.13,83.74
2023-01-17,17:00,209.04,94.2,217.79,23.35,126.84
2023-01-17,18:00,229.39,113.39,320.53,19.26,172.97
2023-01-17,19:00,271.79,142.77,267.27,32.3,250.69
2023-01-17,20:00,282.18,126.89,300.88,22.75,183.84
2023-01-17,21:00,277.78,175.88,388.59,34.59,261.72
2023-01-17,22:00,285.42,168.36,365.2,65.55,249.46
2023-01-17,23:00,292.82,160.22,348.88,35.3,220.44
2023-01-17,00:00,219.65,176.82,388.11,33.47,251.46
2023-01-18,01:00,188.84,139.51,188.25,31.69,187.17
2023-01-18,02:00,287.64,100.59,280.3,25.47,239.06
2023-01-18,03:00,273.26,123,203.62,37.16,168.97
2023-01-18,04:00,215.72,139.01,195.82,27.53,213.16
2023-01-18,05:00,183.85,96.78,241.4,24.51,158.17
2023-01-18,06:00,267.76,117.59,296.37,35.52,124.53
2023-01-18,07:00,180.37,109.56,327.84,31.84,170.17
2023-01-18,08:00,286.47,97.49,357.57,37.64,147.52
2023-01-18,09:00,270.72,139.76,241.85,46.95,180.83
2023-01-18,10:00,261.99,79,315.59,30.9,194.61
2023-01-18,11:00,149.19,72.57,200.45,29.64,196.43
2023-01-18,12:00,257.84,94.75,224.19,19.97,132.92
2023-01-18,13:00,130.17,75.33,274.53,18.89,173.68
2023-01-18,14:00,237.04,78.33,197.54,15.29,125.04
2023-01-18,15:00,168.02,51.36,258.48,27.03,149.09
2023-01-18,16:00,121.65,67.08,240.83,21.56,88.13
2023-01-18,17:00,200.78,113.89,204.83,23.22,144.15
2023-01-18,18:00,206.32,144.16,311.12,33.31,178.01
2023-01-18,19:00,178.81,151.24,209.28,29.26,167.66
2023-01-18,20:00,255.35,143.57,246.98,38.08,227.78
2023-01-18,21:00,331.46,149.69,236.28,29.86,265.56
2023-01-18,22:00,335.88,124.52,264.6,26.23,217.96
2023-01-18,23:00,282.39,143.39,260.08,39.38,232.55
2023-01-18,00:00,246.94,155.95,374.52,33.34,223.06
2023-01-19,01:00,188.42,125.2,254.13,37.07,227.71
2023-01-19,02:00,259.76,91.54,314.6,32.58,154
2023-01-19,03:00,198.75,80.03,235.11,28.37,169.11
2023-01-19,04:00,271.53,96.35,307.58,24.6,181.4
2023-01-19,05:00,236.47,85.29,302.14,36.16,146.56
2023-01-19,06:00,250.81,109.11,231.09,35.2,214.12
2023-01-19,07:00,233.92,137.63,264.91,32.11,199.41
2023-01-19,08:00,211.86,156.02,341.93,30.99,152.82
2023-01-19,09:00,322.32,101.02,331.62,37.38,234.79
2023-01-19,10:00,219.82,115.58,189.63,33.28,193.39
2023-01-19,11:00,218.48,93.06,327.58,20.9,138.05
2023-01-19,12:00,225.24,53.72,188.1,14.15,81.2
2023-01-19,13:00,122.34,49.98,234.45,14.92,152.5
2023-01-19,14:00,209.18,76.16,223.46,13.07,99.39
2023-01-19,15:00,157.76,62.06,266.33,16.16,150.93
2023-01-19,16:00,109.11,75.56,286.13,20.07,139.91
2023-01-19,17:00,183.78,89.8,149.87,26.89,190.14
2023-01-19,18:00,208.33,109.07,258.11,29.38,199.87
2023-01-19,19:00,189.81,114.9,331.23,25.3,152.84
2023-01-19,20:00,268.65,171.73,241.77,37.88,147.03
2023-01-19,21:00,199.3,136.48,351.68,24.75,246.7
2023-01-19,22:00,319.99,153.53,242.87,29.05,154.08
2023-01-19,23:00,253.01,171.39,367.85,33.28,238.5
2023-01-19,00:00,291.61,164,366.35,37.42,227.11
2023-01-20,01:00,157.44,126.2,359.69,38.79,212.92
2023-01-20,02:00,204.58,117.65,224.6,34.08,167.76
2023-01-20,03:00,237.8,124.1,241.62,24.15,214.72
2023-01-20,04:00,153.36,88.03,170.8,32.83,209.42
2023-01-20,05:00,236.11,129.22,309.67,25.27,177.52
2023-01-20,06:00,247.51,101.22,250.94,26.06,132.46
2023-01-20,07:00,166.03,119.45,188.87,33.13,115.67
2023-01-20,08:00,246.13,135.55,280.04,43.56,182.79
2023-01-20,09:00,247.26,138.69,379.65,33.52,188.78
2023-01-20,10:00,260.41,130.04,381.26,32.56,137.87
2023-01-20,11:00,178.3,92.64,210.4,16.04,169.92
2023-01-20,12:00,267.45,79.79,338.03,25.06,124.07
2023-01-20,13:00,184.86,39.94,300.96,23.3,184.05
2023-01-20,14:00,169.76,63.24,194.03,13.8,86.23
2023-01-20,15:00,135.74,101.76,215.21,10.87,136.72
2023-01-20,16:00,122.47,60.11,145.6,21.53,179.34
2023-01-20,17:00,136.56,99.72,233.13,14.83,178.72
2023-01-20,18:00,161.65,140.79,294.99,21.93,174.01
2023-01-20,19:00,289.66,139.79,389.43,32.77,258.82
2023-01-20,20:00,337.66,122.53,323.68,39.53,216.82
2023-01-20,21:00,351.77,140.85,293.93,38.32,208.04
2023-01-20,22:00,269.71,128.4,382.23,33.37,274.16
2023-01-20,23:00,275.74,120.14,390.66,42.29,242.83
2023-01-20,00:00,235.31,148.23,383.86,35.58,224.29
2023-01-21,01:00,259.64,173.06,300.28,27.58,205.9
2023-01-21,02:00,212.82,117.17,312.13,24.94,225.96
2023-01-21,03:00,216.7,151.22,270.35,31.97,245.06
2023-01-21,04:00,253.6,102.59,191.41,30.08,209.57
2023-01-21,05:00,220.15,108.9,327.91,29.72,232.61
2023-01-21,06:00,276.54,86.01,334.93,31.35,224.1
2023-01-21,07:00,248.92,128.85,272.78,23.62,176.31
2023-01-21,08:00,284.06,141.46,219.61,36.26,223.87
2023-01-21,09:00,253.31,113.65,347.05,26.13,194.64
2023-01-21,10:00,259.2,96.21,329.82,24.82,199.1
2023-01-21,11:00,205.36,87.58,204.07,25.5,203.61
2023-01-21,12:00,169.25,108.05,345.57,22.62,198
2023-01-21,13:00,118.39,98.24,299.09,14.54,130.63
2023-01-21,14:00,165.45,107.68,149.65,19.19,83.55
2023-01-21,15:00,198.84,122.72,137.03,7.66,149.22
2023-01-21,16:00,152.78,49.56,239.01,6.21,94.42
2023-01-21,17:00,139.4,102.11,308.72,17.18,126.28
2023-01-21,18:00,260.04,84.62,266.35,18.77,120.16
2023-01-21,19:00,184.59,157.93,238.1,19,182.9
2023-01-21,20:00,253.25,117.01,263.1,30.11,194.31
2023-01-21,21:00,277.91,148.47,265.71,36.37,234.86
2023-01-21,22:00,225.45,169.52,352.47,38.8,202.08
2023-01-21,23:00,331.61,158.8,239.57,29.7,200.96
2023-01-21,00:00,246.04,144.65,333.82,34.92,196.46
2023-01-22,01:00,226.81,165.93,286.86,22.04,228.24
2023-01-22,02:00,224.85,136.8,327.46,32.88,138
2023-01-22,03:00,264.6,142.29,315.14,29.08,159.01
2023-01-22,04:00,229.9,92.07,205.79,14.18,179.92
2023-01-22,05:00,196.1,143.89,280.58,25.48,126.22
2023-01-22,06:00,227.29,142.19,230.74,25.98,197.9
2023-01-22,07:00,277.41,90,311.5,31.9,184.13
2023-01-22,08:00,264.26,145.12,240.19,35.93,177.08
2023-01-22,09:00,294.6,114.25,324.49,37.92,230.88
2023-01-22,10:00,204.17,158.84,333.57,26.3,163.17
2023-01-22,11:00,240.68,131.5,304.11,14.35,144.58
2023-01-22,12:00,136.87,99.78,219.08,25.31,126.23
2023-01-22,13:00,231.06,132.35,320.35,27.79,108.32
2023-01-22,14:00,252.71,78.89,182.44,8.3,103.14
2023-01-22,15:00,154.06,75.5,151.78,16.41,100.01
2023-01-22,16:00,111.75,75.17,225.2,28.38,120.21
2023-01-22,17:00,178.71,115.03,177.99,29.39,133.95
2023-01-22,18:00,181.62,117.01,224.75,22,218.64
2023-01-22,19:00,178.53,90.36,249.72,29.3,205.33
2023-01-22,20:00,162.88,105.39,349.98,28.11,151.57
2023-01-22,21:00,222.67,105.17,216.64,24.04,176.94
2023-01-22,22:00,234.69,134.18,319.38,29.88,205.04
2023-01-22,23:00,221.84,171.33,343.91,31.3,226.46
2023-01-22,00:00,198.49,158.32,283.08,31.37,148.64
2023-01-23,01:00,247.99,95.07,223.1,28.38,178.96
2023-01-23,02:00,183.06,136.94,271.38,28.32,213.69
2023-01-23,03:00,232.25,83.28,152.68,25.46,156.44
2023-01-23,04:00,157.25,79.28,238.15,27.46,147.63
2023-01-23,05:00,224.56,142.82,310.43,21.24,173.85
2023-01-23,06:00,253.91,81.24,157.58,26.43,146.67
2023-01-23,07:00,240.64,109.8,230.83,23.14,168.93
2023-01-23,08:00,228.79,125.42,243.31,28.88,118.94
2023-01-23,09:00,174.19,130.1,219.87,26.69,182.66
2023-01-23,10:00,272.87,81.51,272.26,20.23,198.15
2023-01-23,11:00,145.43,60.19,303.17,19.65,145.73
2023-01-23,12:00,212.53,87.6,165.24,21.24,136.6
2023-01-23,13:00,192.85,106.27,155.71,30.21,133.49
2023-01-23,14:00,128.58,97.09,158.36,23.69,86.86
2023-01-23,15:00,139.94,37.57,137.54,31,58.07
2023-01-23,16:00,227.12,98.9,230.19,21.25,173.83
2023-01-23,17:00,126.01,110.99,201.28,21.06,149.37
2023-01-23,18:00,185.84,131.17,306.04,34.45,168.74
2023-01-23,19:00,321.1,151.36,364.88,37.44,233.84
2023-01-23,20:00,235.71,98.35,381.51,31.55,270.75
2023-01-23,21:00,284.13,119.87,343.64,21.5,176.67
2023-01-23,22:00,356.33,134.65,387.38,25.44,175.9
2023-01-23,23:00,325.47,103.19,387.1,33.76,215.43
2023-01-23,00:00,312.61,125.8,386.18,30.2,178.69
2023-01-24,01:00,321.52,92.7,329.66,23.14,200.06
2023-01-24,02:00,260.06,92.54,368.31,35.16,242.51
2023-01-24,03:00,272.12,145.01,323.67,33.15,244.55
2023-01-24,04:00,339.54,116.18,347.51,25.8,216.55
2023-01-24,05:00,206.17,137.43,252,25.17,168.45
2023-01-24,06:00,295.4,109.73,340.15,30.35,180.5
2023-01-24,07:00,231.3,113.11,270.8,38.35,174.27
2023-01-24,08:00,226.69,116.54,438.2,34.48,196.87
2023-01-24,09:00,267.81,134.27,358.65,30.36,212.75
2023-01-24,10:00,312.26,103.16,416.63,23.53,262.81
2023-01-24,11:00,331.32,91.68,288.44,27.79,220.04
2023-01-24,12:00,306.87,148.16,395.78,26.09,145.78
2023-01-24,13:00,284.05,85.36,345.46,30.52,181.72
2023-01-24,14:00,204.48,94.15,299.61,33.05,195.07
2023-01-24,15:00,168.42,109.67,360.57,23.63,191.98
2023-01-24,16:00,198.97,96.1,257.14,35.19,141.32
2023-01-24,17:00,232.95,101.38,434.14,23.1,257.47
2023-01-24,18:00,359.55,169.39,442.69,36.15,267.06
2023-01-24,19:00,285.33,215.8,439.36,23.66,288.49
2023-01-24,20:00,357.41,226.25,488.02,34.63,279.81
2023-01-24,21:00,425.43,184.41,443.05,31.08,294.04
2023-01-24,22:00,379.7,191.74,459.69,27.31,320.57
2023-01-24,23:00,417.41,162.21,344.66,30.07,273.03
2023-01-24,00:00,375.01,144.9,433.46,29.32,230.86
2023-01-25,01:00,381.89,156.78,328.38,29.2,253.84
2023-01-25,02:00,354.88,130.29,350,13.07,233.6
2023-01-25,03:00,293.07,146.4,351.98,14.84,242.16
2023-01-25,04:00,347.6,165.57,391.05,30.28,219.94
2023-01-25,05:00,340.99,124.41,276.15,19.66,182.92
2023-01-25,06:00,257.79,153.32,337.01,23.81,278.58
2023-01-25,07:00,271.17,187.54,327.26,29.28,205.16
2023-01-25,08:00,271.43,134.84,331.35,34.56,240.46
2023-01-25,09:00,283.68,149.22,330.23,33.46,237.32
2023-01-25,10:00,342.9,145.87,475.54,18.49,218.24
2023-01-25,11:00,235.68,141.11,369.26,19.29,224.27
2023-01-25,12:00,332.79,141.36,265.74,5.9,195.19
2023-01-25,13:00,234.74,86.64,362.33,12.92,135.44
2023-01-25,14:00,260.18,66.09,324.1,11.47,158.91
2023-01-25,15:00,200.02,75.43,290.98,22.72,138.9
2023-01-25,16:00,201.48,89.33,215.26,29.8,152.33
2023-01-25,17:00,216.85,86.67,246.12,37.3,179.96
2023-01-25,18:00,231.45,89.72,402.87,34.93,176.7
2023-01-25,19:00,236.93,163.58,374.21,23.91,190.92
2023-01-25,20:00,366.81,189.92,406.26,37.93,281.61
2023-01-25,21:00,396.18,192.96,424.21,33.28,236.23
2023-01-25,22:00,411.68,175.81,438.76,48.39,246.35
2023-01-25,23:00,282.1,186.64,424.94,42.54,286.37
2023-01-25,00:00,390.7,177.97,420.33,40.22,224.5
2023-01-26,01:00,366.34,144.43,400.24,46.77,222.09
2023-01-26,02:00,262.4,125.31,348.12,44.59,286.14
2023-01-26,03:00,197.97,162.16,400.81,35.33,205.78
2023-01-26,04:00,305.26,171.07,257.96,36.4,175.57
2023-01-26,05:00,278.79,170.02,285.18,31.26,197.74
2023-01-26,06:00,243.24,168.55,281.72,33.25,223.27
2023-01-26,07:00,312.45,122.67,423.3,46.28,255.2
2023-01-26,08:00,318.49,118.64,445.79,44.64,272.89
2023-01-26,09:00,337.24,149.47,409.54,37.74,250.57
2023-01-26,10:00,229.11,137.52,318.23,48.94,214.02
2023-01-26,11:00,280.8,118.61,365.89,47.39,209.21
2023-01-26,12:00,327.41,132.49,351.28,34.24,197.25
2023-01-26,13:00,214.2,119.79,257.96,36.59,193.85
2023-01-26,14:00,268.94,86.28,328.19,28.87,163.25
2023-01-26,15:00,190.74,63.71,360.32,25.34,251.57
2023-01-26,16:00,213.19,90.57,231.27,29.58,199.76
2023-01-26,17:00,220.14,81.04,331.57,33.14,226.43
2023-01-26,18:00,315.96,143.63,284.53,34.93,199.96
2023-01-26,19:00,313.9,136.5,429.71,44.72,238.48
2023-01-26,20:00,379.59,182.31,446.86,43.82,282.42
2023-01-26,21:00,330.09,157.75,440,40.7,244.73
2023-01-26,22:00,364.87,173.23,442.55,42.11,243.61
2023-01-26,23:00,251.12,172.52,344.15,38.96,256
2023-01-26,00:00,340.43,153.88,413.08,43.02,274.13
2023-01-27,01:00,331,127.69,395.82,26.59,238.88
2023-01-27,02:00,283.02,146.07,324.28,32.07,227.96
2023-01-27,03:00,284.74,89.71,379.91,35.5,182.08
2023-01-27,04:00,308.33,91.16,242.4,32.42,183.06
2023-01-27,05:00,201.94,150.75,327.85,37.43,209.31
2023-01-27,06:00,206.16,149.7,228.75,37.95,186.2
2023-01-27,07:00,256,126.54,257.94,27.34,173.02
2023-01-27,08:00,336.54,114.57,432.79,29.92,258.66
2023-01-27,09:00,268.75,146.74,417.39,40.3,211.9
2023-01-27,10:00,234.17,109.68,318.39,36.47,179.59
2023-01-27,11:00,311.43,91.51,290.26,23.52,147.02
2023-01-27,12:00,170.17,80.21,304.11,33.04,123.76
2023-01-27,13:00,255.85,118.18,281.44,32.09,168.99
2023-01-27,14:00,159.49,121.18,322.02,39.42,185.47
2023-01-27,15:00,177.3,120.46,254.28,29.71,104.78
2023-01-27,16:00,177.25,116.57,241.04,15.78,195.94
2023-01-27,17:00,177.46,78.86,219.05,23.3,188.75
2023-01-27,18:00,210.17,142.89,375.56,33.21,244.38
2023-01-27,19:00,332,173.55,311.06,28.7,293.51
2023-01-27,20:00,383.83,138.95,383.93,44.29,317.4
2023-01-27,21:00,289.8,147.64,300.46,36.45,315.93
2023-01-27,22:00,409.21,176.22,457.74,43.84,312.51
2023-01-27,23:00,400.02,194.64,289.3,45.95,247.12
2023-01-27,00:00,382.41,142.9,421.21,37.45,231.44
2023-01-28,01:00,304.08,109.08,433.34,38.59,196.83
2023-01-28,02:00,266.01,169.24,397.75,40.82,223.93
2023-01-28,03:00,224.3,133.67,326.27,34.75,198.77
2023-01-28,04:00,258.82,118.4,279.9,29.23,271.65
2023-01-28,05:00,259.18,117.23,341.52,42.65,276.95
2023-01-28,06:00,232.16,133.78,221.91,38.93,257.31
2023-01-28,07:00,194.96,146.37,241.42,29.1,190.9
2023-01-28,08:00,247.22,112.37,248.46,39.5,206.46
2023-01-28,09:00,307.7,148.26,397.13,28.24,263.72
2023-01-28,10:00,286.24,147.15,401.95,20.46,182.17
2023-01-28,11:00,275.03,129.68,232.36,27.9,136.46
2023-01-28,12:00,214.14,135.65,357.75,23.53,117.64
2023-01-28,13:00,246.82,116.91,242.07,23.14,195.46
2023-01-28,14:00,239.92,52.28,247.34,12.19,154.61
2023-01-28,15:00,212.75,111.39,153.95,28.58,114.33
2023-01-28,16:00,232.02,118.54,219.25,13.72,126.97
2023-01-28,17:00,258.49,77.19,336.66,22.29,194.02
2023-01-28,18:00,210.53,101.65,350.52,38.62,214.11
2023-01-28,19:00,233.66,174.45,319.62,29.53,269.97
2023-01-28,20:00,298.33,118.56,281.58,30.81,234.27
2023-01-28,21:00,337.53,138.97,350.66,39.31,251.13
2023-01-28,22:00,299.74,178.98,394.11,42.48,226.93
2023-01-28,23:00,355.19,171.64,380.11,40.58,260.8
2023-01-28,00:00,248.89,171.63,404.3,37.43,199.24
2023-01-29,01:00,205.13,148.57,266.8,28.53,221.73
2023-01-29,02:00,210.77,132.11,308.09,31.69,160.83
2023-01-29,03:00,269.46,139.39,296.31,35.42,217.34
2023-01-29,04:00,234.4,128.17,302.12,31.84,179.19
2023-01-29,05:00,196.14,156.17,365.01,29.45,233.55
2023-01-29,06:00,240.2,95.3,213.21,22.73,223.11
2023-01-29,07:00,226.05,157.91,317.3,27.51,183.57
2023-01-29,08:00,253.15,100.3,318.48,30.8,265.34
2023-01-29,09:00,238.5,93.85,207.32,36.67,266.44
2023-01-29,10:00,253.07,129.58,350.01,25.5,146.57
2023-01-29,11:00,246.08,83.71,270,24.45,142.14
2023-01-29,12:00,200.08,91.44,206.66,13.95,184.64
2023-01-29,13:00,252.01,51.37,279.8,26.13,102.04
2023-01-29,14:00,158.04,93.51,213.74,19.55,176.92
2023-01-29,15:00,117.62,58.31,135.91,14.1,108.75
2023-01-29,16:00,235.75,71.58,249.89,26.47,91.16
2023-01-29,17:00,250.02,72.65,150.97,11.91,167.68
2023-01-29,18:00,171.45,86.67,322.28,28.71,136.92
2023-01-29,19:00,292.46,143.28,315.21,25.52,159.27
2023-01-29,20:00,260.33,159.14,303.11,32.77,242.25
2023-01-29,21:00,262.58,142.43,415.06,35.53,186.09
2023-01-29,22:00,331.65,131.34,382.4,33.73,205.62
2023-01-29,23:00,295.25,156.84,236.07,40.05,159.51
2023-01-29,00:00,270.28,159.8,360.17,35.03,164.32
2023-01-30,01:00,196.37,153.06,307.28,43.23,151.72
2023-01-30,02:00,186.63,146.06,237.46,26.14,244.03
2023-01-30,03:00,204.11,102.09,217.74,32.31,214.05
2023-01-30,04:00,171.68,147.69,223.58,27.14,161.68
2023-01-30,05:00,159.15,80.16,310.51,25.29,151.5
2023-01-30,06:00,296.9,79.73,283.14,32.57,220.2
2023-01-30,07:00,280.36,105.41,224.56,33.23,254.76
2023-01-30,08:00,193.5,143.91,269.34,41.55,240.11
2023-01-30,09:00,277.72,134.37,330.6,35.97,268.02
2023-01-30,10:00,291.25,73.93,293.44,38.32,205.85
2023-01-30,11:00,211,76.17,242.05,18.85,171.33
2023-01-30,12:00,253.32,95.27,271.7,17.1,102.22
2023-01-30,13:00,172.16,71.21,230.16,13.12,182.94
2023-01-30,14:00,117.13,71.41,151.18,10.14,144.78
2023-01-30,15:00,124.6,97.15,176.99,10.91,155.41
2023-01-30,16:00,148.51,48.06,246.99,17.1,110.63
2023-01-30,17:00,201.65,58.64,269.47,22.22,105.12
2023-01-30,18:00,211.63,123.73,318.16,22.19,147.3
2023-01-30,19:00,279.92,108.55,266.71,35.86,207.61
2023-01-30,20:00,225.58,129.57,346.59,39.78,263.75
2023-01-30,21:00,269.05,161.62,251.26,29.72,237.04
2023-01-30,22:00,301.92,118.62,339.48,38.54,169.27
2023-01-30,23:00,328.58,124.25,313.17,33.21,182.33
2023-01-30,00:00,318.79,118.38,243.8,35.43,183.17
2023-01-31,01:00,203.13,163.13,176.32,35.82,149.23
2023-01-31,02:00,247.47,157.7,219.36,36.45,177.32
2023-01-31,03:00,210.35,107.47,224.73,39.76,220.19
2023-01-31,04:00,191.35,127.5,333.68,29.53,194.71
2023-01-31,05:00,213.43,119.78,186.89,24.3,203.25
2023-01-31,06:00,236.21,120.75,183.55,38.99,208.7
2023-01-31,07:00,285.81,131.53,336.06,37.67,146.43
2023-01-31,08:00,269.45,164.4,281.22,36.76,181.9
2023-01-31,09:00,202,147.51,260.63,31.11,255.73
2023-01-31,10:00,154.55,104.77,288.37,30.28,187.4
2023-01-31,11:00,167.51,110.15,188.79,19.72,187.83
2023-01-31,12:00,129.56,73.64,179.83,20.23,140.93
2023-01-31,13:00,167.56,52.72,208.47,13.53,142.96
2023-01-31,14:00,178.11,105.95,183.14,7.68,151.28
2023-01-31,15:00,113.9,34.65,272.28,23.77,125.63
2023-01-31,16:00,164.67,67.08,143.82,13.25,150.88
2023-01-31,17:00,100.45,113.09,169.93,22.49,156.12
2023-01-31,18:00,133.52,75.18,211.22,24.97,101.44
2023-01-31,19:00,188.05,153.76,174.7,18.7,180.61
2023-01-31,20:00,297.19,106.71,325.08,31.18,204.86
2023-01-31,21:00,272.12,109.38,316.69,36.54,172.54
2023-01-31,22:00,265.71,148.91,211.79,27.65,236.87
2023-01-31,23:00,214.44,113.47,240.31,34.37,167.85
2023-01-31,00:00,180.33,134.49,167.43,32.09,216.62
2023-02-01,01:00,188.27,139.82,273.87,29.31,171.71
2023-02-01,02:00,254.43,83.86,166.45,35.29,168.22
2023-02-01,03:00,166.36,144.3,258.01,22.54,103.79
2023-02-01,04:00,260.46,106.97,275.45,31.5,152.36
2023-02-01,05:00,249.84,93.45,299.55,18.65,158.36
2023-02-01,06:00,173.56,103.35,289.92,19.01,200.95
2023-02-01,07:00,276.74,75.95,248.16,25.79,201.25
2023-02-01,08:00,234.49,109.35,278.25,29.38,245.25
2023-02-01,09:00,290.01,103.83,327.94,26.71,138.92
2023-02-01,10:00,289.12,124.16,287.61,22.78,186.01
2023-02-01,11:00,253,116.37,254.73,23.58,190.33
2023-02-01,12:00,191.16,54.97,242.36,16.83,107.84
2023-02-01,13:00,172.97,41.4,251.79,8.85,136.22
2023-02-01,14:00,200.89,93.06,267.92,12.35,70.08
2023-02-01,15:00,134.87,28.87,192.31,8.87,83.31
2023-02-01,16:00,158.17,67.52,112.08,13.12,104.08
2023-02-01,17:00,192.08,74.37,255.62,27.72,134.13
2023-02-01,18:00,258.05,108.06,154,18.9,205.89
2023-02-01,19:00,304.28,142.11,286.84,21.45,208.21
2023-02-01,20:00,190.1,141.59,330.22,37.61,168.22
2023-02-01,21:00,316.17,150.85,229.8,37.31,232.06
2023-02-01,22:00,353.68,130.79,291.89,41.89,172.06
2023-02-01,23:00,311.76,142.97,268.57,30.88,241.82
2023-02-01,00:00,309.55,136.48,381.33,29.68,184.21
2023-02-02,01:00,265.61,115.61,359.58,25.5,210.57
2023-02-02,02:00,240.9,124.92,226.84,37.38,149.52
2023-02-02,03:00,243.45,129.94,330.37,30.32,208.06
2023-02-02,04:00,172.34,84.56,275.19,20.59,133.24
2023-02-02,05:00,275.57,68.31,177.84,25.67,225.24
2023-02-02,06:00,231.06,121.44,291.57,36.31,132.18
2023-02-02,07:00,285.02,104.13,347.33,35.78,207.6
2023-02-02,08:00,280.17,109.79,315.48,32.69,188.6
2023-02-02,09:00,308,127.94,341.28,32.4,197.41
2023-02-02,10:00,208.76,77.17,212.67,34.99,185.33
2023-02-02,11:00,264.81,62.5,175.58,27.9,160.47
2023-02-02,12:00,256.35,81.74,284.46,10.42,159.07
2023-02-02,13:00,239.37,95.56,175.21,19.08,105.68
2023-02-02,14:00,131.21,70.1,120.77,22.86,69.08
2023-02-02,15:00,154.23,52.85,149.63,10.52,167.78
2023-02-02,16:00,240.51,69.1,156.79,22.51,150.02
2023-02-02,17:00,236.21,41.86,218.92,27.92,146.39
2023-02-02,18:00,179.52,96.36,213.61,24.41,146.93
2023-02-02,19:00,309.64,132.34,250.62,33.66,217.41
2023-02-02,20:00,203.46,153.25,335.05,37.07,193.99
2023-02-02,21:00,300.78,148.32,351.24,26.94,261.08
2023-02-02,22:00,336.2,150.31,317.82,39.82,161.59
2023-02-02,23:00,308.41,140.61,268.9,32.04,215.76
2023-02-02,00:00,328.22,146.3,310.23,27.5,228.34
2023-02-03,01:00,209.4,86.37,212.32,25.24,200.29
2023-02-03,02:00,191.28,135.7,231.14,28.21,231.17
2023-02-03,03:00,239.84,98.32,189.23,30.52,171.32
2023-02-03,04:00,243.65,119.32,274.14,32.19,215.86
2023-02-03,05:00,183.26,99.28,244.32,20.13,208.07
2023-02-03,06:00,158.33,131.88,188.84,23.12,198.74
2023-02-03,07:00,183.89,124.12,335.21,30.68,130.28
2023-02-03,08:00,286.04,99.03,210.28,28.5,216.33
2023-02-03,09:00,254.69,80.24,203.22,29.59,218.91
2023-02-03,10:00,291.32,70.65,277.72,35.75,137.54
2023-02-03,11:00,241.01,110.33,317.49,19.09,183.26
2023-02-03,12:00,221.29,59.36,302.73,18.3,174.91
2023-02-03,13:00,209.09,89.61,234.36,26.81,105.05
2023-02-03,14:00,175.44,46.94,207.92,7.46,132.6
2023-02-03,15:00,158.61,54.3,236,11.59,97.01
2023-02-03,16:00,161.4,75.17,212.75,11.83,92.35
2023-02-03,17:00,235.44,107.56,248.72,26.91,107.93
2023-02-03,18:00,195.59,95.13,258.72,26.39,150.4
2023-02-03,19:00,293.47,119.77,245.68,25.53,199.43
2023-02-03,20:00,227.64,119.56,327.06,30.62,245.04
2023-02-03,21:00,199.51,115.65,325.34,37.57,220.47
2023-02-03,22:00,334.41,95.2,389.92,31.88,193.85
2023-02-03,23:00,255.52,107.13,345.72,37.21,175.01
2023-02-03,00:00,241.2,125.04,229.03,40.52,202.78
2023-02-04,01:00,160.63,93.17,187.8,29.51,138.31
2023-02-04,02:00,248.04,120.55,242.66,23.86,196.47
2023-02-04,03:00,243.13,138,307.76,37.22,146.32
2023-02-04,04:00,240.17,123.89,166.36,21.51,187.06
2023-02-04,05:00,194.34,78.99,194.52,25.24,167.41
2023-02-04,06:00,229.56,90.5,184.04,24.2,197.28
2023-02-04,07:00,145.03,99.37,321.33,21.43,173.65
2023-02-04,08:00,167.37,136.88,178.56,33.88,203.14
2023-02-04,09:00,244.29,138.84,228.53,28.21,192.65
2023-02-04,10:00,145.31,104.74,282.03,29.67,213.86
2023-02-04,11:00,246.46,90.1,203.74,14.78,119.26
2023-02-04,12:00,183.34,61.8,295.19,16.44,101.68
2023-02-04,13:00,179.97,76.51,252.99,19.53,116.27
2023-02-04,14:00,172.63,52.26,259.34,22.44,77.85
2023-02-04,15:00,176.82,90.27,143.08,6.37,118.27
2023-02-04,16:00,124.95,97.41,194.67,15.68,76.59
2023-02-04,17:00,203.98,98.03,202.91,11.32,143.67
2023-02-04,18:00,112.84,53.03,132.09,27.04,153
2023-02-04,19:00,199.88,152.55,308.38,27.13,161.21
2023-02-04,20:00,213.61,103.64,251.88,22.31,198.02
2023-02-04,21:00,314.01,129.68,352.07,25.31,190.52
2023-02-04,22:00,234.98,89.35,368.7,37.57,234.66
2023-02-04,23:00,267.87,132.86,340.31,27.22,199.28
2023-02-04,00:00,300.4,119.89,329.08,37.42,155.3
2023-02-05,01:00,253.74,99.69,321.36,32.24,180.83
2023-02-05,02:00,162.94,121.12,226.78,26.51,154.12
2023-02-05,03:00,196.17,77.3,235.52,36.81,222.22
2023-02-05,04:00,135.22,125.29,261.1,27.94,143.9
2023-02-05,05:00,258.81,69.28,294.45,32.6,211.76
2023-02-05,06:00,237.87,77.09,158.57,38.22,170.19
2023-02-05,07:00,131.84,72.74,223.33,38.22,123.36
2023-02-05,08:00,197.52,86.04,242.61,26.31,155.72
2023-02-05,09:00,239.17,111.22,216.16,35.16,144
2023-02-05,10:00,151.44,85.26,246.59,31.41,177.09
2023-02-05,11:00,255.51,107.05,149.53,13.55,123.32
2023-02-05,12:00,146.8,79.77,211.7,11.5,96.01
2023-02-05,13:00,108.69,83.25,271.86,13.07,144.42
2023-02-05,14:00,216.29,51.16,175.13,11.22,75.61
2023-02-05,15:00,165.86,101.54,210.29,14.28,98.98
2023-02-05,16:00,105.54,48.3,167.68,16.03,87.89
2023-02-05,17:00,116.1,70.76,208.85,13.3,128.2
2023-02-05,18:00,229.9,103.48,263.78,18.8,92.73
2023-02-05,19:00,140,134.25,304.15,23.03,177.05
2023-02-05,20:00,220.41,110.36,211.61,31.45,170.46
2023-02-05,21:00,261.43,109.22,201.76,32.71,153.86
2023-02-05,22:00,232.05,152.59,353.44,35.75,204.89
2023-02-05,23:00,193.21,106.82,200.07,29.42,208.03
2023-02-05,00:00,253.06,89.58,194.37,41.3,218.41
2023-02-06,01:00,271.72,83.37,253.98,25.13,139.98
2023-02-06,02:00,163.77,83.82,149.95,39.47,180.04
2023-02-06,03:00,230.71,86.29,174.39,33.93,145.21
2023-02-06,04:00,246.7,136.42,287.37,22.55,182.28
2023-02-06,05:00,214.41,115.85,149.14,23.88,180.81
2023-02-06,06:00,157.36,103.83,250.78,23.13,120.41
2023-02-06,07:00,223.09,122.88,223.58,28.98,188.33
2023-02-06,08:00,279.45,151.68,228.76,50.22,159.4
2023-02-06,09:00,218.11,79.79,213.63,47.45,227.98
2023-02-06,10:00,245.74,89.71,232.28,36.29,169.74
2023-02-06,11:00,172.35,65.24,145.95,20.16,140.03
2023-02-06,12:00,184.02,104.31,183.12,19.18,119.78
2023-02-06,13:00,202.48,31.28,97.59,14.52,151.62
2023-02-06,14:00,103,85.94,116.46,16.26,102.4
2023-02-06,15:00,62.68,58.68,145.38,15.62,111.62
2023-02-06,16:00,179.89,66.94,119.81,12.41,83.71
2023-02-06,17:00,93.87,59.92,133.67,21.27,149.83
2023-02-06,18:00,194.07,88.89,235.85,23.36,198.68
2023-02-06,19:00,226.36,113.99,171.54,37.75,160.64
2023-02-06,20:00,273.48,139.81,333.35,39.63,201.96
2023-02-06,21:00,295.32,117.4,244.92,33.15,167.98
2023-02-06,22:00,283.7,91.44,363.73,36.32,186.58
2023-02-06,23:00,185.05,84.27,316.63,40.76,185.58
2023-02-06,00:00,209.11,77.89,174.01,31.15,139.74
2023-02-07,01:00,222.28,102.06,264.71,33.93,201.2
2023-02-07,02:00,142.49,91.79,245.76,35.08,185.71
2023-02-07,03:00,131.5,73.83,219.67,31.1,203.49
2023-02-07,04:00,108.3,68.98,207.33,26.89,117.57
2023-02-07,05:00,163.4,83.02,214.98,25.77,187.28
2023-02-07,06:00,129.06,72.13,239.49,38.22,113.63
2023-02-07,07:00,222.54,124.47,176.94,30.05,227.72
2023-02-07,08:00,211.75,126.59,286.92,34.9,233.92
2023-02-07,09:00,161.6,88.37,300.08,31.09,231.68
2023-02-07,10:00,208.49,87.3,259.34,28.31,174.69
2023-02-07,11:00,126.55,66.78,155.84,17.16,159.14
2023-02-07,12:00,129.17,80.94,121.25,22.93,168.33
2023-02-07,13:00,90.45,80.2,195.33,20.21,73.31
2023-02-07,14:00,85.01,53,229.31,22.66,91.65
2023-02-07,15:00,108.99,27.21,217.25,19.36,138.01
2023-02-07,16:00,142.98,28.06,105.45,7.77,44.96
2023-02-07,17:00,115.37,60.95,206.77,21.43,69.77
2023-02-07,18:00,117.75,83.16,256.66,17.7,166.9
2023-02-07,19:00,208.17,86.72,275.22,32.91,180.89
2023-02-07,20:00,267.56,128.62,282.44,21.14,159.05
2023-02-07,21:00,201.61,127.85,259.94,26.99,215.46
2023-02-07,22:00,292.23,93.29,271.31,37.59,155.87
2023-02-07,23:00,210.58,143.02,199.78,31.89,166.65
2023-02-07,00:00,180.23,101.2,273.21,26.14,224.6
2023-02-08,01:00,201.3,86.4,256.56,28.88,212.59
2023-02-08,02:00,181.56,75.33,266.87,23.86,152.48
2023-02-08,03:00,240.99,59.47,172.63,32.05,151.12
2023-02-08,04:00,149.42,100.68,115.52,29.45,168.97
2023-02-08,05:00,136.93,93.83,209.05,36.07,138.11
2023-02-08,06:00,151.24,92.8,198.73,29.47,214.94
2023-02-08,07:00,213.25,126.94,282.29,24.18,176.79
2023-02-08,08:00,215.96,106.02,304.15,39.78,212.44
2023-02-08,09:00,207.05,99.28,280.63,45.78,185.72
2023-02-08,10:00,248.04,96.7,208.78,39.35,109.34
2023-02-08,11:00,130.83,80.35,136.25,17.7,82.19
2023-02-08,12:00,221.46,56.03,204.13,28.48,122.83
2023-02-08,13:00,189.22,89.13,245.32,18.13,143.12
2023-02-08,14:00,144.66,39.2,105.56,14.78,103.68
2023-02-08,15:00,159.04,54.73,208.82,21.28,91.86
2023-02-08,16:00,166.67,37.23,174.54,12.93,126.03
2023-02-08,17:00,66.63,91.58,198.95,11.58,151.58
2023-02-08,18:00,115.91,76.85,138.71,23.58,105.18
2023-02-08,19:00,246.56,62.24,211.3,21.97,102.27
2023-02-08,20:00,207.33,83.55,245.28,27.97,230.81
2023-02-08,21:00,241.48,108.84,282.38,34.53,227.32
2023-02-08,22:00,165.64,99.24,257.55,31.25,152.56
2023-02-08,23:00,224.06,104.72,191.27,27.1,164.79
2023-02-08,00:00,278.07,134.73,263.12,30.63,214.05
2023-02-09,01:00,205.12,127.67,217.07,30.74,118.56
2023-02-09,02:00,265.06,58.07,214.89,32.13,144.86
2023-02-09,03:00,146.42,126.91,254.08,25.72,195.79
2023-02-09,04:00,180.2,110.99,269.27,24.99,131.15
2023-02-09,05:00,221.99,65.77,219.31,28.05,128.58
2023-02-09,06:00,170.93,103.25,169.04,38.95,145.73
2023-02-09,07:00,152.6,68.99,164.12,31.77,140.25
2023-02-09,08:00,162.19,83.9,248.9,45.88,240.25
2023-02-09,09:00,287.77,127.16,242.6,43.72,196.93
2023-02-09,10:00,198.91,86.83,262.71,26.81,176.86
2023-02-09,11:00,230.6,104.41,163.35,30.67,104.94
2023-02-09,12:00,90.91,59.79,244.17,24.38,90.68
2023-02-09,13:00,137.5,29.52,93.72,13.56,156.87
2023-02-09,14:00,119.71,44.45,192.55,17,72.24
2023-02-09,15:00,53.64,90.77,182.33,29.7,99.19
2023-02-09,16:00,72.7,74.73,228.83,30.75,109.06
2023-02-09,17:00,129.98,62.44,99.75,20.37,135.37
2023-02-09,18:00,171.12,113.09,195.98,29.2,93.19
2023-02-09,19:00,238.88,141.99,222.76,19.41,194.24
2023-02-09,20:00,151.41,128.16,174.66,38.49,188.12
2023-02-09,21:00,144.1,122.34,241.26,34.54,178.84
2023-02-09,22:00,228.77,138.15,170.22,38.27,232.14
2023-02-09,23:00,210.74,88.73,182.31,24.88,128.76
2023-02-09,00:00,273.86,80.2,262.72,39.1,214.7
2023-02-10,01:00,216.88,95.14,219.83,26.05,175.95
2023-02-10,02:00,225.84,82.05,288.14,28.51,200.57
2023-02-10,03:00,170.24,94.01,157.07,26.18,79.73
2023-02-10,04:00,188.16,54.32,204.29,33.68,98.29
2023-02-10,05:00,139.8,109.08,250.07,16.3,92.07
2023-02-10,06:00,204.38,61.26,204.81,23.21,146.15
2023-02-10,07:00,185.79,70.7,248.87,25.75,117.11
2023-02-10,08:00,159.71,128.51,295.09,26.08,151.9
2023-02-10,09:00,159.15,123.18,268.14,40.24,174.08
2023-02-10,10:00,134.69,75.66,250.14,24.69,152.32
2023-02-10,11:00,212.6,88.53,279.79,16.6,199.76
2023-02-10,12:00,168.58,61.91,220.6,11.24,123.28
2023-02-10,13:00,217.1,33.5,173.16,19.22,152.34
2023-02-10,14:00,146.37,102.04,161.48,19.74,75.15
2023-02-10,15:00,158.08,46,202.62,19.38,117.92
2023-02-10,16:00,119.21,60.21,82.31,24.8,107.95
2023-02-10,17:00,92.52,60.82,224.24,16.72,166.59
2023-02-10,18:00,102.76,114.58,96.62,24.43,99.79
2023-02-10,19:00,139.61,99.28,235.75,30.42,218.88
2023-02-10,20:00,154.03,75.47,296.72,32.89,170.64
2023-02-10,21:00,235.32,82.61,323.62,33.22,232.24
2023-02-10,22:00,150.84,135.01,316.77,23.89,144.16
2023-02-10,23:00,185.69,120.62,182.67,29.01,215.73
2023-02-10,00:00,235.08,83.53,161.95,35.04,137.75
2023-02-11,01:00,245.65,86.95,146.59,24.33,192.19
2023-02-11,02:00,116.73,115.22,246.47,38.12,212.37
2023-02-11,03:00,247.21,103.89,187.66,30.46,121.06
2023-02-11,04:00,232.37,127.22,207.45,18.04,169.05
2023-02-11,05:00,183.06,61.11,153.87,20.23,162.31
2023-02-11,06:00,195.25,101.25,249.95,23.62,186.54
2023-02-11,07:00,156.48,124.37,228.19,17.85,133.47
2023-02-11,08:00,139.04,129.66,244.58,24.61,151.12
2023-02-11,09:00,258.68,85.09,258.58,29.84,202.52
2023-02-11,10:00,140.46,122.16,199.11,22.69,190.8
2023-02-11,11:00,125.56,112.06,230.06,18.87,150.99
2023-02-11,12:00,213.92,116.96,261.43,19.85,117.06
2023-02-11,13:00,189.52,65.02,174.57,22.32,120.44
2023-02-11,14:00,92.21,51.76,220.86,13.87,163.3
2023-02-11,15:00,121.4,34.8,220.2,16.6,97.42
2023-02-11,16:00,152.28,40.56,59.51,26.2,79.7
2023-02-11,17:00,136.68,39.44,151.8,13.57,117.57
2023-02-11,18:00,149.58,45.63,207.57,16.97,95.76
2023-02-11,19:00,178.21,91.25,235.73,21.39,129.75
2023-02-11,20:00,164.71,136.18,194.17,20.32,196.34
2023-02-11,21:00,199.68,145.71,162.49,28.63,224.3
2023-02-11,22:00,188.02,88.64,191.14,22.74,218.01
2023-02-11,23:00,200.38,130.86,311.4,22.04,231.02
2023-02-11,00:00,256.3,111.28,203.08,24.62,164.08
2023-02-12,01:00,206.2,103.6,127.07,26.14,134.95
2023-02-12,02:00,248.16,92.41,171.44,37.29,214.07
2023-02-12,03:00,229.2,105.08,118.29,30.54,195.03
2023-02-12,04:00,192.38,121.66,141.71,24.55,123.59
2023-02-12,05:00,227.84,128.19,177.2,25.46,196.96
2023-02-12,06:00,190.83,69.21,270.05,18.24,183.38
2023-02-12,07:00,245.63,73.83,231.28,27.44,195.19
2023-02-12,08:00,196.14,66.6,146.41,31.49,104.3
2023-02-12,09:00,181.64,96.78,292.82,19.18,179.71
2023-02-12,10:00,167.2,77.98,290.41,34.87,147.23
2023-02-12,11:00,172.91,113.05,145.32,14.99,172.26
2023-02-12,12:00,225.82,80.33,123.34,15.69,105.58
2023-02-12,13:00,92.09,82.78,92.66,17.14,118.49
2023-02-12,14:00,207.95,78.58,231.38,21.92,167.55
2023-02-12,15:00,108.76,70.59,159.31,25.83,100.5
2023-02-12,16:00,186.46,67.14,172.38,26.43,193.19
2023-02-12,17:00,194.73,95.39,203.97,21.13,149.57
2023-02-12,18:00,187.23,80.32,185.37,21.04,170.98
2023-02-12,19:00,155.26,100.64,245.61,31.76,220.54
2023-02-12,20:00,235.21,122.25,242.17,25.32,163.35
2023-02-12,21:00,228.33,93.27,253,22.1,172.12
2023-02-12,22:00,204.69,108.81,290.45,21.63,181.36
2023-02-12,23:00,188.27,117.51,189.23,21.88,226.74
2023-02-12,00:00,197.53,110.46,215.77,37.45,185.66
2023-02-13,01:00,138.22,98.87,228.67,24.61,150.44
2023-02-13,02:00,206.34,102.68,187.05,20.04,88.91
2023-02-13,03:00,138.11,85.38,237.6,15.64,140.58
2023-02-13,04:00,198.87,70.43,196.18,15.73,83.78
2023-02-13,05:00,91.85,96.5,129.21,20.36,130.79
2023-02-13,06:00,108.2,84.19,138.36,19.51,152.54
2023-02-13,07:00,206.87,98.89,281.76,24.38,133.23
2023-02-13,08:00,197.53,111.91,182.18,43.01,168.32
2023-02-13,09:00,181.97,112.01,261.52,34.57,122.98
2023-02-13,10:00,138.86,100.01,204.81,27.02,119.59
2023-02-13,11:00,205.01,73.41,203.53,14.95,174.9
2023-02-13,12:00,145.73,79.02,137.71,13.2,182.81
2023-02-13,13:00,154.69,72.76,147.19,22.93,105.88
2023-02-13,14:00,169.24,84.72,254.5,7.24,149.92
2023-02-13,15:00,86.12,48.24,187.73,23.26,126.21
2023-02-13,16:00,148.65,90.49,164.41,16.56,161.52
2023-02-13,17:00,76.27,79.03,228.59,8.26,148.97
2023-02-13,18:00,109.52,120.3,259.26,16.66,106.72
2023-02-13,19:00,237.94,104.18,159.51,20.33,203.88
2023-02-13,20:00,262.9,101.74,182.5,29.76,141.96
2023-02-13,21:00,240.13,123.31,178.95,32.51,137.89
2023-02-13,22:00,202.49,113.33,219.98,25.53,212.88
2023-02-13,23:00,137.52,126.42,301.27,30.02,180.52
2023-02-13,00:00,254.36,136.33,192.14,35.48,205.51
2023-02-14,01:00,115.67,79.84,220.6,39.23,180.91
2023-02-14,02:00,152.19,81.65,230.03,33.28,144.37
2023-02-14,03:00,146.98,53.67,240.44,26.79,156.5
2023-02-14,04:00,92.17,49.04,133.6,30.02,121.32
2023-02-14,05:00,213.77,86.53,142.78,27.4,103.21
2023-02-14,06:00,224.1,108.57,295.77,27.23,186.59
2023-02-14,07:00,155.74,89.67,301.89,31.18,170.99
2023-02-14,08:00,211.88,120.9,263.93,34.79,234.59
2023-02-14,09:00,267.19,119.94,275.9,44.19,169.18
2023-02-14,10:00,183.75,44.2,177.38,31.1,107.24
2023-02-14,11:00,193.72,73,233.13,16.48,110.45
2023-02-14,12:00,211.13,61.01,161.55,23.87,146.09
2023-02-14,13:00,130.87,57.31,260.71,25.49,103.82
2023-02-14,14:00,94.53,31.35,100.52,15,130.77
2023-02-14,15:00,156.49,80.79,216.43,19.79,71.14
2023-02-14,16:00,180.11,21.95,120.88,12.69,79.21
2023-02-14,17:00,188.21,81.31,200.75,12.02,74.18
2023-02-14,18:00,98.21,86.93,248.2,24.18,152.9
2023-02-14,19:00,120.66,109.59,278.61,22.93,151.99
2023-02-14,20:00,221.99,158.25,151.41,23.62,153.39
2023-02-14,21:00,150.62,149.33,328.78,33.84,143.51
2023-02-14,22:00,276.88,122.39,337.29,30.82,149.69
2023-02-14,23:00,204.62,151.37,259.79,30.31,175.9
2023-02-14,00:00,141.06,108.91,163.29,36.56,138.41
2023-02-15,01:00,119.05,77.18,240.3,33.64,220.24
2023-02-15,02:00,133.33,96.9,203.77,32.76,190.59
2023-02-15,03:00,181.95,81.31,235.97,22.35,172.95
2023-02-15,04:00,176.61,92.11,171.33,30.26,95.36
2023-02-15,05:00,115.7,127.32,267.72,20.87,86.09
2023-02-15,06:00,179.53,93.19,229.38,18.41,194.25
2023-02-15,07:00,161.12,106.61,254.64,36.77,170.18
2023-02-15,08:00,173.91,108.11,236.87,29.5,178.1
2023-02-15,09:00,189.3,77.21,273.34,29.51,217.59
2023-02-15,10:00,236.57,111.53,163.13,25.76,167.5
2023-02-15,11:00,187.96,61.63,263.47,18.67,86.93
2023-02-15,12:00,84.72,41.32,238.95,26.37,75.1
2023-02-15,13:00,129.89,82.97,79.35,14.48,77.87
2023-02-15,14:00,164.56,78.77,96.98,27.21,99.89
2023-02-15,15:00,148.19,46.52,202.06,13.33,109.09
2023-02-15,16:00,180.03,49.78,206.5,18.55,112.39
2023-02-15,17:00,110.46,117.75,52.88,13.02,74.24
2023-02-15,18:00,76.67,108.01,95.65,33.46,95.58
2023-02-15,19:00,167.47,140.99,173.3,37.45,157.97
2023-02-15,20:00,149.46,135.41,325.85,25.51,156.04
2023-02-15,21:00,201.85,96.74,171.15,27.77,135.12
2023-02-15,22:00,236.58,156.18,238.9,26.9,199.51
2023-02-15,23:00,215.62,96.92,288.24,30.41,204.51
2023-02-15,00:00,166.64,147.76,216.2,40.3,118.03
2023-02-16,01:00,239.51,138.28,184.13,31.24,125.8
2023-02-16,02:00,151.45,74.23,186.67,20.77,103.76
2023-02-16,03:00,221.04,99.12,140.62,32.54,193.57
2023-02-16,04:00,169.55,119.59,178.94,29.32,97.66
2023-02-16,05:00,234.87,114.86,111.53,21.39,87.25
2023-02-16,06:00,177,73.57,269.59,26.41,118.43
2023-02-16,07:00,216,119.42,156.37,30.71,139.55
2023-02-16,08:00,250.66,80.15,282.25,27.72,166.93
2023-02-16,09:00,188.68,108.75,184.6,29.42,175.59
2023-02-16,10:00,183.05,117.73,159.02,15.62,117.63
2023-02-16,11:00,192.05,105.12,178.25,16.66,193.2
2023-02-16,12:00,193.44,48.8,280.79,19.43,113.89
2023-02-16,13:00,194.16,74.4,170.21,15.02,105.56
2023-02-16,14:00,106.94,85.92,118.35,21.43,137.4
2023-02-16,15:00,117.44,53,151.93,18.03,161.84
2023-02-16,16:00,107.95,77.47,117.75,13.35,115.18
2023-02-16,17:00,186.88,33.54,118.44,14.17,95.75
2023-02-16,18:00,98.27,58.55,116.78,11.68,113.65
2023-02-16,19:00,193.23,97.57,245.42,17.77,215.44
2023-02-16,20:00,233.47,119.64,337.41,21.21,160.8
2023-02-16,21:00,183.81,139.14,346.54,34.31,140.21
2023-02-16,22:00,234.13,123.36,316.29,38.46,198.86
2023-02-16,23:00,257.93,95.11,252.65,29.92,150.88
2023-02-16,00:00,166.21,97.88,222.37,24.84,215.28
2023-02-17,01:00,168.09,120.96,207.78,37.6,224.08
2023-02-17,02:00,126.14,131.54,208.32,25.78,137.8
2023-02-17,03:00,194.13,57.22,193.51,23.5,171.1
2023-02-17,04:00,217.66,55.03,135.54,33.2,139.49
2023-02-17,05:00,126.81,98.19,268.51,26.97,100.04
2023-02-17,06:00,131.87,51.89,147.15,31.19,186
2023-02-17,07:00,134.69,114.44,248.37,26.61,129.11
2023-02-17,08:00,224.84,113.16,292.48,39.25,184.05
2023-02-17,09:00,179.42,79.98,177.36,30,171.41
2023-02-17,10:00,149.81,66.89,231.72,25.27,178.72
2023-02-17,11:00,210.24,91.57,245.39,20.13,103.02
2023-02-17,12:00,201.73,80.01,214.82,19.64,56.37
2023-02-17,13:00,172.4,78.96,153.82,23.67,109.23
2023-02-17,14:00,193.73,69.75,82.17,22.23,44
2023-02-17,15:00,81.3,54.77,227.09,10.22,67.68
2023-02-17,16:00,58.64,65.26,164.27,24.59,73.93
2023-02-17,17:00,72.29,45.59,206.46,19.3,148.55
2023-02-17,18:00,157.91,87.93,178.03,31.32,84.13
2023-02-17,19:00,228.43,108.7,248.82,26.83,144.69
2023-02-17,20:00,126.42,101.21,204.4,32.53,151.16
2023-02-17,21:00,176.45,81.69,251.86,31.95,134.43
2023-02-17,22:00,189.92,134.18,188.92,33.78,214.43
2023-02-17,23:00,138.85,133.38,218.5,30.33,208.83
2023-02-17,00:00,212.51,136.21,278.78,24.52,194.2
2023-02-18,01:00,170.01,79.8,265.46,23.64,157.41
2023-02-18,02:00,154.97,93.04,230.14,22.23,146.5
2023-02-18,03:00,200.52,65.14,102.43,31.66,157.11
2023-02-18,04:00,182.6,110.77,242.17,28.53,166.19
2023-02-18,05:00,179.31,56.92,98.29,28.08,134.24
2023-02-18,06:00,188.33,104.17,248.09,16.55,162.09
2023-02-18,07:00,106.44,88.59,137.72,17.3,114.29
2023-02-18,08:00,176.42,95.08,132.44,17.4,181.73
2023-02-18,09:00,224.63,88.93,291.03,31.34,92.58
2023-02-18,10:00,188.4,92.13,173.63,21.52,164.36
2023-02-18,11:00,191.12,113.43,247.24,18.75,153.1
2023-02-18,12:00,166.43,52.01,236.57,23.06,122.34
2023-02-18,13:00,175.83,102.54,94.04,17.11,118.34
2023-02-18,14:00,133.88,63.73,210.59,12.24,83.14
2023-02-18,15:00,114.55,48.98,66.74,24.7,69.54
2023-02-18,16:00,211.45,90.28,215.9,13.82,76.85
2023-02-18,17:00,140.67,109.56,89.17,24.72,66.02
2023-02-18,18:00,208.19,88.28,213.64,24.99,113.09
2023-02-18,19:00,213.9,78.23,239.97,26.44,168.8
2023-02-18,20:00,170.36,71.92,146.23,31.89,104.19
2023-02-18,21:00,226.96,110.84,204.5,25.93,130.25
2023-02-18,22:00,208.24,120.1,222.92,23.95,114.95
2023-02-18,23:00,250.64,135.1,242.1,20.73,174.17
2023-02-18,00:00,108.02,80.96,253.69,25.79,168.63
2023-02-19,01:00,170.39,86.74,243.16,30.48,85.6
2023-02-19,02:00,89.08,62.9,131.76,24.12,79.26
2023-02-19,03:00,105.42,91.39,140.04,28.62,118.84
2023-02-19,04:00,117.15,40.17,254.22,24.79,174.61
2023-02-19,05:00,148.82,57.49,196.76,14.48,110.39
2023-02-19,06:00,149.4,87.95,233.71,28.54,167.59
2023-02-19,07:00,219.89,58.58,266.73,30.8,161.09
2023-02-19,08:00,227.66,36.16,151.11,20.59,82.19
2023-02-19,09:00,154.49,72.34,205.1,25.04,85.88
2023-02-19,10:00,243.53,52.61,167.86,22.86,147.47
2023-02-19,11:00,219.83,42.3,154.35,25.82,157.04
2023-02-19,12:00,119.41,76.3,258.3,22.71,129.95
2023-02-19,13:00,101.33,48.03,230.39,17.42,96.23
2023-02-19,14:00,106.29,65.11,114.98,19.66,105.44
2023-02-19,15:00,140.44,92.75,149.02,13.26,134.04
2023-02-19,16:00,167.25,67.8,239.96,24.06,106.13
2023-02-19,17:00,191.18,97.02,242.28,17.09,159.34
2023-02-19,18:00,166.66,111.09,132.63,20.8,131.57
2023-02-19,19:00,164.59,60.93,170.47,19.59,164.16
2023-02-19,20:00,154.86,78.02,240.83,27.73,193.07
2023-02-19,21:00,176.07,87.92,203.44,29.19,185.99
2023-02-19,22:00,228.75,113.42,242.4,32.48,133.52
2023-02-19,23:00,162.71,103.75,199.96,40.78,133.04
2023-02-19,00:00,145.02,71.9,146.39,30.44,202.84
2023-02-20,01:00,238.56,113.37,214.09,40.85,171.17
2023-02-20,02:00,227.61,101.3,256.43,31.13,142.28
2023-02-20,03:00,161.09,126.87,130.67,32.94,188.66
2023-02-20,04:00,139.81,69.69,223.39,22.62,171.95
2023-02-20,05:00,215.63,86.77,279.68,22.28,145.34
2023-02-20,06:00,107.9,112.86,144.74,28.93,159.49
2023-02-20,07:00,223.03,81.72,252.47,27.69,217.51
2023-02-20,08:00,188.01,76.15,211.95,39.27,183.63
2023-02-20,09:00,220.7,84.99,219.04,29.71,149.58
2023-02-20,10:00,135.95,85.45,251.27,29.6,102.59
2023-02-20,11:00,161.89,89.72,244.43,11.5,134.12
2023-02-20,12:00,161.65,75.14,239.46,23.27,120.54
2023-02-20,13:00,189.05,48.7,151.52,22.44,155.08
2023-02-20,14:00,165.94,74.3,197.75,24.92,69.45
2023-02-20,15:00,71.44,87.83,266.08,13.64,79.77
2023-02-20,16:00,147.97,73.87,240.32,12.1,107.19
2023-02-20,17:00,194.36,47.62,137.63,12.95,75.69
2023-02-20,18:00,176.11,55.36,170.63,14.56,120.31
2023-02-20,19:00,187.41,102.69,240.39,29.8,188.59
2023-02-20,20:00,275.69,141.68,368.23,32.81,232.84
2023-02-20,21:00,227.92,153.39,262.48,33.38,235.1
2023-02-20,22:00,181.29,166.44,366.99,38.95,217.94
2023-02-20,23:00,219.81,165.22,348.9,43.42,154.89
2023-02-20,00:00,285.29,138.58,255.69,38.45,178.5
2023-02-21,01:00,142.15,146.85,294.37,39.15,171.72
2023-02-21,02:00,163.94,86.57,211.29,28.85,119.48
2023-02-21,03:00,160.26,103.68,245.55,25.7,147.41
2023-02-21,04:00,184.66,98.7,148.28,28.3,176.88
2023-02-21,05:00,128.04,114.93,239.34,30.69,212.87
2023-02-21,06:00,194.37,115.33,269.13,24.66,202.68
2023-02-21,07:00,265.11,105.61,308.53,35.94,130.2
2023-02-21,08:00,202.11,115.89,274.19,38.6,199.86
2023-02-21,09:00,212.72,66.35,206.04,39.06,165.1
2023-02-21,10:00,236.65,53.63,222.77,29.56,183.38
2023-02-21,11:00,232.01,52.02,163.05,19.78,141.18
2023-02-21,12:00,225.73,84.66,276.38,15.57,128.82
2023-02-21,13:00,175.41,59.68,234.88,14.04,154.07
2023-02-21,14:00,133.76,44.11,126.89,20.43,69.57
2023-02-21,15:00,123.63,66.21,201.46,16.99,120.82
2023-02-21,16:00,194.62,44.47,160.15,14.36,137.98
2023-02-21,17:00,78.7,68.54,221.96,15.84,94.88
2023-02-21,18:00,153.68,76.85,228.59,25.46,97.5
2023-02-21,19:00,140.28,87.79,194.52,28.11,183.36
2023-02-21,20:00,278.74,101.87,271.66,29.59,157.28
2023-02-21,21:00,256.91,157.65,274.67,23.77,179.55
2023-02-21,22:00,296.75,163.67,356.58,36.49,183.6
2023-02-21,23:00,168.83,119.33,247.59,39.45,144.66
2023-02-21,00:00,212.69,96.91,176.28,40.07,134.61
2023-02-22,01:00,152.2,138.78,187.13,39.53,146.49
2023-02-22,02:00,180.49,132.4,267.65,27.35,184.88
2023-02-22,03:00,223.87,124.04,311.21,31,216.65
2023-02-22,04:00,192.14,80.91,195.31,35.26,162.33
2023-02-22,05:00,233.58,116.79,193.93,37.39,214.96
2023-02-22,06:00,129.19,72.07,279.91,36.69,148.08
2023-02-22,07:00,169.92,131.8,321.5,31.24,221.86
2023-02-22,08:00,219.42,135.95,279.88,33.22,144.97
2023-02-22,09:00,217.97,108.45,200.23,42.41,137.32
2023-02-22,10:00,217.36,94.41,230.39,26.04,126.88
2023-02-22,11:00,145.94,34.85,251.42,14.15,180.44
2023-02-22,12:00,88.95,27.73,115.12,16.78,144.03
2023-02-22,13:00,151.37,43.44,103.72,13.94,58.58
2023-02-22,14:00,177.26,27.06,65.31,7.11,66.17
2023-02-22,15:00,96.23,39.42,65.29,15.78,131.45
2023-02-22,16:00,68.43,53.5,140.07,10.96,114.13
2023-02-22,17:00,154.47,77.59,89.93,8.12,49.05
2023-02-22,18:00,144.16,92.7,185.07,22.35,161.86
2023-02-22,19:00,200.32,83.96,264.11,19.61,181.13
2023-02-22,20:00,169.48,81.53,261.37,32.33,142.25
2023-02-22,21:00,167.64,83.72,337.27,31.64,165.74
2023-02-22,22:00,287.16,110.89,275.42,27.67,150.49
2023-02-22,23:00,221.08,83.94,309.31,40.71,224.15
2023-02-22,00:00,188.61,128,279.84,24.36,205.45
2023-02-23,01:00,165.52,113.59,201.84,24.55,149.01
2023-02-23,02:00,218.76,54.17,273.52,32.87,117.28
2023-02-23,03:00,226.93,109.66,173.47,24.71,139.52
2023-02-23,04:00,158.07,62.4,142.09,24.29,123.71
2023-02-23,05:00,145.15,72.2,108.03,27.79,154.62
2023-02-23,06:00,118.82,112.92,289.13,23.25,143.11
2023-02-23,07:00,181.45,75.28,255.68,27.86,115.79
2023-02-23,08:00,228.11,109.06,303.5,40.05,221.31
2023-02-23,09:00,171.1,65.54,267.28,34.49,133.68
2023-02-23,10:00,179.2,97.64,144.87,22.41,151.59
2023-02-23,11:00,141.98,95.92,154.69,16.91,147.89
2023-02-23,12:00,102.51,22.79,169.92,14.27,50.62
2023-02-23,13:00,130.35,16.17,184.54,15.5,82.78
2023-02-23,14:00,91.04,51.92,231.79,12.75,70.2
2023-02-23,15:00,159.1,43.57,182.59,13.59,107.23
2023-02-23,16:00,82.93,70.09,235.19,8.65,147.99
2023-02-23,17:00,149.94,44.22,238.73,14.76,46.01
2023-02-23,18:00,89.12,31.36,93.16,10.95,88.78
2023-02-23,19:00,210.22,104.33,131.27,23.15,175.12
2023-02-23,20:00,208.09,93.73,269.31,25.91,188.34
2023-02-23,21:00,248.62,75.89,323.58,34.34,203.02
2023-02-23,22:00,201.72,120.86,338.42,27.69,143.69
2023-02-23,23:00,261.56,130.55,325.15,36.27,120.13
2023-02-23,00:00,186.7,90.17,218.33,24.93,167.64
2023-02-24,01:00,206.21,49.93,181.09,30.39,133.91
2023-02-24,02:00,102.95,91.15,201.35,32.88,112.55
2023-02-24,03:00,98.08,63.05,167.41,17.83,145.9
2023-02-24,04:00,174.85,87.85,103.09,30.66,116.73
2023-02-24,05:00,182.81,38.34,255.83,29.53,112.11
2023-02-24,06:00,168.76,95.45,245.35,25.61,139.78
2023-02-24,07:00,233.14,111.49,297.18,29.87,190.2
2023-02-24,08:00,239,97.65,263.33,26.78,177.12
2023-02-24,09:00,156.28,54.08,245.24,32.08,226.12
2023-02-24,10:00,239.11,88.93,272.82,31.83,90.93
2023-02-24,11:00,185.17,76.37,169.12,14.33,152.51
2023-02-24,12:00,147.14,79.8,120.65,25.32,142.27
2023-02-24,13:00,70.85,83.33,176.35,16.53,102.29
2023-02-24,14:00,117.26,36.71,209.32,13.06,147.94
2023-02-24,15:00,140.8,63.41,216.34,16.35,76.48
2023-02-24,16:00,101.33,50.57,78.32,13.92,90.12
2023-02-24,17:00,147.61,17.07,78.23,22.4,131.03
2023-02-24,18:00,196.68,55.96,154.22,18.74,64.83
2023-02-24,19:00,144.32,63.36,185.72,20.83,162.51
2023-02-24,20:00,158.85,114.06,228.21,28.16,192.17
2023-02-24,21:00,203.67,95.65,326.41,23.79,143.66
2023-02-24,22:00,206.77,125.75,252.37,26.87,144.08
2023-02-24,23:00,245.68,96.4,275.73,26.46,153.64
2023-02-24,00:00,157.62,123.6,285.01,20.43,165.5
2023-02-25,01:00,254.12,81.78,273.09,37.08,113.6
2023-02-25,02:00,247.47,104.2,254.86,32.96,178.04
2023-02-25,03:00,212.37,60.97,249.01,24.44,130.63
2023-02-25,04:00,163.53,103.92,263.74,24.22,188.61
2023-02-25,05:00,124.32,52.43,152.41,29.23,158.22
2023-02-25,06:00,149.17,76.36,286.38,25.59,120.9
2023-02-25,07:00,249.06,100.68,190.54,26.18,160.83
2023-02-25,08:00,201.79,96.11,276.38,29.52,207.35
2023-02-25,09:00,261.35,83.96,171.7,20.02,107.22
2023-02-25,10:00,250.09,84.52,195.11,22.94,112.96
2023-02-25,11:00,226.29,57.99,105.07,25.08,122.21
2023-02-25,12:00,196,54.55,101.51,12.16,71.92
2023-02-25,13:00,88.58,96.85,157.28,18.44,114.3
2023-02-25,14:00,99.47,32.4,144.92,15.89,136.47
2023-02-25,15:00,174.9,69.31,162.39,13.97,140.61
2023-02-25,16:00,189.24,44.44,180.22,9.89,102.98
2023-02-25,17:00,81.35,23.5,217.43,8.35,54.51
2023-02-25,18:00,142.31,61.35,196.24,25.68,87.72
2023-02-25,19:00,155.79,53.91,207.3,19.31,109.79
2023-02-25,20:00,180.64,103.78,289.79,31.39,198.32
2023-02-25,21:00,281.92,78.01,263.52,22.8,129.13
2023-02-25,22:00,269.1,102.6,220.72,30.93,159.38
2023-02-25,23:00,157.01,101.65,267.44,31.08,217.65
2023-02-25,00:00,234.96,116.87,209.62,36.15,217.55
2023-02-26,01:00,164.65,93.06,212.36,36.06,109.99
2023-02-26,02:00,190.74,127.41,280.51,38.76,213.87
2023-02-26,03:00,177.39,83.4,233.48,35.4,105.81
2023-02-26,04:00,140.43,88.08,259.66,31.29,135.57
2023-02-26,05:00,208.51,115.63,156.67,33.14,112.41
2023-02-26,06:00,147.92,60.87,261.62,20.35,179.27
2023-02-26,07:00,180.15,109.15,148.15,34.12,107.42
2023-02-26,08:00,156.05,105.23,256.65,25.38,197.38
2023-02-26,09:00,206.96,73.4,166.32,23.76,148.28
2023-02-26,10:00,190.69,40.62,278.11,20.76,81.71
2023-02-26,11:00,228.45,41.49,139.43,18.49,173.93
2023-02-26,12:00,106.1,44.33,157.48,22.12,49.62
2023-02-26,13:00,114.2,58.06,97.87,17.64,110.27
2023-02-26,14:00,151.59,75.12,135.65,16.24,120.95
2023-02-26,15:00,93.03,88.45,173.42,14.21,55.43
2023-02-26,16:00,80.05,17.33,151.72,5.25,48.1
2023-02-26,17:00,71.13,64.4,125.34,8.11,48.3
2023-02-26,18:00,139.94,65.19,219.76,20.69,57.64
2023-02-26,19:00,170.12,110.51,116.63,24.45,83.52
2023-02-26,20:00,180.55,100.04,289.53,36.25,114.3
2023-02-26,21:00,227.47,115.54,207.95,35.58,148.24
2023-02-26,22:00,210.02,143.25,205.74,39.63,162.22
2023-02-26,23:00,249.12,94.67,272.13,34.87,146.99
2023-02-26,00:00,270.02,136.16,216.86,26.06,172
2023-02-27,01:00,163.09,125.42,236.43,33.51,121.64
2023-02-27,02:00,123.72,81.25,152.19,24.02,193.01
2023-02-27,03:00,229.84,75.31,250.58,19.04,198.58
2023-02-27,04:00,220.69,63.45,168.36,20.05,130.02
2023-02-27,05:00,139.4,83,171.46,33.88,150.25
2023-02-27,06:00,143.72,100.3,287.21,33.86,122.52
2023-02-27,07:00,260.41,89.61,230.96,31.32,172.95
2023-02-27,08:00,231.21,124.93,254.81,42.13,145.16
2023-02-27,09:00,241.18,66.01,263.04,31.28,134.16
2023-02-27,10:00,110.12,70.39,248.48,30.9,103.39
2023-02-27,11:00,81.88,43.69,233.69,21.67,142.31
2023-02-27,12:00,151.68,55.34,220.96,7.9,91.88
2023-02-27,13:00,149.85,68.81,151.37,17.82,108.64
2023-02-27,14:00,153.84,71.01,80.89,19.98,91.67
2023-02-27,15:00,83.89,56.28,171.3,14.12,122.89
2023-02-27,16:00,166.48,42.58,69.11,5.98,44.5
2023-02-27,17:00,113.72,71.46,104.6,11.58,48.66
2023-02-27,18:00,157.78,53.54,115.79,12.53,84.12
2023-02-27,19:00,144.33,69.9,116.42,12.96,145.74
2023-02-27,20:00,138.33,128.31,144,31.44,104.96
2023-02-27,21:00,168.93,133.11,216.31,23.59,125.3
2023-02-27,22:00,211.24,74.44,223.49,32.74,135.55
2023-02-27,23:00,172.52,83.5,287.72,32.22,166.24
2023-02-27,00:00,144.59,131.47,198.85,28.54,164.11
2023-02-28,01:00,151.79,54.03,283.32,24.77,197.53
2023-02-28,02:00,187.55,74.75,275.23,23.14,102.95
2023-02-28,03:00,153.98,104.4,236.19,29.76,150.99
2023-02-28,04:00,131.82,91.35,203.03,29.49,107.73
2023-02-28,05:00,219.1,51.02,264.5,27.63,158.17
2023-02-28,06:00,155.31,87.42,137.26,21.65,162.05
2023-02-28,07:00,148.46,71.86,276.97,36.81,101.48
2023-02-28,08:00,236.29,101.01,213.44,38.74,216.75
2023-02-28,09:00,203.59,81.65,277.79,30.93,121.1
2023-02-28,10:00,142.22,60.17,166.3,17.12,130.3
2023-02-28,11:00,129.84,42.19,133.76,19.77,145.12
2023-02-28,12:00,167.3,75.22,210.6,19.18,75.02
2023-02-28,13:00,80.28,50.44,71.47,5.94,66.69
2023-02-28,14:00,59.49,78.45,147.19,7.46,52.3
2023-02-28,15:00,112.54,76.43,147.02,12.33,77.52
2023-02-28,16:00,147.52,48.89,223.86,16.46,61.39
2023-02-28,17:00,147.21,17.96,139.65,14.38,124
2023-02-28,18:00,73.24,92.45,128.37,21.07,107.89
2023-02-28,19:00,219.78,50.12,116.5,23.15,137.79
2023-02-28,20:00,196.01,49.37,224.88,20.59,114.44
2023-02-28,21:00,166.42,115.51,271.05,26.46,191.43
2023-02-28,22:00,231.48,125.73,166.32,24.45,123.78
2023-02-28,23:00,139.53,78.04,207.86,32.38,85.52
2023-02-28,00:00,146.54,79.15,169.57,16.02,161.69
2023-03-01,01:00,160.81,45.04,185.65,20.99,170.69
2023-03-01,02:00,209.97,105.96,262.68,15.5,102.27
2023-03-01,03:00,117.85,73.46,76.57,24.23,68.22
2023-03-01,04:00,177.05,38.22,169.65,13.35,138.29
2023-03-01,05:00,142.85,73.59,137.16,26.58,70.42
2023-03-01,06:00,186.31,76.12,111.17,17.94,117.1
2023-03-01,07:00,167.49,77.24,223.18,17.71,110.87
2023-03-01,08:00,177.59,60.86,115.48,17.61,60.94
2023-03-01,09:00,130.28,95.87,238.45,19.03,119.87
2023-03-01,10:00,220.45,73.51,181.33,14.06,149.03
2023-03-01,11:00,176.13,102.45,99,16.6,138.53
2023-03-01,12:00,128.96,46.57,218.41,15.12,92.78
2023-03-01,13:00,120.1,56.27,140.13,24.45,74.25
2023-03-01,14:00,124.58,60.29,103.16,11.26,79.59
2023-03-01,15:00,93.2,81.03,115.75,19.83,47.55
2023-03-01,16:00,147.2,69.17,175.88,7.29,101.72
2023-03-01,17:00,108.98,25.13,132.41,24.93,135.75
2023-03-01,18:00,133.65,88.38,190.26,13.72,98.04
2023-03-01,19:00,189.27,87.91,120.3,27.63,152.21
2023-03-01,20:00,172.15,105.99,201.47,30.53,225.92
2023-03-01,21:00,268.68,106.46,319.89,33.57,129.59
2023-03-01,22:00,165.93,105.95,315.86,33.76,147.8
2023-03-01,23:00,149.77,134.5,302.05,28.76,202.48
2023-03-01,00:00,184.7,87.67,165.12,34.04,167.01
2023-03-02,01:00,157.28,68.52,267.06,18.13,132.08
2023-03-02,02:00,130.22,54.21,147.23,21.96,144.73
2023-03-02,03:00,219.65,58.28,175.18,26.6,135.7
2023-03-02,04:00,170.4,86.42,228.48,20.36,146.27
2023-03-02,05:00,90.52,77.55,216.15,20.29,95.51
2023-03-02,06:00,94.38,60.48,258.76,31.49,140.26
2023-03-02,07:00,188.08,74.12,277.92,26.61,135.99
2023-03-02,08:00,211.77,63.57,315.17,41.52,205.83
2023-03-02,09:00,155.15,46.24,205.43,25.52,142.35
2023-03-02,10:00,145.08,91.27,241.44,24.05,154.17
2023-03-02,11:00,221.84,93.14,255.62,11.57,54.42
2023-03-02,12:00,207.59,86.07,180.18,15.48,50.47
2023-03-02,13:00,92.52,25.74,131.89,23.46,89.13
2023-03-02,14:00,122.52,32.09,128.59,10.56,136.72
2023-03-02,15:00,58.36,85,92.03,18.47,60.38
2023-03-02,16:00,142.23,26.94,126.41,13.58,83.65
2023-03-02,17:00,127.17,78.97,219.61,17.96,86.44
2023-03-02,18:00,108.55,67.76,100.1,26.52,66.26
2023-03-02,19:00,176.35,88.34,262.32,15.35,142.63
2023-03-02,20:00,246.61,77.14,247.44,24.78,213.73
2023-03-02,21:00,170.67,93.76,289.07,34.7,238.74
2023-03-02,22:00,208.26,106.92,325.06,35.39,178.17
2023-03-02,23:00,142.7,141.99,313.69,27.08,199.25
2023-03-02,00:00,191.93,98.25,253.18,28.71,170.53
2023-03-03,01:00,116.2,95.87,119.13,24.82,100.86
2023-03-03,02:00,219.19,72.64,236.58,34.15,135.1
2023-03-03,03:00,230.95,107.45,236.3,27.96,161.51
2023-03-03,04:00,121.52,89.15,177.43,30.56,132.04
2023-03-03,05:00,218.96,72.87,293.26,25.04,193.78
2023-03-03,06:00,219.5,65.33,155.31,37.66,193.73
2023-03-03,07:00,192.27,106.73,243.67,32.61,204.09
2023-03-03,08:00,254.75,99.16,197.67,37.58,155.29
2023-03-03,09:00,251.91,51.05,229.23,24.13,213.01
2023-03-03,10:00,103.87,40.41,238.17,24.92,83.13
2023-03-03,11:00,93.81,45.31,150.53,14.6,137.04
2023-03-03,12:00,65.2,86.12,108.32,23.5,114.02
2023-03-03,13:00,124.08,55.37,230.77,17.14,110.56
2023-03-03,14:00,50.36,49.89,61.81,21.27,112.9
2023-03-03,15:00,103.19,76.16,122,12.5,63.71
2023-03-03,16:00,177.02,53.04,169.34,10.98,42.89
2023-03-03,17:00,177.02,52.78,116.11,19.28,115.37
2023-03-03,18:00,197.62,51.16,211.91,5.62,90.43
2023-03-03,19:00,176.76,45.73,214.17,15.45,148.59
2023-03-03,20:00,169.33,124.15,218.19,25.16,175.01
2023-03-03,21:00,119.83,102.02,269.84,15.52,173.91
2023-03-03,22:00,121.27,97.72,286.54,31.46,207.08
2023-03-03,23:00,234.7,126.56,158.37,28.47,199.96
2023-03-03,00:00,152.71,132.68,286.04,26.44,138.93
2023-03-04,01:00,220.54,90.58,249.79,25.72,182.45
2023-03-04,02:00,202.24,107.49,98.23,15.34,178.67
2023-03-04,03:00,183.35,93.2,223.1,17.92,98.77
2023-03-04,04:00,192.46,75.01,94.58,14.18,163.34
2023-03-04,05:00,158.28,50.15,113.52,26.39,96.97
2023-03-04,06:00,170.4,43.27,145.9,31.32,179.05
2023-03-04,07:00,112.8,47.5,245.26,31.42,127.63
2023-03-04,08:00,137.11,57.41,180.79,16.37,83
2023-03-04,09:00,201.38,84.97,191.92,27.33,86.11
2023-03-04,10:00,224.64,55.55,217.37,12.46,184.11
2023-03-04,11:00,175.14,44.14,95.52,11.66,78.05
2023-03-04,12:00,174.44,37.12,154.71,16.29,134.59
2023-03-04,13:00,170.03,82.17,182.78,17.37,142.51
2023-03-04,14:00,88.19,73.33,196.12,17.43,66.08
2023-03-04,15:00,103.21,77.68,119.81,13.69,42.35
2023-03-04,16:00,113.67,58.66,106.67,18.6,128.44
2023-03-04,17:00,31.42,59.49,192.43,8.45,37.61
2023-03-04,18:00,181.29,97.54,197.38,11.49,90.38
2023-03-04,19:00,171.65,43.14,206.07,13.69,152.39
2023-03-04,20:00,141.07,62.75,202.98,19.23,190.77
2023-03-04,21:00,128.74,124.56,148.51,17.28,191.89
2023-03-04,22:00,206.22,109.53,158.07,28.83,197.35
2023-03-04,23:00,151.9,124.24,247.69,16.73,130.65
2023-03-04,00:00,106.01,61.4,201.04,25.83,88.8
2023-03-05,01:00,180.12,110.13,234.06,17.87,166.9
2023-03-05,02:00,145.71,93.84,118.06,28.77,90.69
2023-03-05,03:00,113.34,102.35,84.08,17.56,121.33
2023-03-05,04:00,180.87,105.58,174.11,30.21,64.21
2023-03-05,05:00,161.94,70.95,150.45,29.19,72.61
2023-03-05,06:00,132.65,64.49,76.62,29.56,179.12
2023-03-05,07:00,143.92,98.88,134.23,17.21,98.19
2023-03-05,08:00,180.7,46.59,237.41,20.14,186.84
2023-03-05,09:00,147.84,65.8,229.73,29.36,167.85
2023-03-05,10:00,76.92,66.18,192.77,12.59,110.13
2023-03-05,11:00,149.03,82.44,185.85,19.16,102.24
2023-03-05,12:00,132.55,75.35,63.45,12.63,84.8
2023-03-05,13:00,73.82,51.81,81.05,14.03,97.47
2023-03-05,14:00,70.66,48.46,191.42,20.1,79.23
2023-03-05,15:00,48.39,9.61,71.38,9.3,34.4
2023-03-05,16:00,84.58,47.28,56.25,6.28,87.75
2023-03-05,17:00,123.53,81.92,89.04,20.21,63.58
2023-03-05,18:00,135,89.68,122.71,9.98,90.29
2023-03-05,19:00,66.58,62.4,120.31,24.26,68.36
2023-03-05,20:00,111.91,81.85,209.13,22.82,170.38
2023-03-05,21:00,167.87,83.75,191.17,31,125.91
2023-03-05,22:00,179.52,97.51,191.51,21.46,106.86
2023-03-05,23:00,157.03,91.89,172.06,36.59,185.81
2023-03-05,00:00,221.87,66.9,190.41,28.05,179.37
2023-03-06,01:00,157.24,87.62,139.01,26.05,164.21
2023-03-06,02:00,147.98,70.92,170.75,24.88,69.51
2023-03-06,03:00,192.23,65.61,150.42,28.01,165.14
2023-03-06,04:00,192.71,71.36,194.19,22.59,106.05
2023-03-06,05:00,194.67,74.77,114.45,19,75.6
2023-03-06,06:00,165.43,93.48,176.3,27.3,111.14
2023-03-06,07:00,211.19,79.43,145.21,24.85,139.01
2023-03-06,08:00,208.53,114.42,219.75,25.52,212.55
2023-03-06,09:00,130.48,83.35,272.97,35.57,149
2023-03-06,10:00,152.09,74.88,92.2,17.04,120.7
2023-03-06,11:00,99.66,12.22,73.21,26.52,126.76
2023-03-06,12:00,129.3,67.25,191.02,23.64,101.66
2023-03-06,13:00,107.8,21.12,47.71,10.27,14.01
2023-03-06,14:00,90.75,53.3,72.47,7.84,49.95
2023-03-06,15:00,51.23,25.2,26.38,19.32,72.94
2023-03-06,16:00,14.79,48.17,43.49,14.29,96.76
2023-03-06,17:00,110.52,3.53,161.58,4.52,47
2023-03-06,18:00,155.4,64.65,81.52,18.77,130.11
2023-03-06,19:00,66.35,31.47,185.98,13.84,142.35
2023-03-06,20:00,165.68,88.23,156.07,20.69,94.16
2023-03-06,21:00,87.08,86.64,141.09,26.6,176.47
2023-03-06,22:00,197.26,63.82,159.95,30.75,115.55
2023-03-06,23:00,126.92,117.76,207.77,19.32,167.45
2023-03-06,00:00,158.52,50.61,214.29,30.31,155.18
2023-03-07,01:00,143.27,71.31,120.32,12.31,136.83
2023-03-07,02:00,67.17,51.02,218.59,18,136.22
2023-03-07,03:00,99.61,94.82,195.12,15.55,150.98
2023-03-07,04:00,87.12,88.01,187.87,20.31,143.29
2023-03-07,05:00,138.61,96.4,111.8,16.46,118.79
2023-03-07,06:00,175.19,26.04,60.76,15.34,154.26
2023-03-07,07:00,81.93,49.91,98.01,22.63,138.52
2023-03-07,08:00,111.45,57.81,120.8,39.04,154.69
2023-03-07,09:00,84.86,99.09,141.72,24.69,162.01
2023-03-07,10:00,177.13,85.4,99.93,15.58,111.29
2023-03-07,11:00,133.53,73.92,169.55,6.86,105.66
2023-03-07,12:00,165.7,70.75,143.3,2.95,11.3
2023-03-07,13:00,27.89,26.8,147.87,4.28,68.14
2023-03-07,14:00,117.69,49.12,133.85,12.88,7.91
2023-03-07,15:00,128.95,50.94,25.21,15.91,68.22
2023-03-07,16:00,44.66,30.81,20.73,2.71,77.96
2023-03-07,17:00,126.39,66,142.06,4.33,66.94
2023-03-07,18:00,28.06,19.58,187.73,10.19,88.86
2023-03-07,19:00,121.43,58.65,158.28,13.11,145.9
2023-03-07,20:00,92.78,108.84,183.37,14.87,95.31
2023-03-07,21:00,188,54.22,103.07,20.81,161.17
2023-03-07,22:00,208.4,75.76,211.97,29.72,69.29
2023-03-07,23:00,95.99,113.29,193.55,13.2,174.36
2023-03-07,00:00,73.51,64.23,194.21,12.39,67.48
2023-03-08,01:00,120.75,40.48,103.61,16.84,127.18
2023-03-08,02:00,107.39,72.27,60.91,15.41,30.17
2023-03-08,03:00,128.18,19.86,121.19,5.13,105.96
2023-03-08,04:00,99.69,16.52,136.82,8.84,124.27
2023-03-08,05:00,108,79.04,132.04,17.32,105.41
2023-03-08,06:00,82.25,45.14,218.94,16.7,49.84
2023-03-08,07:00,94.38,78.63,150.35,25.73,99.25
2023-03-08,08:00,123.37,109.14,108.29,28.01,171.95
2023-03-08,09:00,74.82,69.92,118.24,17.27,146.34
2023-03-08,10:00,75.07,57.74,142,11.19,118.92
2023-03-08,11:00,64.65,28.35,119.53,3.25,128.68
2023-03-08,12:00,76.04,54.59,173.25,18.66,60.7
2023-03-08,13:00,161.18,65.36,39.21,16.8,34.21
2023-03-08,14:00,137.98,50.43,131.75,12.52,45.06
2023-03-08,15:00,152.94,64.3,159.56,15.06,21.69
2023-03-08,16:00,108.82,23.75,129.27,9.65,58.41
2023-03-08,17:00,137.03,55.57,2.96,15.04,50.67
2023-03-08,18:00,55.27,61.03,148.72,2.33,51.61
2023-03-08,19:00,50.96,28.51,90,13.99,65.53
2023-03-08,20:00,69.31,45.59,67.78,9.13,93.06
2023-03-08,21:00,89.69,67.76,198.8,11.03,93.33
2023-03-08,22:00,107.56,59.57,86.91,21.1,57.99
2023-03-08,23:00,180.14,47.31,131.35,20.92,107.36
2023-03-08,00:00,141.9,28.89,56.63,23.75,109.85
2023-03-09,01:00,141.18,48.47,139.73,21.46,118.73
2023-03-09,02:00,123.43,40.47,46.54,23.42,47.26
2023-03-09,03:00,142.3,55.38,42.65,15.42,60.3
2023-03-09,04:00,40.88,27.64,138.26,11.32,92.16
2023-03-09,05:00,80.63,15.13,115.08,21.86,22.62
2023-03-09,06:00,151.12,66.97,76.52,7.47,85.94
2023-03-09,07:00,157.58,79.2,101.32,15.24,114.15
2023-03-09,08:00,99.52,61.13,180.51,32.54,137.65
2023-03-09,09:00,106.21,40.24,189.52,25.27,84.8
2023-03-09,10:00,176.13,28.97,121.8,22.35,119.74
2023-03-09,11:00,148.54,40.35,66.99,23.58,97.81
2023-03-09,12:00,36.09,51.56,45.27,8.31,68.43
2023-03-09,13:00,63.61,46.21,81.25,15.13,2.97
2023-03-09,14:00,150.19,2.58,133.24,4.59,74.19
2023-03-09,15:00,147.47,67.64,23.14,2.14,37.22
2023-03-09,16:00,81.7,32.89,94.08,15.82,44.4
2023-03-09,17:00,118.54,5.25,93.43,5.73,70.07
2023-03-09,18:00,38.68,34.42,70.7,19.1,47
2023-03-09,19:00,111.47,87.45,159.4,22.17,60.88
2023-03-09,20:00,107.75,78.94,213.32,15.19,68.39
2023-03-09,21:00,81.58,97.97,131.91,28.46,135.55
2023-03-09,22:00,104.44,68.78,202.3,29.91,164.2
2023-03-09,23:00,93.74,49.35,181.58,17.53,95.86
2023-03-09,00:00,73.43,62.37,134.92,26.93,59.27
2023-03-10,01:00,131.09,45.64,104.12,10.21,123.39
2023-03-10,02:00,123.26,83.07,154.33,11.69,83.04
2023-03-10,03:00,143.11,60.73,63.89,10.16,97.96
2023-03-10,04:00,25.17,65.01,72.79,7.49,70.19
2023-03-10,05:00,98.12,23.64,107.27,9.17,44.46
2023-03-10,06:00,74.52,69.02,177.24,24.49,62.41
2023-03-10,07:00,73.36,34.28,172.15,19.72,68.22
2023-03-10,08:00,205.77,59.49,104.76,28.69,178.37
2023-03-10,09:00,191.89,77.04,120.85,9.38,58.38
2023-03-10,10:00,138.99,66.42,66.6,5.73,46.48
2023-03-10,11:00,73.28,0.23,161.74,6.77,35.83
2023-03-10,12:00,133.5,25.02,103.16,12.5,90.74
2023-03-10,13:00,36.85,33.52,145.75,17.05,74.11
2023-03-10,14:00,27.67,64.11,147.25,13.58,88.04
2023-03-10,15:00,75.71,46.62,142.12,11.95,30.12
2023-03-10,16:00,64.82,48.56,125.81,10.97,-5.7
2023-03-10,17:00,79.39,13.48,22.58,13.35,20.59
2023-03-10,18:00,31.75,55.14,-10.47,16.56,105.26
2023-03-10,19:00,154.15,80.32,142.06,4.73,54.87
2023-03-10,20:00,84.03,22.11,42.62,15.76,113.42
2023-03-10,21:00,53.14,38.95,135.76,13.51,83.94
2023-03-10,22:00,50.72,63.86,56.88,10.38,99.88
2023-03-10,23:00,124.44,50.62,59.01,15.67,105.02
2023-03-10,00:00,165.48,72.17,174.35,14.67,52.41
2023-03-11,01:00,38.67,63.05,133.75,20.61,113.36
2023-03-11,02:00,19.57,13.64,33.43,21.05,67.34
2023-03-11,03:00,95.72,12.15,161.52,7.63,56.86
2023-03-11,04:00,41.46,27,24.51,16.3,56.03
2023-03-11,05:00,66.4,74.51,103.96,18.99,103.68
2023-03-11,06:00,51.65,76.21,173.97,14.35,37.46
2023-03-11,07:00,54,81.71,23.8,5.34,49.66
2023-03-11,08:00,154.05,60.77,74.59,19.82,20.13
2023-03-11,09:00,84.53,64.44,79.28,12.44,102.89
2023-03-11,10:00,47.42,38.47,77.77,22.64,48.85
2023-03-11,11:00,30.02,41.37,86.58,18.02,76.32
2023-03-11,12:00,121.41,71.57,138.84,15.83,76.21
2023-03-11,13:00,22.81,20.65,114.38,7.66,13.02
2023-03-11,14:00,71.54,51.65,111.43,6.02,78.13
2023-03-11,15:00,53.02,24.13,39.39,2.28,56.78
2023-03-11,16:00,-4.66,64.13,126.7,11.9,81.13
2023-03-11,17:00,31.22,-1.28,-10.21,8.13,85.44
2023-03-11,18:00,5.9,47.03,81.53,12.37,60.56
2023-03-11,19:00,81.16,39.73,28.92,13.75,18.55
2023-03-11,20:00,151.09,15.25,199.24,5.23,87.26
2023-03-11,21:00,113.27,21.7,171.59,10.65,79.9
2023-03-11,22:00,158.06,26.75,205.55,17.57,59.22
2023-03-11,23:00,190.54,66.88,109.15,15.46,35.86
2023-03-11,00:00,118.92,33.43,53.65,20.47,128.71
2023-03-12,01:00,171.33,53.05,171.74,11.42,62.95
2023-03-12,02:00,54.82,48.45,70.01,18.38,44.49
2023-03-12,03:00,50.92,18.9,182.69,13.06,15.77
2023-03-12,04:00,85.37,27.38,23.86,10.08,33.21
2023-03-12,05:00,24.8,62.86,94.44,10.51,78.36
2023-03-12,06:00,97.92,69.37,37.74,8.3,29.45
2023-03-12,07:00,94.14,25.25,50.36,20.5,51.23
2023-03-12,08:00,26.45,39.76,149.45,11.04,69.72
2023-03-12,09:00,77.91,43.44,135.72,12.57,131.73
2023-03-12,10:00,143.12,10.12,167.79,15.56,75.72
2023-03-12,11:00,151.91,34.07,174.87,19.97,49.37
2023-03-12,12:00,166.52,66.99,220.03,10.47,32.79
2023-03-12,13:00,37.9,31.7,113.71,9.85,126.81
2023-03-12,14:00,53.1,53.19,191.11,21.25,42.82
2023-03-12,15:00,34.78,17.63,145.89,24.34,69.13
2023-03-12,16:00,49.43,20.31,110.79,17.22,79.65
2023-03-12,17:00,121.7,25.55,68.98,22.17,109.06
2023-03-12,18:00,52.71,54.65,190.57,10.12,145.72
2023-03-12,19:00,81,82.38,145.1,20.41,112.9
2023-03-12,20:00,149.4,82.55,313.19,17.9,124.4
2023-03-12,21:00,255.55,66.21,323.27,24.86,184.95
2023-03-12,22:00,221.71,84.01,206.13,24.89,98.76
2023-03-12,23:00,225.34,60.18,271.02,22.61,168.2
2023-03-12,00:00,185.73,36.06,283.67,16.21,103.4
2023-03-13,01:00,168,77.74,116.01,50.45,98.19
2023-03-13,02:00,159.22,75.04,161.2,44.26,110.55
2023-03-13,03:00,194.9,73.57,248.51,40.24,147.63
2023-03-13,04:00,72.86,94.4,179.62,47.93,117.96
2023-03-13,05:00,199.26,88.99,272.03,48.84,57.37
2023-03-13,06:00,202.27,86.15,223.62,41.03,106.93
2023-03-13,07:00,106.72,99.13,208.99,45.6,74.33
2023-03-13,08:00,218.2,76.04,138.55,41.8,113.66
2023-03-13,09:00,163.42,51.8,280.04,5.02,128.85
2023-03-13,10:00,93.96,29.83,198.61,12.29,112.62
2023-03-13,11:00,55.41,45.44,66.26,10.11,68.07
2023-03-13,12:00,137.11,42.59,204.09,18.15,94.28
2023-03-13,13:00,146.66,81.02,189.45,17.84,39.35
2023-03-13,14:00,145.67,59.34,59.29,17.94,47.83
2023-03-13,15:00,66.81,33.38,122.53,4.86,122.86
2023-03-13,16:00,85.02,65.83,76.39,7.4,13.27
2023-03-13,17:00,108.41,69.28,109.47,17.86,16.49
2023-03-13,18:00,65.48,61.4,105.52,7.05,32.14
2023-03-13,19:00,156.62,42.41,119.39,16.05,137.7
2023-03-13,20:00,222.47,113.91,133.77,21.1,69.8
2023-03-13,21:00,188.63,107.47,283.07,18.9,100.28
2023-03-13,22:00,112.59,62.25,304.54,16.33,135.99
2023-03-13,23:00,205.77,109.65,191.28,23.71,158.85
2023-03-13,00:00,98.78,67.63,212.51,17.28,81.82
2023-03-14,01:00,136.36,43.68,93.1,38.09,73.33
2023-03-14,02:00,72.33,39.06,125.97,14.72,74.76
2023-03-14,03:00,147.34,49.22,114.92,10.88,96.48
2023-03-14,04:00,169.11,52.4,208,24.61,121.84
2023-03-14,05:00,52.04,61.48,194.99,15.58,104.83
2023-03-14,06:00,142.18,55.11,191.35,21.94,42.9
2023-03-14,07:00,86.57,107.45,226.75,27.55,103.23
2023-03-14,08:00,231.85,81.73,191.52,25.74,192.49
2023-03-14,09:00,150.51,88.08,237.63,33.86,106.92
2023-03-14,10:00,70.62,44.52,65.89,10.19,74.51
2023-03-14,11:00,113.87,76.06,71.38,5.94,21.03
2023-03-14,12:00,109.4,8.9,16.2,14.26,104.99
2023-03-14,13:00,138.42,3.22,77.31,4.87,99.34
2023-03-14,14:00,132.68,40,60.15,16.16,41.97
2023-03-14,15:00,139.94,-0.13,117.81,9.13,25.63
2023-03-14,16:00,105.62,63.34,-5.16,4.82,13.11
2023-03-14,17:00,10.56,6.79,167.51,8.99,110.72
2023-03-14,18:00,78.92,64.31,54.03,12.62,111.46
2023-03-14,19:00,75.49,41.65,115.51,24.56,43.38
2023-03-14,20:00,103.54,51.2,124.29,29.21,56.14
2023-03-14,21:00,126.55,48.79,261.59,17.2,152.48
2023-03-14,22:00,107.04,65.6,283.38,28.98,78.74
2023-03-14,23:00,163.96,109.41,185.3,0,117.64
2023-03-14,00:00,187.12,35,237.58,11.97,63.84
2023-03-15,01:00,132.72,34.9,110.56,17.5,77.33
2023-03-15,02:00,58.24,30.57,145.65,10.54,129.82
2023-03-15,03:00,45.78,47.71,187.02,22.41,61.9
2023-03-15,04:00,43.49,64.68,209.72,18.04,27.58
2023-03-15,05:00,85.59,38.76,121.25,15.58,129.63
2023-03-15,06:00,136.6,18.04,234.32,10.33,38.36
2023-03-15,07:00,155.76,76.49,144.38,15.38,63.2
2023-03-15,08:00,134.7,64.64,188.98,21.51,102
2023-03-15,09:00,181.21,47.79,149.03,20.92,88.28
2023-03-15,10:00,111.57,66.47,92.32,10.05,86.64
2023-03-15,11:00,63.03,22.04,130.15,8.52,59.98
2023-03-15,12:00,32.54,53.14,195.83,9.01,71.06
2023-03-15,13:00,82.42,52.93,154.24,12.07,84.13
2023-03-15,14:00,21.37,66.68,102.37,11.91,44.2
2023-03-15,15:00,131.34,62.65,162.06,4.15,88.29
2023-03-15,16:00,90.36,3.11,81.27,15.27,87.4
2023-03-15,17:00,45.32,48.76,146.86,11.51,50.78
2023-03-15,18:00,120.48,39.88,176.96,12.84,30.91
2023-03-15,19:00,126.1,46.07,123.06,18.06,135.96
2023-03-15,20:00,205.4,72.4,230.47,23.5,118.3
2023-03-15,21:00,186.93,38.12,143.72,10.83,97.76
2023-03-15,22:00,148.64,87.25,219.09,16.08,142.67
2023-03-15,23:00,217.93,70.2,246.79,15.97,148.33
2023-03-15,00:00,180.96,75.33,247.37,9.25,54.51
2023-03-16,01:00,176.71,46.72,175.11,13.61,92.54
2023-03-16,02:00,185.21,11.55,157.25,24.11,82.4
2023-03-16,03:00,167.37,6.13,156.7,20.17,33.37
2023-03-16,04:00,73.47,47.98,211.19,21.4,88.96
2023-03-16,05:00,114.98,37.84,246.77,9.09,122.86
2023-03-16,06:00,163.92,43.76,201.6,15.71,92.73
2023-03-16,07:00,133.21,28.14,134.91,25.08,74.65
2023-03-16,08:00,227.74,84.85,157.89,25.02,189.86
2023-03-16,09:00,178.39,37.12,110.42,21.12,158.1
2023-03-16,10:00,155.85,16.27,112.91,27.44,62.4
2023-03-16,11:00,185.16,24.56,168.88,9.01,135.81
2023-03-16,12:00,100,59.33,158.6,12.83,99.95
2023-03-16,13:00,64.39,41.91,90.36,7.41,92.85
2023-03-16,14:00,129.95,53.64,119.48,5.48,15.62
2023-03-16,15:00,137.81,21.27,167.36,5.38,62.8
2023-03-16,16:00,22.22,5.58,181.24,11.77,42.47
2023-03-16,17:00,86.45,67.65,35.57,15.12,39.78
2023-03-16,18:00,142.63,37.81,170.28,9.33,117.71
2023-03-16,19:00,204.76,92.51,233.13,14.69,168.36
2023-03-16,20:00,156.57,92.04,202.04,23.9,125.24
2023-03-16,21:00,161.75,105.29,221.83,19.23,164.78
2023-03-16,22:00,146.1,51.62,175.63,24.43,108.82
2023-03-16,23:00,177.65,46.41,151.27,21.12,80.53
2023-03-16,00:00,162.63,40.71,192.41,14.76,114.42
2023-03-17,01:00,100.88,93.77,170.8,19.45,96.74
2023-03-17,02:00,145.29,73.28,220.59,20.03,117.57
2023-03-17,03:00,59.03,33.72,68.43,15.02,132.96
2023-03-17,04:00,57.17,44.41,177.19,6.4,69.47
2023-03-17,05:00,117.16,63.2,74.72,16.29,115.43
2023-03-17,06:00,177.57,38.42,221.92,25.42,68.3
2023-03-17,07:00,224.79,58.21,197.64,20.32,131.11
2023-03-17,08:00,217.86,55.85,175.81,23.15,158.19
2023-03-17,09:00,136.21,56.91,93.67,13.77,101.02
2023-03-17,10:00,98.78,82.4,95.5,20.46,131.25
2023-03-17,11:00,48.08,45.92,205.8,16.75,106.36
2023-03-17,12:00,81.9,52.01,73.39,17.18,120.96
2023-03-17,13:00,122.09,16.68,30.62,6.14,83.04
2023-03-17,14:00,69.42,47.64,161.86,21.95,15.14
2023-03-17,15:00,107.58,7.38,53.07,15.22,75.59
2023-03-17,16:00,64.57,33.63,116.17,15.47,28.47
2023-03-17,17:00,54.46,62.6,161.18,6.65,70.02
2023-03-17,18:00,46.4,69.09,150.9,11.5,64.36
2023-03-17,19:00,198.98,71.51,63.26,15.52,140.12
2023-03-17,20:00,117.38,78.24,161.47,19.06,104.51
2023-03-17,21:00,142.86,67.25,107.58,17.17,102.06
2023-03-17,22:00,171.84,52.03,245.83,19.22,87.2
2023-03-17,23:00,190.68,76.33,114.82,12.79,94.48
2023-03-17,00:00,157.18,44.85,162.63,21.64,94.57
2023-03-18,01:00,194.97,88.8,189.29,18.93,51.2
2023-03-18,02:00,189.65,90.97,177.11,20,52.3
2023-03-18,03:00,64.29,19.98,97.45,11.55,134.77
2023-03-18,04:00,159.15,70.75,226.03,21.87,102.56
2023-03-18,05:00,66.19,49.51,208.25,10.33,78.66
2023-03-18,06:00,55.75,81.14,242.58,14.08,62.98
2023-03-18,07:00,132.81,16.47,184.32,12.41,96.8
2023-03-18,08:00,200.13,26.55,125.58,16.82,117.58
2023-03-18,09:00,202.4,76.91,78.01,16,133.44
2023-03-18,10:00,112.73,52.24,72.08,17.42,141.09
2023-03-18,11:00,49.33,82.68,85.45,18.7,137.32
2023-03-18,12:00,100.02,20.48,191.39,13.06,124.25
2023-03-18,13:00,129.83,6.06,165.76,4.23,69.96
2023-03-18,14:00,28.48,33.16,152.97,7.42,47.44
2023-03-18,15:00,147.36,19.59,154.57,14.07,93.03
2023-03-18,16:00,71.8,55.5,30.32,13.85,37.78
2023-03-18,17:00,20.91,68.36,135.06,10.07,114.45
2023-03-18,18:00,49.03,59.18,167.62,4.19,24.41
2023-03-18,19:00,167.79,74.73,96.29,13.91,133.3
2023-03-18,20:00,190.43,51.96,172.02,9.78,129.23
2023-03-18,21:00,162.04,37.49,107.51,12.72,110.67
2023-03-18,22:00,132.27,83.64,164.01,13.14,178.09
2023-03-18,23:00,94.03,69.35,129.72,21.71,155.2
2023-03-18,00:00,129.62,82.42,234.06,14.81,95.8
2023-03-19,01:00,123.73,49.71,550.2,17.72,97.97
2023-03-19,02:00,58.05,39.47,205.48,23.4,64.33
2023-03-19,03:00,48.47,88.33,131.07,19.71,39.52
2023-03-19,04:00,44.29,12.31,233.72,13.86,54.28
2023-03-19,05:00,134.13,57.52,228.42,15.53,38.97
2023-03-19,06:00,122.27,15.59,245.28,23.98,61.44
2023-03-19,07:00,79.11,65.83,94.5,20.6,154.27
2023-03-19,08:00,58.02,61.66,86.19,23.06,88.07
2023-03-19,09:00,101.75,24.22,221.1,8.68,131.66
2023-03-19,10:00,194.98,33.92,60.85,10.59,119.93
2023-03-19,11:00,119.11,44.95,45.42,12.73,129.01
2023-03-19,12:00,119.99,39.86,156.91,20.08,100.67
2023-03-19,13:00,29.21,70.78,124.21,17.71,78.17
2023-03-19,14:00,28.61,48.45,159.26,6.41,124.45
2023-03-19,15:00,120.71,8.1,73.13,7.08,21.34
2023-03-19,16:00,81.55,-1.61,39.09,16.67,111.5
2023-03-19,17:00,156.53,21.04,127.85,2.41,106.39
2023-03-19,18:00,145.32,46.79,93.82,8.43,28.22
2023-03-19,19:00,91.54,64.45,165.9,12.76,51.19
2023-03-19,20:00,147.97,40.97,143.42,23.09,124.98
2023-03-19,21:00,230.97,44.53,236.69,25.7,175.41
2023-03-19,22:00,148.66,58.63,250.64,22.78,143.86
2023-03-19,23:00,173.99,61.93,272.92,25,69.82
2023-03-19,00:00,105.42,86.93,103.43,12.84,124.71
2023-03-20,01:00,133.17,56.83,127.36,13.05,147.68
2023-03-20,02:00,78.8,35.4,118.93,11.36,140.72
2023-03-20,03:00,95.66,37.17,129.81,17.77,66.08
2023-03-20,04:00,69.73,52.49,133.27,20.44,136.95
2023-03-20,05:00,133.45,26.7,101.25,21.2,135.65
2023-03-20,06:00,48.91,43.09,166.3,16.37,147.34
2023-03-20,07:00,181.25,61.41,230.14,30.5,150.14
2023-03-20,08:00,228.52,50.41,255.06,34.52,124.98
2023-03-20,09:00,101.38,38.77,98.65,22.22,166.63
2023-03-20,10:00,61.82,48.16,76.78,13.39,128.38
2023-03-20,11:00,115.09,53.94,51.26,18.05,58.46
2023-03-20,12:00,131.3,33.44,72.05,6.61,53.94
2023-03-20,13:00,29.26,34.98,85.84,8.69,45.7
2023-03-20,14:00,141.68,30.2,22.31,3.38,35.95
2023-03-20,15:00,137.56,38.67,-6.77,14.69,30.88
2023-03-20,16:00,52.7,55.05,147.4,7.42,36.65
2023-03-20,17:00,139.67,53.6,6.4,3.53,76.9
2023-03-20,18:00,40.31,3.24,3.68,18.16,97.8
2023-03-20,19:00,167.53,55.09,144.46,8.26,106.18
2023-03-20,20:00,62.63,77.3,220.89,12.9,84.37
2023-03-20,21:00,180.38,48.85,218.85,26.14,108.63
2023-03-20,22:00,157.76,61.35,244.07,27.28,94.84
2023-03-20,23:00,165.62,93.95,185.32,17.22,85.88
2023-03-20,00:00,146.99,70.04,226.04,21.92,51.91
2023-03-21,01:00,117.1,55.06,102.55,9.41,102.2
2023-03-21,02:00,139.16,28.53,105.97,12.61,41.27
2023-03-21,03:00,77.2,47.79,65.41,11.53,14.06
2023-03-21,04:00,126.09,55.84,150.04,5.61,50.24
2023-03-21,05:00,161.59,72.53,204.24,14.17,31.32
2023-03-21,06:00,149.98,35.7,87.84,13.48,69.06
2023-03-21,07:00,195.56,77.8,64.33,13.68,133.77
2023-03-21,08:00,90.48,52.39,198.86,22.32,95.5
2023-03-21,09:00,87.77,48.27,151.69,17.78,110.59
2023-03-21,10:00,128.72,11.8,164.83,7.13,30.07
2023-03-21,11:00,119.17,69.78,134.9,2.36,43.07
2023-03-21,12:00,52.69,58.59,116.89,18.07,69.7
2023-03-21,13:00,88.63,54.85,146.71,6.15,39.83
2023-03-21,14:00,91.54,18.54,48.8,16.77,11.71
2023-03-21,15:00,107.51,50.26,51.97,9.33,99.87
2023-03-21,16:00,90.05,36.44,10.73,3.38,45.7
2023-03-21,17:00,72.81,-0.5,111.37,11.61,102.83
2023-03-21,18:00,59.33,48.87,5.52,1.76,75.35
2023-03-21,19:00,72.65,55.83,36.72,13.61,91.81
2023-03-21,20:00,78.79,59.69,145.51,19.21,79.68
2023-03-21,21:00,82.47,69.66,69.89,21.75,153.03
2023-03-21,22:00,112.71,30.63,93.96,22.02,150.99
2023-03-21,23:00,136.39,75.74,75.63,25.77,141.38
2023-03-21,00:00,109.5,67.41,90.24,9.48,43.35
2023-03-22,01:00,107.35,62.53,80.63,17.65,62.32
2023-03-22,02:00,93.88,37.33,112.65,16.46,67.09
2023-03-22,03:00,10.78,63.72,51.44,15.44,61.6
2023-03-22,04:00,62.1,12.77,99.01,7.23,27.69
2023-03-22,05:00,120.38,33.35,164.25,10.29,52.58
2023-03-22,06:00,117.3,40.89,171.61,18.72,89.16
2023-03-22,07:00,40.01,12.45,61.77,21.06,117.19
2023-03-22,08:00,106.43,48.12,163.16,26.1,168.12
2023-03-22,09:00,58.82,54.35,92.64,23.61,137.16
2023-03-22,10:00,92.6,57.37,67.51,16.77,114.52
2023-03-22,11:00,93.85,9.93,59.76,1.15,5.38
2023-03-22,12:00,37.72,37.89,14.05,15.12,53.27
2023-03-22,13:00,70.84,25.65,103.51,6.65,73.06
2023-03-22,14:00,-2.18,65.35,92.45,12.87,11.06
2023-03-22,15:00,51.22,12.15,-5.81,8.12,-5.03
2023-03-22,16:00,7.77,1.26,78.15,19.93,23.96
2023-03-22,17:00,36.1,13.11,67.27,7.67,13.89
2023-03-22,18:00,90.46,26.24,59.52,19.33,66.72
2023-03-22,19:00,141.56,75.41,148.54,9.36,112.85
2023-03-22,20:00,102.73,60.87,28.86,23.65,137.04
2023-03-22,21:00,99.99,38.35,161.06,13.98,58.23
2023-03-22,22:00,129.03,62.15,29.68,25.15,137.17
2023-03-22,23:00,70.13,45.42,79.29,19.31,70.68
2023-03-22,00:00,145.56,29.94,83.76,23.12,80.75
2023-03-23,01:00,96.47,65.12,81.4,8.64,91.04
2023-03-23,02:00,41.76,16.78,29.35,1.72,81.07
2023-03-23,03:00,24.63,9.66,123.86,1.25,100.09
2023-03-23,04:00,44.9,33.62,40.22,1.9,63.72
2023-03-23,05:00,129.24,36.69,16.05,8.7,12.15
2023-03-23,06:00,9.84,61.1,157.12,15.22,73.5
2023-03-23,07:00,125.28,77.94,96.45,12.94,48.9
2023-03-23,08:00,83.34,46.33,137.16,9.51,101.61
2023-03-23,09:00,132.75,29.92,41.76,9.59,55.72
2023-03-23,10:00,128.21,32.31,44.67,12.63,25.03
2023-03-23,11:00,16.7,34.88,141.38,11.77,103.16
2023-03-23,12:00,61.53,32.35,74.42,16.34,59
2023-03-23,13:00,113.84,23.95,140.13,15.63,16.45
2023-03-23,14:00,11.45,37.69,68.2,7.38,82.03
2023-03-23,15:00,66.49,32.04,101.63,7.26,71.84
2023-03-23,16:00,-9.31,41.09,25.65,15.65,34.26
2023-03-23,17:00,131.36,10.85,101.26,9.13,-5.63
2023-03-23,18:00,119.06,67.47,132.81,17.35,40.92
2023-03-23,19:00,144.72,20.11,122.52,5.43,93.52
2023-03-23,20:00,106.23,52.59,147.15,16,54.48
2023-03-23,21:00,46.13,51.08,187.31,17.85,105.46
2023-03-23,22:00,108.16,71.09,97.14,11.66,114.82
2023-03-23,23:00,35.23,94.98,56.92,14.41,53.65
2023-03-23,00:00,34.76,87.19,178.45,8.3,128.86
2023-03-24,01:00,73.91,32.28,27.96,25.7,12.91
2023-03-24,02:00,7.34,59.94,40.62,10.06,71.32
2023-03-24,03:00,77.47,29.28,21.28,11.92,7.64
2023-03-24,04:00,0.58,18.94,152.6,15.68,71.38
2023-03-24,05:00,18.14,0.16,2.83,9.5,32.22
2023-03-24,06:00,53.38,-2.86,152.46,5.28,4.53
2023-03-24,07:00,62.95,59.84,145.71,10.29,66.16
2023-03-24,08:00,101.04,25.46,115.96,35.69,60.54
2023-03-24,09:00,165.49,37.36,139.29,23.22,74.98
2023-03-24,10:00,14.61,48.81,87.7,9.1,47.28
2023-03-24,11:00,66.38,26.93,147.47,13.82,68.67
2023-03-24,12:00,-2.92,28.7,-10.9,9.91,1.44
2023-03-24,13:00,111.53,59.82,137.26,9.9,1.01
2023-03-24,14:00,111.85,-4.14,-1.93,18.17,86.6
2023-03-24,15:00,42.3,59.69,117.5,9.7,46.71
2023-03-24,16:00,43.64,28.48,42.77,12.64,101.51
2023-03-24,17:00,96.98,58.7,153.01,6.59,89.14
2023-03-24,18:00,61.59,28.48,149.46,24.83,14.95
2023-03-24,19:00,139.11,70.47,135.16,9.38,77.14
2023-03-24,20:00,164.5,31.76,126.55,11.9,122.43
2023-03-24,21:00,143.71,42.03,194.84,19.19,124.53
2023-03-24,22:00,51.18,69.92,85.05,13.66,71.26
2023-03-24,23:00,90.76,48.99,143.57,27.69,133.46
2023-03-24,00:00,76.93,61.68,97.29,15.42,77.58
2023-03-25,01:00,155.14,87.98,94.66,10.62,119.33
2023-03-25,02:00,35.74,65.37,53.93,23.99,103.12
2023-03-25,03:00,114.85,49.84,165.09,17.28,107.63
2023-03-25,04:00,81.36,34.42,170.19,6.96,90.95
2023-03-25,05:00,128.46,62,63.63,6.23,91.82
2023-03-25,06:00,24.22,10.42,158.22,18.96,35.6
2023-03-25,07:00,95.86,55.72,8.92,17.74,34.64
2023-03-25,08:00,117.36,16.18,173.21,17.25,66.34
2023-03-25,09:00,46.01,29.62,112.99,8.37,131.35
2023-03-25,10:00,141.01,18.56,135.47,20.77,37.99
2023-03-25,11:00,27.14,30.8,88.23,14.74,132.11
2023-03-25,12:00,87.26,43.58,131.73,18.54,51.87
2023-03-25,13:00,32.5,6.71,127,21.15,122.05
2023-03-25,14:00,128.48,29.77,36.54,4.06,33.16
2023-03-25,15:00,11.41,44.06,134.21,12.54,28.18
2023-03-25,16:00,106.46,65.1,48.71,8.08,49.2
2023-03-25,17:00,-0.7,56.02,121.59,16.15,56.15
2023-03-25,18:00,41.7,23.85,32.11,12.25,76.87
2023-03-25,19:00,26.35,40.88,104.11,8.91,102.18
2023-03-25,20:00,110,90.1,27.76,16.34,90.6
2023-03-25,21:00,128.58,74.12,158.16,9.5,117.84
2023-03-25,22:00,61.91,47.39,42.04,22.28,128.56
2023-03-25,23:00,161.06,37.54,33.96,21.69,135.88
2023-03-25,00:00,66.9,29.1,86.47,19.82,117.04
2023-03-26,01:00,93.86,82.36,102.13,24.94,10.36
2023-03-26,02:00,123.45,74.39,47.6,23.54,76.16
2023-03-26,03:00,106.56,24.81,134.24,13.74,100.44
2023-03-26,04:00,125.37,49.33,27.63,8.6,33.43
2023-03-26,05:00,133.34,59.17,128.64,11.29,78.5
2023-03-26,06:00,43.04,36.06,15.23,18.77,82.58
2023-03-26,07:00,29.33,10.11,183.73,18.22,93.25
2023-03-26,08:00,149.94,56.22,48.79,12.97,36.41
2023-03-26,09:00,162.31,28.02,157.93,21.07,43.29
2023-03-26,10:00,59.14,73.14,56.25,11.07,111.24
2023-03-26,11:00,94.19,33.26,26.87,10.3,128.29
2023-03-26,12:00,30.86,20.3,107.86,9.74,81.28
2023-03-26,13:00,92.8,70.22,91.61,10.06,43.93
2023-03-26,14:00,95.64,57.75,120.09,8.37,24.21
2023-03-26,15:00,85.73,43.17,-0.01,6.03,47.46
2023-03-26,16:00,132.93,40.42,124.87,18.85,32.74
2023-03-26,17:00,42.62,44.4,97.89,16.53,36.55
2023-03-26,18:00,44.28,24.67,167.44,21.41,32.41
2023-03-26,19:00,115.63,34.26,39.29,22.43,114.3
2023-03-26,20:00,99.79,32.71,67.31,12.77,55.23
2023-03-26,21:00,183.28,51.09,244.79,19.08,121.74
2023-03-26,22:00,91.94,79.93,235.43,26.46,145.73
2023-03-26,23:00,197.87,41.67,79.89,26.29,124.26
2023-03-26,00:00,121.6,62.94,179.77,22.17,44.96
2023-03-27,01:00,158.79,81.15,227.21,10.5,96.47
2023-03-27,02:00,126.82,74.68,198.73,23.76,65.77
2023-03-27,03:00,47.55,10.72,45.81,9.07,39.36
2023-03-27,04:00,50.25,76.22,109.15,13.2,51.17
2023-03-27,05:00,26.68,66.66,164.21,23.53,78.82
2023-03-27,06:00,36.69,31.27,67.23,17.54,45.18
2023-03-27,07:00,179.02,27.81,79.82,22.13,118.43
2023-03-27,08:00,95.43,43.91,188.86,31.07,152.4
2023-03-27,09:00,198.01,68.83,205.81,14.52,87.48
2023-03-27,10:00,51.2,25.52,173.28,10.45,123.18
2023-03-27,11:00,47.11,63.34,86.84,9.21,109.77
2023-03-27,12:00,29.87,52.72,17.81,9.36,39.94
2023-03-27,13:00,119.75,17.18,109.38,7.8,24.49
2023-03-27,14:00,73.25,10.6,105.78,0.13,106.64
2023-03-27,15:00,104.85,16.71,107.26,15.8,45.53
2023-03-27,16:00,130.29,55.97,165.58,10.3,45.27
2023-03-27,17:00,71.46,25.16,67.8,14.4,61.58
2023-03-27,18:00,92.9,19.85,76.15,6.35,92.96
2023-03-27,19:00,159,77.01,44.09,7.8,34.1
2023-03-27,20:00,134.77,80.86,99.89,16.64,97.52
2023-03-27,21:00,157.66,97.19,138.73,31.71,100.99
2023-03-27,22:00,146.75,77.87,226.2,26.16,125.47
2023-03-27,23:00,166.99,83.64,131.2,17.41,57.39
2023-03-27,00:00,95.5,84.99,68.54,27.36,122.92
2023-03-28,01:00,152.92,29.37,94.2,9.03,57.81
2023-03-28,02:00,109.7,60.3,134.09,17.08,52.4
2023-03-28,03:00,141.13,24.2,173.44,8.61,103.49
2023-03-28,04:00,62.09,79.54,176.4,7.53,70.44
2023-03-28,05:00,157.57,83.21,176.76,14.82,95.99
2023-03-28,06:00,72.89,18.16,69.54,26.07,76.78
2023-03-28,07:00,50.26,85.19,108.89,8.59,87.76
2023-03-28,08:00,213.46,105.94,219.25,35.1,149.36
2023-03-28,09:00,105.43,60.42,53.64,21.51,147.86
2023-03-28,10:00,128.83,11.04,117.34,22.93,29.25
2023-03-28,11:00,68.71,72.8,138.8,19.66,20.08
2023-03-28,12:00,49.39,4.23,159.84,21.17,90.03
2023-03-28,13:00,86.66,55.77,10.81,13.63,11.34
2023-03-28,14:00,84.22,-5.83,102.71,18.54,55.51
2023-03-28,15:00,24.89,33.08,26.06,5.42,78.11
2023-03-28,16:00,62.6,63.92,97.02,14.99,20.98
2023-03-28,17:00,128.73,17.8,150.42,6.53,77.64
2023-03-28,18:00,18.17,27.27,162.3,5.79,78.85
2023-03-28,19:00,142.63,55.14,124.39,19.89,108.17
2023-03-28,20:00,132.11,54.29,144.5,25.11,71.14
2023-03-28,21:00,147.62,82.71,106.72,23.62,50.87
2023-03-28,22:00,124.35,53.75,227.27,23.42,105.36
2023-03-28,23:00,67.81,34.01,91.12,28.3,134.83
2023-03-28,00:00,87.97,23.79,153.53,16.43,139.14
2023-03-29,01:00,31.45,33.74,220.26,22.27,30.95
2023-03-29,02:00,19.83,10.31,194.87,9.96,129.29
2023-03-29,03:00,34.84,39.47,161.16,21.07,44.45
2023-03-29,04:00,122.68,46.92,167.03,14.69,67.36
2023-03-29,05:00,134.14,60.76,85.03,19.01,27.6
2023-03-29,06:00,120.43,75.08,183.27,8.42,33.77
2023-03-29,07:00,90.49,27.65,236.85,27.63,147.1
2023-03-29,08:00,146.18,63.77,241.75,21.16,124.07
2023-03-29,09:00,179.46,81.55,190.22,31.82,110.54
2023-03-29,10:00,94.51,37.69,100.9,19.34,76.01
2023-03-29,11:00,144.36,-1.84,138.57,20.89,3.46
2023-03-29,12:00,0.65,17.91,32.79,7.93,62.43
2023-03-29,13:00,23.6,16.63,13.9,12.67,89.01
2023-03-29,14:00,98.04,-5.4,88.14,15.15,86.72
2023-03-29,15:00,47.28,38.39,68.59,11.96,36.96
2023-03-29,16:00,108.19,37.54,16.73,8.35,89.2
2023-03-29,17:00,43.01,19.17,85.43,5.77,71.43
2023-03-29,18:00,72.79,9.39,148.84,8.4,64.73
2023-03-29,19:00,42.14,60.67,149.53,4.99,51.75
2023-03-29,20:00,169.03,78.8,202.87,13.24,132.3
2023-03-29,21:00,69.19,66.58,91.08,26.01,104.86
2023-03-29,22:00,127.11,59.47,141.56,25.57,102.56
2023-03-29,23:00,110.44,97.21,165.43,21.54,59.21
2023-03-29,00:00,165.63,39.29,210.43,9.93,113.01
2023-03-30,01:00,134.57,41.96,108.3,16.36,61.09
2023-03-30,02:00,112.09,23.12,132.08,19.59,112.72
2023-03-30,03:00,5.55,65.91,120,3.43,68.39
2023-03-30,04:00,126.22,38.32,68.33,16.3,53.05
2023-03-30,05:00,72.02,13.27,91.37,15.11,12.79
2023-03-30,06:00,25.62,70.92,80.34,7.9,70.77
2023-03-30,07:00,167.37,72.84,193.06,23.27,90.85
2023-03-30,08:00,106.89,63.78,54.13,29.29,82.2
2023-03-30,09:00,134.64,63.41,84.96,18.15,66.2
2023-03-30,10:00,60.32,48.4,107.27,7.77,17.59
2023-03-30,11:00,63.89,27.23,11.58,12.51,21.15
2023-03-30,12:00,53.33,4.36,-5.3,12.29,67.08
2023-03-30,13:00,28.55,7.04,83.84,12.63,45.44
2023-03-30,14:00,7.11,15.43,143.06,12.01,0.6
2023-03-30,15:00,103.73,58.25,7.13,15.12,32.23
2023-03-30,16:00,106.84,-6.76,145.36,5.75,-4.1
2023-03-30,17:00,71.81,12.81,147.64,14.79,0.7
2023-03-30,18:00,60.34,65.32,95.89,2.74,73.44
2023-03-30,19:00,129.44,19.56,0.45,4.27,48.63
2023-03-30,20:00,54.23,48.78,128.22,11.87,139.49
2023-03-30,21:00,71.73,61.78,119.92,18.32,106.7
2023-03-30,22:00,75.34,63.09,60.09,22.51,125.11
2023-03-30,23:00,50.4,89.8,76.21,26.15,132.03
2023-03-30,00:00,53.32,56.23,64.54,12.2,16.24
2023-03-31,01:00,112.83,52.57,11.35,12.68,73.81
2023-03-31,02:00,81.41,16.87,63.69,11.24,9.95
2023-03-31,03:00,13.03,3.62,173.26,7.48,54.36
2023-03-31,04:00,32.7,11.35,60.9,20.24,43.69
2023-03-31,05:00,71.58,4.69,105.4,4.34,29.16
2023-03-31,06:00,23.75,13.81,153.91,11.4,83.7
2023-03-31,07:00,61.16,66.3,116.86,19.69,106.91
2023-03-31,08:00,127.58,31.69,113.19,25.73,85.45
2023-03-31,09:00,92.95,12.86,156.09,10.67,109.57
2023-03-31,10:00,142.23,15.34,46.2,17.08,103.43
2023-03-31,11:00,90.29,-3.69,88.04,11.8,37.96
2023-03-31,12:00,10.98,55.91,81.72,1.38,72.29
2023-03-31,13:00,50.2,15.92,58.25,13.04,100.89
2023-03-31,14:00,72.23,62.11,52.83,13.3,48.24
2023-03-31,15:00,125.77,41.59,104.13,9.57,-7.59
2023-03-31,16:00,96.63,27.93,-19.19,11.06,68.28
2023-03-31,17:00,26.56,28.62,-6.38,7.86,5.31
2023-03-31,18:00,66.39,26.7,61.74,-0.97,12.3
2023-03-31,19:00,7.77,55.16,79.08,5.52,30.97
2023-03-31,20:00,51.78,74.36,37.5,17.5,89.98
2023-03-31,21:00,165.12,73.53,177.35,22.12,99.67
2023-03-31,22:00,321.6,63.32,120.69,15.17,38.54
2023-03-31,23:00,97.1,58.02,140.18,23.83,122.47
2023-03-31,00:00,131,40.24,38.56,6.32,98.4
2023-04-01,01:00,129.9,67.91,57.24,3.05,48.79
2023-04-01,02:00,79.03,69.98,69.9,12.36,7.49
2023-04-01,03:00,96.36,0.91,65.14,6.99,108.73
2023-04-01,04:00,5.61,63.67,24.49,15.46,51.15
2023-04-01,05:00,78.4,56.03,5.06,4.7,56.24
2023-04-01,06:00,112.66,15.41,120.5,18.82,83.18
2023-04-01,07:00,108.94,7.85,21.49,14.08,98.93
2023-04-01,08:00,39.15,49.55,166.3,9.95,34.94
2023-04-01,09:00,117.46,44.93,84.57,23.38,119.17
2023-04-01,10:00,87.15,73.82,43.58,6.68,65.13
2023-04-01,11:00,132.65,13.62,141.12,20.84,98.39
2023-04-01,12:00,54.19,4.33,74.72,13.41,74.97
2023-04-01,13:00,21.13,14.95,126.27,3.17,100.73
2023-04-01,14:00,116.34,-3.52,28.16,16.46,31.65
2023-04-01,15:00,21.7,32.79,64.43,8.65,35.78
2023-04-01,16:00,12.02,27.55,145.02,4.42,-3.47
2023-04-01,17:00,107.55,1.73,18.73,10.56,66.03
2023-04-01,18:00,56.6,47.94,66.63,5.14,46.76
2023-04-01,19:00,51.31,-0.26,56.3,8.61,39.89
2023-04-01,20:00,74.25,14.16,89.11,14.81,106.56
2023-04-01,21:00,139.8,37.86,66.02,21,80.16
2023-04-01,22:00,142.4,29.24,30.58,16.67,70.81
2023-04-01,23:00,107.94,23.56,153.07,5.1,59.84
2023-04-01,00:00,23.25,56.56,164.31,20.06,22.47
2023-04-02,01:00,45.54,70.19,-2.56,16.48,89.55
2023-04-02,02:00,127.31,43.48,80.52,8.3,23.55
2023-04-02,03:00,68.49,48.83,0.79,8.79,-3.98
2023-04-02,04:00,42.98,49.68,146.83,3.94,81.6
2023-04-02,05:00,51.59,38.8,5.51,13.47,34.06
2023-04-02,06:00,86.48,43.19,104.28,12.07,25.57
2023-04-02,07:00,29.18,24.9,35.68,20.48,90.69
2023-04-02,08:00,51.48,31.1,1.55,9.53,74.81
2023-04-02,09:00,73.51,77.33,6.8,4.37,73.48
2023-04-02,10:00,109.75,60.49,154.62,9.27,38.44
2023-04-02,11:00,31.3,50.04,58.23,16.02,72.23
2023-04-02,12:00,13.84,47.23,3.28,20.8,112.42
2023-04-02,13:00,103.92,2.03,103.37,5.93,12.28
2023-04-02,14:00,8.92,13.02,85.35,10.92,62.47
2023-04-02,15:00,26.71,44.29,49.57,14.56,79.34
2023-04-02,16:00,18.91,8.9,66.88,3.7,-12.9
2023-04-02,17:00,93.2,55.08,80.87,7.81,-1.41
2023-04-02,18:00,3.96,-2.3,40.8,2.66,108.88
2023-04-02,19:00,136.84,30.79,88.11,12.62,34.04
2023-04-02,20:00,154.01,16.72,132.59,11.01,38.16
2023-04-02,21:00,96.63,81.06,83.25,8.87,126.07
2023-04-02,22:00,111.65,39.81,86.87,9.34,104.8
2023-04-02,23:00,42.95,54.58,38.67,23.78,121.81
2023-04-02,00:00,26.56,38.59,35.71,20.37,82.22
2023-04-03,01:00,0.49,26.2,75.24,17.78,111.36
2023-04-03,02:00,-4.1,72.34,-16.71,7.07,-3.66
2023-04-03,03:00,29.02,30.43,49.57,2.07,38.67
2023-04-03,04:00,79.73,17.62,-0.23,11.29,49.93
2023-04-03,05:00,40.82,4.58,123.84,13.82,19.83
2023-04-03,06:00,121.18,5.48,13.04,18.21,24.89
2023-04-03,07:00,46.16,70.27,143.14,21.18,118.98
2023-04-03,08:00,155.92,61.87,162.58,17.31,146.18
2023-04-03,09:00,38.5,84.54,34.68,20.55,78.8
2023-04-03,10:00,80.71,54.66,29.64,17.81,13.34
2023-04-03,11:00,102.98,64.71,17.99,2.87,36.7
2023-04-03,12:00,21.46,54.73,-4.45,10.85,85.22
2023-04-03,13:00,71.84,17.72,74.54,2.1,89.52
2023-04-03,14:00,91.65,38.35,99.42,7.09,57.25
2023-04-03,15:00,24.07,22.55,4.8,11.72,73.91
2023-04-03,16:00,109.12,35.55,18.25,3.59,62.14
2023-04-03,17:00,103.31,2.26,80.57,12.32,-13.23
2023-04-03,18:00,17.75,59.63,20.05,14.77,65.27
2023-04-03,19:00,3.49,3.15,11.44,7.79,8.3
2023-04-03,20:00,126.7,65.21,-5.22,7.66,37.65
2023-04-03,21:00,46.53,63.68,27.79,14.49,81.34
2023-04-03,22:00,41.46,22.44,47.19,10.33,116.75
2023-04-03,23:00,50.73,85.93,77.8,13.47,50.13
2023-04-03,00:00,141.11,76.65,93.12,16.77,79.8
2023-04-04,01:00,-1.68,13,108.88,13.34,59.01
2023-04-04,02:00,11.89,33.64,8.44,0.1,92.63
2023-04-04,03:00,61.8,60.38,15.92,8.53,4.53
2023-04-04,04:00,-10.59,6.76,46.34,12.02,58.81
2023-04-04,05:00,91.41,-1.37,122.81,14.22,3.29
2023-04-04,06:00,62.27,35.18,27.47,14.78,78.52
2023-04-04,07:00,64.54,31.04,146.97,9.65,49.52
2023-04-04,08:00,81.92,71.26,8.22,25.05,74.98
2023-04-04,09:00,148.1,56.18,156.24,9.58,67.35
2023-04-04,10:00,74.59,42.63,132.51,12.11,89.81
2023-04-04,11:00,49.67,64.2,52.24,2.58,-10.01
2023-04-04,12:00,91.37,-3.15,53.25,17.74,41.26
2023-04-04,13:00,105.95,4.49,135.51,8.23,-0.17
2023-04-04,14:00,57.41,19.65,3.54,5.41,13.21
2023-04-04,15:00,63.48,-7.39,-3.13,2.02,66.45
2023-04-04,16:00,66.59,-3.77,55.1,1.35,0.85
2023-04-04,17:00,25.37,16.2,64.94,15.28,64.96
2023-04-04,18:00,3.72,24.8,93.62,7.09,11.99
2023-04-04,19:00,109.38,48.21,16.54,10.1,64.39
2023-04-04,20:00,126.34,14,146.7,9.32,102.54
2023-04-04,21:00,148.81,60.74,176.8,20.49,121.28
2023-04-04,22:00,73.41,29.75,175.69,13.32,97.68
2023-04-04,23:00,67.15,64.09,114.77,19.86,66.66
2023-04-04,00:00,77.64,81.18,109.23,6.72,54.52
2023-04-05,01:00,15.79,60.22,97.74,18.4,72.06
2023-04-05,02:00,39.63,35.37,37.62,11.89,38.81
2023-04-05,03:00,58.41,53.14,16.12,9.29,13.31
2023-04-05,04:00,53.84,59.16,38.15,9.57,4.29
2023-04-05,05:00,75.36,15.94,79.46,7.12,49.18
2023-04-05,06:00,60.57,40.93,-6.81,10.51,26.52
2023-04-05,07:00,87.27,48.41,103.02,7.21,105.88
2023-04-05,08:00,136.7,65.5,110.62,19.22,63.9
2023-04-05,09:00,21.53,66.26,1.39,9.42,66.68
2023-04-05,10:00,56.9,40.43,95.64,7.26,87.55
2023-04-05,11:00,-0.56,0.38,103.77,15.11,56.88
2023-04-05,12:00,7.05,10.58,86.48,3.08,38.58
2023-04-05,13:00,23.22,35.88,-3.53,14.61,74.38
2023-04-05,14:00,71.09,35.73,87.86,9.77,13.79
2023-04-05,15:00,12.82,39.62,134.2,18.77,102.13
2023-04-05,16:00,84.62,9.5,140.5,1.51,-0.42
2023-04-05,17:00,94.79,31.23,-4.56,6.03,46.71
2023-04-05,18:00,136.72,8.06,38.2,4.08,62.41
2023-04-05,19:00,58.69,24.8,141.9,12.21,125.49
2023-04-05,20:00,41.68,66.91,70.34,9.32,117.03
2023-04-05,21:00,139.32,70.02,126.98,10.83,97.09
2023-04-05,22:00,58.39,35.3,98.33,12.17,69.96
2023-04-05,23:00,159.52,29.04,73.99,14.59,107.84
2023-04-05,00:00,45.2,25.18,142.8,19.55,66.93
2023-04-06,01:00,140.57,13.5,130.07,5.19,113.56
2023-04-06,02:00,87.63,49.15,22.24,16.99,95.39
2023-04-06,03:00,8.23,4.54,-4.02,18.62,69.83
2023-04-06,04:00,67.97,39.47,105.26,16.65,3.11
2023-04-06,05:00,63.91,14.63,41.02,12.86,97.3
2023-04-06,06:00,41.7,52.11,72.04,12.81,34.38
2023-04-06,07:00,134.45,17.16,176.23,6.32,69.99
2023-04-06,08:00,133.36,80.28,173.22,23.97,78.32
2023-04-06,09:00,95.44,11.46,40.13,21.67,83.6
2023-04-06,10:00,34.79,27.53,55.03,13.62,23.8
2023-04-06,11:00,14.6,-4.33,38.52,11.34,51.45
2023-04-06,12:00,72.51,30.15,160.08,20.91,104.79
2023-04-06,13:00,24.09,6.97,119.49,3.21,60.14
2023-04-06,14:00,131.93,10.76,93.55,4.47,77.63
2023-04-06,15:00,28.65,48.6,102.61,14.35,29.4
2023-04-06,16:00,101.18,44.48,64.25,7.58,89.47
2023-04-06,17:00,86.86,23.37,140.9,8.53,78.2
2023-04-06,18:00,95.65,36.79,9.24,13.08,45.33
2023-04-06,19:00,118.01,33.44,179.96,11.12,32.94
2023-04-06,20:00,48.54,77.49,201.78,25.83,122.24
2023-04-06,21:00,118.25,29.11,227.22,23.61,71.43
2023-04-06,22:00,106.35,43.89,232.05,25.8,71.04
2023-04-06,23:00,73.67,90.59,155.7,26.87,53.86
2023-04-06,00:00,34.24,80.62,178.8,16.68,120.5
2023-04-07,01:00,116.37,39.28,86.37,8.75,77.9
2023-04-07,02:00,148.6,5.14,197.1,20.41,117.13
2023-04-07,03:00,49.6,60.4,81.56,18.15,15.26
2023-04-07,04:00,42.01,69.87,98.8,6.54,61.13
2023-04-07,05:00,62.38,35.73,70.05,1.72,43.14
2023-04-07,06:00,44.22,55.81,43.21,7.06,76.29
2023-04-07,07:00,78.45,21.84,133.63,12.57,106.11
2023-04-07,08:00,168.99,21.44,43.77,24.05,78.13
2023-04-07,09:00,50.03,44.08,173.61,13.94,123.3
2023-04-07,10:00,68.61,46.03,129.75,12.88,6.54
2023-04-07,11:00,119.08,50.36,61.86,4.18,8.62
2023-04-07,12:00,110.73,15.44,153.65,15.67,49.24
2023-04-07,13:00,34.72,42.36,69.54,12.71,13.57
2023-04-07,14:00,50.69,3.43,27.63,6.62,49.73
2023-04-07,15:00,84.29,60.86,60.53,-1.11,45.9
2023-04-07,16:00,28.3,-8.69,92.25,14.72,20.85
2023-04-07,17:00,18.33,35.69,-7.5,5.02,58.44
2023-04-07,18:00,109.78,39.46,-1.29,2.3,62.15
2023-04-07,19:00,126.92,7.93,81.31,22.51,31.03
2023-04-07,20:00,165.8,53.65,91.82,8.13,91.63
2023-04-07,21:00,180.52,70.01,179.62,15.92,101.86
2023-04-07,22:00,155.58,93.15,70.89,13.39,96.07
2023-04-07,23:00,152.61,38.64,229.82,25.52,102.86
2023-04-07,00:00,162.54,51.44,238.5,18.87,122.14
2023-04-08,01:00,134.89,81.78,214.07,16.31,128.01
2023-04-08,02:00,68.39,62.83,43.68,23.63,86.83
2023-04-08,03:00,115.69,9.16,207.05,14.18,24.53
2023-04-08,04:00,102.19,20.76,158.87,21.04,117.98
2023-04-08,05:00,27.67,12.09,168.03,10.26,56.26
2023-04-08,06:00,65.97,47.47,53.57,15.8,71.04
2023-04-08,07:00,134.1,35.67,131.43,23.73,54.89
2023-04-08,08:00,57.23,59.82,98.95,11.18,35.08
2023-04-08,09:00,39.98,79.5,54.75,21.56,134.42
2023-04-08,10:00,158.55,81.42,179.46,23.89,135.54
2023-04-08,11:00,128.99,70.19,14.53,10.62,68.13
2023-04-08,12:00,120.27,75.56,33.47,16.75,64.3
2023-04-08,13:00,96.95,32.67,66.18,10.01,104.61
2023-04-08,14:00,1.42,21.99,50.86,10.53,65.55
2023-04-08,15:00,-9.67,66.78,23.87,6.52,36.21
2023-04-08,16:00,101.75,22.14,-12.27,10.66,60.81
2023-04-08,17:00,38.72,3.49,14.01,3.62,37.7
2023-04-08,18:00,19.03,57.19,69.32,5.55,108.52
2023-04-08,19:00,93.66,81.12,79.25,10.07,95.65
2023-04-08,20:00,37.17,83.13,54.15,15.54,135.8
2023-04-08,21:00,93.08,34.44,75.92,22.13,69.81
2023-04-08,22:00,179.48,46.13,99.96,22.75,137.67
2023-04-08,23:00,99.52,88.54,107.33,13.06,125.42
2023-04-08,00:00,107.86,45.66,154.49,17.17,77.78
2023-04-09,01:00,95.4,26.12,136.94,18.22,63.7
2023-04-09,02:00,138.74,26.5,112.08,15.61,90.46
2023-04-09,03:00,136.93,51.87,31.84,11.56,103.23
2023-04-09,04:00,77.97,50.91,29.45,14.34,15.81
2023-04-09,05:00,110.99,67.98,201.59,18.77,60.85
2023-04-09,06:00,55.89,68.84,124.96,15.92,20.05
2023-04-09,07:00,101.03,63.48,34.72,5.17,72.63
2023-04-09,08:00,100.88,64.44,116.22,21.57,57.43
2023-04-09,09:00,56.48,67.27,36.35,12.88,114.24
2023-04-09,10:00,92.22,61.54,33.16,19.23,33.98
2023-04-09,11:00,131.77,52.93,85.93,9.33,33.73
2023-04-09,12:00,52.28,29.13,126.1,15.66,24.94
2023-04-09,13:00,3.53,26.61,116.79,6.46,54.99
2023-04-09,14:00,62.54,42.39,138.63,13.55,30.67
2023-04-09,15:00,73.09,57.69,-6.15,14.86,100.3
2023-04-09,16:00,86.6,28.51,116.62,8.66,103.79
2023-04-09,17:00,89.63,32.94,138.73,0.7,20.34
2023-04-09,18:00,-1.5,10.44,28.51,3.42,99.27
2023-04-09,19:00,124.72,29.35,172.47,19.53,128.7
2023-04-09,20:00,71.38,40.39,53.86,16.89,99.65
2023-04-09,21:00,157.43,43.22,58.18,15.42,86.25
2023-04-09,22:00,75.96,53.65,91.49,14.48,91.54
2023-04-09,23:00,102.17,53.46,73.63,10.35,77.47
2023-04-09,00:00,130.08,46.66,145.13,10.06,71.44
2023-04-10,01:00,83.62,75.39,148.46,17.21,66.15
2023-04-10,02:00,76.79,21.86,42.24,23.31,74.47
2023-04-10,03:00,65.49,63.48,12.76,23.73,107.05
2023-04-10,04:00,122.85,0.12,37.66,14.81,90.36
2023-04-10,05:00,63.84,52.34,87.97,13.29,73.32
2023-04-10,06:00,81,18.22,168.16,16.04,119.45
2023-04-10,07:00,88.34,62.19,117.85,25.29,44.84
2023-04-10,08:00,146.2,31.89,200.52,23.06,61.22
2023-04-10,09:00,138.5,40.95,87.05,16.2,67.72
2023-04-10,10:00,87.51,26.89,130.49,13.89,28.91
2023-04-10,11:00,56.11,28.25,126.91,12.33,100.17
2023-04-10,12:00,8.25,21.23,64.78,3.04,-3.02
2023-04-10,13:00,19.8,49.56,-20.61,7.88,47.02
2023-04-10,14:00,68.41,29.14,77.68,17.52,-4.28
2023-04-10,15:00,18.48,53.55,-23.61,7.1,24.72
2023-04-10,16:00,86.37,16.79,84.06,8.74,65.9
2023-04-10,17:00,119.23,18.28,56.95,6.87,67.55
2023-04-10,18:00,55.89,11.87,97.01,4.27,101.94
2023-04-10,19:00,58.5,58.32,74.8,22.84,102.74
2023-04-10,20:00,83.66,48.95,176.88,11.91,37.38
2023-04-10,21:00,148.61,46.66,189.13,11.07,113.93
2023-04-10,22:00,67.12,73.27,211.59,27.48,96.34
2023-04-10,23:00,76.39,64,152.49,28.33,91.43
2023-04-10,00:00,128.11,49.9,147.32,25.79,82.15
2023-04-11,01:00,83.29,39.06,144.23,16.42,46.24
2023-04-11,02:00,7.26,12.36,169.37,22.23,65.31
2023-04-11,03:00,126.32,-0.86,140.13,8.71,75.78
2023-04-11,04:00,38.14,20.96,113.54,19.97,84.17
2023-04-11,05:00,108.18,44.1,14.46,8.3,101.77
2023-04-11,06:00,25.97,66.45,4.06,12.27,55.79
2023-04-11,07:00,48.82,8.95,11.96,7.48,123.06
2023-04-11,08:00,42.61,15.51,26.87,31.11,105.89
2023-04-11,09:00,136.7,47.03,156.59,12.99,120.12
2023-04-11,10:00,133.23,67.85,39.37,9.61,15.93
2023-04-11,11:00,25.92,-0.22,124.93,3.83,74.32
2023-04-11,12:00,39.67,60.55,132.69,7.92,32.91
2023-04-11,13:00,18.52,12.51,118.48,10.29,39.63
2023-04-11,14:00,66.74,28.57,151.87,15.23,-10.68
2023-04-11,15:00,131.77,55.4,103.56,9.62,28.16
2023-04-11,16:00,122.6,31.41,47.02,15.85,92.87
2023-04-11,17:00,132.37,36.67,-14.41,4.03,1.4
2023-04-11,18:00,44.02,19.71,114.65,19.33,111.4
2023-04-11,19:00,37.3,39.53,174.35,11,91.67
2023-04-11,20:00,95.33,22.65,51.65,15.74,65.35
2023-04-11,21:00,59.67,26.3,207.25,28.35,57.63
2023-04-11,22:00,191.82,18.12,103.55,25.05,84.5
2023-04-11,23:00,91.14,12.91,57.99,11.11,143.26
2023-04-11,00:00,67.94,28.47,130.41,14.01,65.01
2023-04-12,01:00,122.22,42.65,179.4,21.69,63.74
2023-04-12,02:00,98.98,14.54,136.89,12.11,59.82
2023-04-12,03:00,17.26,16.88,40.94,8.41,48.94
2023-04-12,04:00,140.61,43.74,76.24,15.32,73.86
2023-04-12,05:00,62.08,31.82,34.47,6.09,47.44
2023-04-12,06:00,22.12,3.13,174.71,9.06,57.6
2023-04-12,07:00,174.85,28.03,161.62,11.54,115.28
2023-04-12,08:00,150.5,84.45,123.04,14.41,114.33
2023-04-12,09:00,130.49,5.27,119.41,9.63,42.3
2023-04-12,10:00,37.15,6.82,66.24,17.43,65.73
2023-04-12,11:00,69.78,5.14,3.58,10.71,14.79
2023-04-12,12:00,139.95,-12.05,36.5,6.03,84.59
2023-04-12,13:00,118.58,59.39,136.73,9.58,59.78
2023-04-12,14:00,114.51,45.46,-5.01,8.24,46.47
2023-04-12,15:00,25.2,14.18,150.07,14.73,57.68
2023-04-12,16:00,69.9,51.9,-13.21,4.21,27.45
2023-04-12,17:00,94.44,51.3,129.13,6.66,99.12
2023-04-12,18:00,50.38,7.48,5.22,15.51,39.14
2023-04-12,19:00,101.98,35.3,-1.21,19.24,56.47
2023-04-12,20:00,113.84,56.68,160.07,12.46,94.12
2023-04-12,21:00,177.71,25.21,123.96,10.24,109.93
2023-04-12,22:00,181.13,64.92,108.19,11.71,149.66
2023-04-12,23:00,70.49,42.26,91.26,25.06,140.68
2023-04-12,00:00,136.74,70.25,57.36,7.11,116.07
2023-04-13,01:00,73.44,53.07,209.13,21.99,123.69
2023-04-13,02:00,120.81,50.63,151.06,6.03,64.85
2023-04-13,03:00,105.8,51.31,187.26,19.79,83.88
2023-04-13,04:00,6.86,45.7,197.5,14.12,88.7
2023-04-13,05:00,54.8,37.59,89.49,17.96,88.07
2023-04-13,06:00,65.04,8.17,116.61,9.15,112.42
2023-04-13,07:00,103.83,8.96,106.77,13.07,52.58
2023-04-13,08:00,119.57,24.85,52.99,31.2,82.31
2023-04-13,09:00,115.3,16.76,128.01,19.21,120.43
2023-04-13,10:00,131.02,1.8,112.49,4.06,52.67
2023-04-13,11:00,114.41,1.01,74.57,6.58,22.01
2023-04-13,12:00,98.67,51.03,14.37,16.42,79.72
2023-04-13,13:00,49.13,-3.24,90.39,13.31,6.39
2023-04-13,14:00,120.24,-2.62,4.53,9.94,15.94
2023-04-13,15:00,17.05,39.18,40.85,15.59,63.01
2023-04-13,16:00,0.02,-11.07,80.86,4.98,47.68
2023-04-13,17:00,35.93,8.66,98.85,15.88,-1.46
2023-04-13,18:00,14.23,13.02,121.48,6.46,2.86
2023-04-13,19:00,118.24,18.27,133.33,16.13,106.97
2023-04-13,20:00,44.66,21.02,58.37,16.51,37.85
2023-04-13,21:00,70.2,35.9,38.53,7.67,138.9
2023-04-13,22:00,160.62,52.31,171.97,10.84,33.27
2023-04-13,23:00,96.68,70.67,152.67,10.06,23.06
2023-04-13,00:00,119.67,70.81,187.76,20.9,121.64
2023-04-14,01:00,125.94,4.18,183.01,0,109.3
2023-04-14,02:00,102.34,25.75,107.28,30.45,102.28
2023-04-14,03:00,102.55,64.06,56.17,4.31,78.63
2023-04-14,04:00,50.06,22.71,74.67,15.68,26.87
2023-04-14,05:00,49.59,58.15,21.41,18.11,19.01
2023-04-14,06:00,87.27,19.08,35.02,7.97,83.13
2023-04-14,07:00,69.61,18.19,135.85,19.35,45.4
2023-04-14,08:00,98.33,43.84,148.18,22.51,132.68
2023-04-14,09:00,83.2,28.9,106.5,13.23,93.7
2023-04-14,10:00,148.44,18.35,81.85,14.63,106.93
2023-04-14,11:00,47.63,-9.05,114.21,10.85,72.55
2023-04-14,12:00,6.35,-1.63,132.76,18.37,73.06
2023-04-14,13:00,-2.62,13.63,36.36,14.26,25.07
2023-04-14,14:00,106.85,12.71,59.84,17.69,-3.13
2023-04-14,15:00,35.57,48.31,114.68,7.39,94.79
2023-04-14,16:00,0.94,10.1,50.47,17,61.37
2023-04-14,17:00,45.11,17.71,6.87,12.4,9.77
2023-04-14,18:00,108.99,39.24,67.72,4.46,27.03
2023-04-14,19:00,111.49,36.47,17.24,20.33,60.25
2023-04-14,20:00,91.18,59.4,176.85,16.88,22.43
2023-04-14,21:00,36.7,15.02,80.15,10.69,111.67
2023-04-14,22:00,164.31,65.45,27.23,18.37,133.9
2023-04-14,23:00,118.89,48.96,116.89,10.94,83.22
2023-04-14,00:00,104.61,20.29,60.74,17.6,74.58
2023-04-15,01:00,38.04,62.56,164.48,11.45,68.08
2023-04-15,02:00,108.75,10.35,26.01,5.74,71.23
2023-04-15,03:00,87.57,12.74,134.65,17.05,4.66
2023-04-15,04:00,-13.52,64.48,-10.94,17.02,23.03
2023-04-15,05:00,125.45,60.25,17.9,7.52,60.81
2023-04-15,06:00,-13.09,33.03,94.09,4.63,1.86
2023-04-15,07:00,26.61,45.07,59.78,14.03,99.85
2023-04-15,08:00,89.01,65.22,3.98,12.42,50.93
2023-04-15,09:00,72.64,20.06,36.06,14.09,80.15
2023-04-15,10:00,120.33,27.35,124.25,13.68,105.63
2023-04-15,11:00,42.65,28.01,155.58,15.41,113.03
2023-04-15,12:00,-0.79,10.11,71.8,12.47,61.34
2023-04-15,13:00,85.43,35.13,-7.72,14.7,61.43
2023-04-15,14:00,23.49,-1.99,66.24,7.87,65.94
2023-04-15,15:00,92.15,36.41,12.33,16.58,104.27
2023-04-15,16:00,19.07,39.84,110.51,16.6,40.91
2023-04-15,17:00,45.51,36.54,135.53,12.51,71.16
2023-04-15,18:00,10.17,43.01,97.2,7.87,58.91
2023-04-15,19:00,48.97,21.06,110.15,8.03,75.99
2023-04-15,20:00,138.36,15.38,78.58,6.01,55.97
2023-04-15,21:00,83.14,21.81,164.06,8.59,80.53
2023-04-15,22:00,136.92,58.5,116.11,16.75,45.87
2023-04-15,23:00,126.38,45.68,165.93,15.81,124.53
2023-04-15,00:00,71.31,79.77,108.58,16.81,79.94
2023-04-16,01:00,102.61,16.61,66.09,7.14,76.26
2023-04-16,02:00,38.29,34.8,141.83,13.43,59.37
2023-04-16,03:00,59.09,59.24,118.2,18.5,93.12
2023-04-16,04:00,48.52,60.52,48.31,14.89,96.44
2023-04-16,05:00,31.84,66.69,131.1,6.51,98.76
2023-04-16,06:00,108.35,-2.59,126.89,16.03,60.61
2023-04-16,07:00,92.32,16.64,138.4,18.43,6.39
2023-04-16,08:00,24.92,48.89,177.94,14.01,92.67
2023-04-16,09:00,52.28,40.16,4.56,6.61,37.05
2023-04-16,10:00,130.54,46.71,171.08,20.73,35.78
2023-04-16,11:00,100.54,28.09,172.62,3.12,90.58
2023-04-16,12:00,65.11,32.12,87.18,18.56,67.84
2023-04-16,13:00,41.82,68.34,83.21,1.98,107.9
2023-04-16,14:00,90.74,56.41,91.43,16.68,36.01
2023-04-16,15:00,87.42,44.46,-13.61,0.97,12.14
2023-04-16,16:00,62.86,66.13,1.02,13,99.9
2023-04-16,17:00,128.78,35.11,51.21,16.16,3.26
2023-04-16,18:00,109.46,55.76,-14.17,1.7,79.23
2023-04-16,19:00,108.1,38.23,140.75,15.34,75.19
2023-04-16,20:00,131.99,76.24,67.92,14.79,130.27
2023-04-16,21:00,154.13,55.89,140.75,17.17,55.72
2023-04-16,22:00,163.77,55.98,163.87,15.59,131.88
2023-04-16,23:00,71.08,88.51,93.91,22.93,77.87
2023-04-16,00:00,129.2,44.29,35.17,11.27,75.88
2023-04-17,01:00,74.15,14.24,144.79,18.23,11.44
2023-04-17,02:00,74.59,7.54,58.35,12.73,89.3
2023-04-17,03:00,57.6,41.53,89.39,13.32,99.44
2023-04-17,04:00,20.95,9.31,92.61,17.01,56.54
2023-04-17,05:00,49.93,57.53,82.7,11.83,57.12
2023-04-17,06:00,128.3,34.4,186.4,11.51,24.75
2023-04-17,07:00,122.35,72.93,32.05,13.83,69.2
2023-04-17,08:00,99.75,41.54,142.84,26.49,52.19
2023-04-17,09:00,59.57,58.26,27.55,15.73,121.15
2023-04-17,10:00,126.7,68.24,77.93,15.49,87.57
2023-04-17,11:00,97.4,53.2,94.85,7.13,8.36
2023-04-17,12:00,83.15,54.72,128.03,13.67,10.01
2023-04-17,13:00,-9.76,4.03,-15.07,12.21,96.12
2023-04-17,14:00,16.59,6.91,-8.91,12.98,41.04
2023-04-17,15:00,103.91,30.67,32.41,-0.81,-6.76
2023-04-17,16:00,6.66,-3.41,130.69,3.93,55.87
2023-04-17,17:00,81.42,30.74,141.61,14.69,72.71
2023-04-17,18:00,43.9,57.96,86.03,9.08,37.23
2023-04-17,19:00,119.85,68.35,83.76,2.05,39.2
2023-04-17,20:00,161.29,23.11,157.22,20.49,68.88
2023-04-17,21:00,82.82,20.67,60.21,10.7,107.66
2023-04-17,22:00,114.86,65.96,178.4,25.29,70.96
2023-04-17,23:00,141.3,22.98,176.44,15.17,111.15
2023-04-17,00:00,101.01,48.97,17.67,3.11,112.77
2023-04-18,01:00,84.8,22.71,26.22,9.78,116.57
2023-04-18,02:00,16.37,49.72,71.77,6.22,93.01
2023-04-18,03:00,68.62,53.89,19.2,4.22,10.36
2023-04-18,04:00,52.59,0.36,63.29,7.59,93.61
2023-04-18,05:00,15.12,39.9,113.14,10.63,12.84
2023-04-18,06:00,37.11,57.73,26.78,12.93,-6.2
2023-04-18,07:00,97.72,52.8,41.07,12.7,36.7
2023-04-18,08:00,170.55,46.45,85.24,14.23,53.17
2023-04-18,09:00,128.41,54.75,166.61,11.11,22.22
2023-04-18,10:00,23.02,52.79,138.83,11.89,51.54
2023-04-18,11:00,106.62,34.03,105.77,3.13,60.66
2023-04-18,12:00,19.12,13.7,26.6,15.54,66.62
2023-04-18,13:00,83.57,3.63,72.47,18.04,56.28
2023-04-18,14:00,-7.34,50.63,64.85,6.71,49.3
2023-04-18,15:00,58.49,49.53,15.71,14.81,93.41
2023-04-18,16:00,30.89,33.32,55.43,12.71,8.48
2023-04-18,17:00,110.54,-1.25,54.91,9.25,105.72
2023-04-18,18:00,58.3,61.49,-5.57,7.17,49.52
2023-04-18,19:00,126.74,7.93,-4.88,5.14,49.75
2023-04-18,20:00,133.7,61.47,38.46,11.87,89.55
2023-04-18,21:00,147.7,74.56,108.28,12.82,87.81
2023-04-18,22:00,138.83,84.91,126.19,18.67,56.67
2023-04-18,23:00,35.59,35.73,51.13,10.13,64.59
2023-04-18,00:00,74.31,6.31,176.26,8.28,18.16
2023-04-19,01:00,9.82,67.78,59.37,9.33,77.24
2023-04-19,02:00,68.89,10.59,12.12,5.37,-1.79
2023-04-19,03:00,-4.24,19.67,52.86,11.35,42.77
2023-04-19,04:00,81.98,13.07,142.82,12.8,75.43
2023-04-19,05:00,19.42,-3.12,149.58,1.08,-0.62
2023-04-19,06:00,70.2,15.67,136.46,4.07,31.51
2023-04-19,07:00,69.72,34.85,147.04,5.2,116.56
2023-04-19,08:00,53.98,80.96,47.93,19.32,117.85
2023-04-19,09:00,91.26,28.98,69.66,14.28,126.15
2023-04-19,10:00,118.01,25.49,161.61,8.14,60.66
2023-04-19,11:00,133.73,41.09,146.86,2.9,86.76
2023-04-19,12:00,46.78,53.01,0.04,9.79,31.92
2023-04-19,13:00,41.64,-1.21,-31.96,7.14,56.07
2023-04-19,14:00,124.9,-10.76,58.25,12.04,-7.1
2023-04-19,15:00,27.93,60.2,-4.62,3.55,4.71
2023-04-19,16:00,-11.5,32.18,102.08,14.33,85.23
2023-04-19,17:00,98.64,7.13,82.92,6.41,-7.08
2023-04-19,18:00,-8.1,-2.17,-31.61,5.73,44.87
2023-04-19,19:00,71.22,48.79,129.94,6.11,101.76
2023-04-19,20:00,81.47,9.64,38.22,10.14,83.78
2023-04-19,21:00,117.29,75.05,102.01,7.78,55.63
2023-04-19,22:00,109.57,70.04,40.81,8.92,78.43
2023-04-19,23:00,59.26,26.31,59.63,13.63,85.53
2023-04-19,00:00,99.27,49.1,137.46,12.64,87.93
2023-04-20,01:00,68.84,53.35,-0.53,1.42,43.51
2023-04-20,02:00,30.77,2.42,-6.48,5.55,20.38
2023-04-20,03:00,64.22,-7.03,-28.33,6.82,19.73
2023-04-20,04:00,33.29,57.96,112.82,4.19,81.63
2023-04-20,05:00,-20.3,16.62,121.79,8.96,-14.65
2023-04-20,06:00,-5.38,42.55,70.33,13.91,74.15
2023-04-20,07:00,52.68,8.67,41.73,10.66,78.32
2023-04-20,08:00,109.91,77.5,124.65,23.96,97.49
2023-04-20,09:00,23,59.98,64.55,11.33,19.48
2023-04-20,10:00,62.89,36.46,117.89,16.62,88.72
2023-04-20,11:00,57.28,-2.27,48.89,5.38,30.13
2023-04-20,12:00,16.53,44.86,15.98,14.75,96.19
2023-04-20,13:00,5.3,-14.17,-34.59,7.92,36.74
2023-04-20,14:00,47.43,53.46,108.39,13.04,-1.85
2023-04-20,15:00,-15.07,47.22,6.66,1.19,-7.08
2023-04-20,16:00,35.48,-1.5,27.35,15.17,81.06
2023-04-20,17:00,72.18,32.99,105.94,3.15,47.85
2023-04-20,18:00,127.48,10.7,142.08,15.8,67.73
2023-04-20,19:00,118.47,40.05,47.12,7.41,105.48
2023-04-20,20:00,138.57,17,65.22,2.12,98.83
2023-04-20,21:00,128.29,38.01,116.2,19.39,81.18
2023-04-20,22:00,124.61,52.94,31.94,8.59,61.09
2023-04-20,23:00,16.09,64.55,56.83,9.52,100.04
2023-04-20,00:00,137.47,63.09,99.37,4.44,49.31
2023-04-21,01:00,-2.69,35.77,108.82,14.05,33.66
2023-04-21,02:00,121.79,56.74,126.07,12.23,45.58
2023-04-21,03:00,9.65,9.39,13.37,12.73,59.43
2023-04-21,04:00,100.85,38.2,116.11,3.55,87.72
2023-04-21,05:00,95.45,33.76,148.58,-0.86,70.14
2023-04-21,06:00,-11.1,21.21,56.04,10.17,77.18
2023-04-21,07:00,54.98,4.56,160.89,9.98,36.93
2023-04-21,08:00,100.23,19.96,181.16,21.07,103.08
2023-04-21,09:00,30.63,45.15,64.05,8.97,80.6
2023-04-21,10:00,15.67,22.64,79.42,15.93,48.93
2023-04-21,11:00,23.94,31.55,53.51,7.99,81.16
2023-04-21,12:00,44.39,18.98,-28.34,6.71,14.55
2023-04-21,13:00,-15.43,28.56,45.27,6.29,9.56
2023-04-21,14:00,23.2,56.15,22.43,7.92,85.21
2023-04-21,15:00,105.72,-2.54,29.68,8.83,24.07
2023-04-21,16:00,48.87,55.35,8.26,0.03,59.88
2023-04-21,17:00,42.92,51.8,92.7,-1.64,58.2
2023-04-21,18:00,86.56,-1.43,134.07,9.14,86.3
2023-04-21,19:00,70.88,16.8,98.9,6.19,95.43
2023-04-21,20:00,32.66,33.49,10.37,14.32,94.87
2023-04-21,21:00,65.74,75.9,164.04,19.78,67.2
2023-04-21,22:00,101.24,34.15,87.74,6.37,35.27
2023-04-21,23:00,48.54,43.87,64.23,13.22,116.36
2023-04-21,00:00,87.19,18.54,62.32,3.8,95.59
2023-04-22,01:00,112.51,49.2,12.77,9.04,12.22
2023-04-22,02:00,71.71,21.04,0.08,4.37,92.91
2023-04-22,03:00,22.02,13.81,57.3,-0.36,32.67
2023-04-22,04:00,64.8,9.64,22.48,1.49,15.99
2023-04-22,05:00,64.36,18.26,47.6,5.12,40.48
2023-04-22,06:00,-14.81,-12.82,111.72,9.98,49.21
2023-04-22,07:00,-17.46,38.61,121.73,-0.51,66.6
2023-04-22,08:00,41.13,21.77,122.09,6.63,97.55
2023-04-22,09:00,86.52,46.33,37.31,15.12,117.45
2023-04-22,10:00,71.62,18.82,115.04,10.43,119.57
2023-04-22,11:00,61.93,6.71,75.3,12.26,99.54
2023-04-22,12:00,25.43,-5.89,142.08,5.15,7.03
2023-04-22,13:00,25.21,43.15,62.48,3.32,89.47
2023-04-22,14:00,61.32,60.55,-0.74,3.29,23.84
2023-04-22,15:00,14.62,53.43,-20.09,11.82,29.59
2023-04-22,16:00,42.91,37.94,50.21,6.35,7.65
2023-04-22,17:00,71.97,-3.65,-1.49,17.54,86.49
2023-04-22,18:00,48.4,36.29,57.67,3.72,81.65
2023-04-22,19:00,27.27,38.16,146.27,13.22,79.97
2023-04-22,20:00,80.31,9.21,49.08,2.56,57.16
2023-04-22,21:00,108.88,74.52,72.57,13.75,48.28
2023-04-22,22:00,101.29,0.36,92.49,13.95,103.37
2023-04-22,23:00,20.69,14.83,0.94,20.46,50.92
2023-04-22,00:00,113.71,18.2,67.75,9.02,72.61
2023-04-23,01:00,90.44,63.33,11.71,11.86,4.78
2023-04-23,02:00,114.43,0.1,120.19,15.36,57.34
2023-04-23,03:00,96.72,8.99,130.46,14.93,88.6
2023-04-23,04:00,81.57,51.84,-10.38,6.62,3.45
2023-04-23,05:00,-0.18,-2.93,81.14,0.39,61.19
2023-04-23,06:00,117.67,20.91,140.63,12.58,5.56
2023-04-23,07:00,44.71,-1.12,80.4,11.02,17.47
2023-04-23,08:00,106.77,50.05,107.7,9.9,60.61
2023-04-23,09:00,84.15,20.19,60.46,17.6,32.6
2023-04-23,10:00,11.08,52.74,91.47,16.14,104.4
2023-04-23,11:00,16.96,63.57,99.54,8.51,88.82
2023-04-23,12:00,21.02,62.79,73.01,5.81,99.85
2023-04-23,13:00,71.93,15.04,150.15,5.96,-5.77
2023-04-23,14:00,130.11,57.66,-18.24,3.53,60.48
2023-04-23,15:00,45.11,23.81,143.46,8.62,49.99
2023-04-23,16:00,89.07,-9.85,49.22,-0.72,-2.82
2023-04-23,17:00,70.4,13.79,139.3,-0.56,21.58
2023-04-23,18:00,93.51,33.22,122.33,17.4,29.14
2023-04-23,19:00,2.31,0.26,103.68,18.04,53.22
2023-04-23,20:00,80.19,43.61,-4.52,3.5,25.57
2023-04-23,21:00,88.81,45.41,135.45,14.66,76.93
2023-04-23,22:00,40,40.1,86.34,6.87,118.4
2023-04-23,23:00,29.64,27.42,63.77,9.04,78.5
2023-04-23,00:00,85,26.63,49.35,16.56,-1.49
2023-04-24,01:00,100.13,27.68,107.66,6.85,67.46
2023-04-24,02:00,96.78,28.76,-24.83,10.44,73.32
2023-04-24,03:00,43.98,35.75,146.19,10.83,47.64
2023-04-24,04:00,92.02,22.59,-29.91,7.96,47.56
2023-04-24,05:00,0.65,-9.45,109.5,12.12,38.01
2023-04-24,06:00,34.21,64.03,0.17,1.12,62.63
2023-04-24,07:00,119.66,36,153.41,4.47,96.71
2023-04-24,08:00,129.37,65.83,28.44,11.34,36.3
2023-04-24,09:00,61.52,72.27,75.2,20.2,57.52
2023-04-24,10:00,122.79,10.99,102.45,12.99,39.35
2023-04-24,11:00,112.42,28.25,127.07,3.52,96.31
2023-04-24,12:00,73.44,38.07,-3.83,1.26,11.97
2023-04-24,13:00,47.38,10.63,102.67,12.48,25.78
2023-04-24,14:00,102.88,4.4,19.89,0.85,29.75
2023-04-24,15:00,96,55.97,1.62,13.69,-16.58
2023-04-24,16:00,-4.62,59.84,72.1,0.35,13.43
2023-04-24,17:00,51.68,7.92,-2.17,3.53,-8.33
2023-04-24,18:00,35.83,14.89,128.62,16.57,5.62
2023-04-24,19:00,38.34,13.55,74.79,6.89,58.89
2023-04-24,20:00,8.4,79.75,69.63,19.41,33.14
2023-04-24,21:00,22.46,19.29,112.15,22.84,87.1
2023-04-24,22:00,18.89,27.85,21.41,14.51,73.54
2023-04-24,23:00,32.05,80.43,113.09,20.72,28.57
2023-04-24,00:00,121.56,15.84,60.96,18.86,82.29
2023-04-25,01:00,21.56,91.72,14.66,4.56,87.22
2023-04-25,02:00,-20.17,7.51,-11.4,12.17,68.43
2023-04-25,03:00,56.1,32.5,35.21,15.24,-18.05
2023-04-25,04:00,110.78,53.58,94.15,12.07,-14.06
2023-04-25,05:00,108.24,12.52,105.07,3.91,28.68
2023-04-25,06:00,67.95,52.65,149.56,1.56,16.05
2023-04-25,07:00,-1.78,61.93,154.04,7.05,81.86
2023-04-25,08:00,119.44,82.5,59.46,15.77,71.98
2023-04-25,09:00,106.88,34.01,117.11,6.5,91.75
2023-04-25,10:00,17.58,63.61,154.83,2.27,35.92
2023-04-25,11:00,51.6,24.21,30.33,6.38,101.58
2023-04-25,12:00,33.3,42.17,69.31,3.13,95.52
2023-04-25,13:00,28.36,26.92,54.9,6.54,2.24
2023-04-25,14:00,50.75,71.67,126.62,13.57,29.38
2023-04-25,15:00,72.1,11.06,72.51,10.57,40.93
2023-04-25,16:00,-8.36,41.71,-23.81,12,7.92
2023-04-25,17:00,97.9,29.25,-24.03,8.89,-4.41
2023-04-25,18:00,49.75,56.06,46.71,4.43,6.52
2023-04-25,19:00,99.91,48.05,132.15,6.66,30.35
2023-04-25,20:00,40.15,85.87,153.74,15.89,52.22
2023-04-25,21:00,140.68,84.72,186.89,8.77,111.06
2023-04-25,22:00,52.37,83.58,108.01,8.49,133.49
2023-04-25,23:00,96.34,39.72,151.6,10.42,56.74
2023-04-25,00:00,105.79,27.08,156.94,15.24,34.09
2023-04-26,01:00,96.3,25.14,100.49,18.76,76.48
2023-04-26,02:00,118.29,1.85,159.68,2.61,12.7
2023-04-26,03:00,92.02,61.17,119.96,5.42,77.87
2023-04-26,04:00,95.62,64.67,86.58,14.47,74.42
2023-04-26,05:00,117.7,-7.05,110.42,11.27,-5.39
2023-04-26,06:00,50.17,17.57,126.72,9.29,71.32
2023-04-26,07:00,110.12,34.49,177.58,11.4,45.38
2023-04-26,08:00,140.53,53.63,183.68,16.91,48.53
2023-04-26,09:00,60.3,15.26,115.49,15.15,50.23
2023-04-26,10:00,82.62,19.65,36.28,1.75,83.67
2023-04-26,11:00,80.8,36.29,75.4,11.19,33.75
2023-04-26,12:00,4.89,8.07,37.19,3.89,11.73
2023-04-26,13:00,68.31,34.11,106.21,4.84,95.72
2023-04-26,14:00,-1.8,34.86,86.19,16.33,80.96
2023-04-26,15:00,19.42,1.69,56.95,3.65,76.81
2023-04-26,16:00,91.1,56.63,-1.76,7.57,83.43
2023-04-26,17:00,34.4,42.89,87.86,13.25,59.26
2023-04-26,18:00,49.45,62.62,3.48,15.59,91.97
2023-04-26,19:00,60.36,45.15,26.35,3.89,120.57
2023-04-26,20:00,60.25,73.66,80.47,21.81,45.9
2023-04-26,21:00,128.14,57.53,88.41,17.31,115.28
2023-04-26,22:00,154.54,80.12,133.94,24.13,65.72
2023-04-26,23:00,73.24,25.34,42.21,17.85,137.79
2023-04-26,00:00,161.63,29.43,69.2,19.1,14.6
2023-04-27,01:00,89.8,58.74,106.68,10.56,69.26
2023-04-27,02:00,94.64,45.6,81.43,3.07,39.42
2023-04-27,03:00,90.36,44.13,135.8,4.55,48
2023-04-27,04:00,64.06,21.19,160.55,9.81,12.21
2023-04-27,05:00,60.55,68.22,166.06,1.86,101.34
2023-04-27,06:00,14.9,9.87,183.59,6.47,41.76
2023-04-27,07:00,16.31,19.58,34.05,7.18,84.51
2023-04-27,08:00,68.12,66.01,198.48,15.95,118.24
2023-04-27,09:00,64.62,30.5,64.88,8.42,47.15
2023-04-27,10:00,102.82,50.59,1.99,1.59,65.31
2023-04-27,11:00,0.23,2.79,142.83,9.29,76.47
2023-04-27,12:00,16.8,18.83,82.41,5.82,67.38
2023-04-27,13:00,3.09,54.89,-19.93,11.46,79.18
2023-04-27,14:00,73.09,10.62,129.17,6.37,-1.98
2023-04-27,15:00,118.87,34.81,36,8.25,65.01
2023-04-27,16:00,84.5,56.19,54.5,8.38,45.64
2023-04-27,17:00,-9.57,43.77,-8.05,-2.47,-5.77
2023-04-27,18:00,20.66,27.67,67.8,13.59,23.06
2023-04-27,19:00,41.23,5.16,54.62,14.69,3.43
2023-04-27,20:00,118.45,30.76,77.82,9.88,48.95
2023-04-27,21:00,78.48,30.77,152.29,11.95,112.97
2023-04-27,22:00,71.04,67.3,127.89,7.91,98.94
2023-04-27,23:00,130.07,81.67,151.57,6.23,102.11
2023-04-27,00:00,124.63,17,134.11,19.68,27.22
2023-04-28,01:00,109.18,41.49,140.54,13.83,70.27
2023-04-28,02:00,115.1,26.46,43.16,7.74,19.69
2023-04-28,03:00,-0.53,51.08,118.16,7.19,72.79
2023-04-28,04:00,103.38,37.04,23.44,3.92,66.71
2023-04-28,05:00,10.64,26.23,17.61,1.93,91.33
2023-04-28,06:00,0.37,63.23,8.62,13.93,100.76
2023-04-28,07:00,32.16,58.54,65.17,8.03,61.46
2023-04-28,08:00,26.93,66.35,100.23,24.04,77.63
2023-04-28,09:00,34.32,15.09,118.35,18.77,64.62
2023-04-28,10:00,86.87,55.49,16.19,7.61,23.07
2023-04-28,11:00,117.77,11.05,48.54,6.41,56.01
2023-04-28,12:00,126.64,9.08,5.05,-0.45,80.02
2023-04-28,13:00,94.91,-6.77,-40.15,14.9,82.2
2023-04-28,14:00,19.76,10.66,104.37,15.71,-11.02
2023-04-28,15:00,86.23,3.94,-17.11,14.34,-10.75
2023-04-28,16:00,64.17,51.66,18.51,3.66,85.29
2023-04-28,17:00,51.87,-11.86,136.59,-2.93,75.52
2023-04-28,18:00,17.1,35.45,2.17,11.54,43.73
2023-04-28,19:00,102.94,43.81,21.82,2.54,53.29
2023-04-28,20:00,92.55,6.88,103.16,11.15,99.32
2023-04-28,21:00,71.7,4.21,79.59,1.29,76.59
2023-04-28,22:00,123.71,59.19,14.25,9.46,111.41
2023-04-28,23:00,127.57,32.91,23.23,12.09,100.49
2023-04-28,00:00,60.2,52.54,122.4,8.48,9.9
2023-04-29,01:00,66.27,59.86,78.37,8.51,-6.96
2023-04-29,02:00,115.5,8.28,121.17,9.37,8.79
2023-04-29,03:00,75.24,40.42,61.57,1.86,-4.8
2023-04-29,04:00,24.05,51.39,-24.83,6.83,90.06
2023-04-29,05:00,89.64,5.45,69.77,14.66,62.65
2023-04-29,06:00,89.24,2.95,-9.01,8.76,-2.32
2023-04-29,07:00,118.71,20.45,5.76,14.29,42.54
2023-04-29,08:00,112.97,37.29,-4.83,10.39,1.61
2023-04-29,09:00,79.02,21.87,123.37,7.2,110.01
2023-04-29,10:00,11.68,19.1,55.01,18.49,84.35
2023-04-29,11:00,34.63,4.01,-16.08,13.51,15.61
2023-04-29,12:00,121.78,51.9,112.51,11.3,68.54
2023-04-29,13:00,98.69,41.84,72.04,14.86,-3.61
2023-04-29,14:00,56.25,-3.52,94.32,13.33,3.39
2023-04-29,15:00,14.28,30.76,119.33,10.52,56.12
2023-04-29,16:00,47.35,3.77,136.31,8.38,85.91
2023-04-29,17:00,53.09,61.5,-17.11,4.79,-5.66
2023-04-29,18:00,90.17,47.95,111.07,16.4,70.42
2023-04-29,19:00,74.37,-3.4,30.98,9.58,88.39
2023-04-29,20:00,31.93,50.37,173.82,6.92,78.99
2023-04-29,21:00,154.38,47.28,43.64,9.04,112.24
2023-04-29,22:00,38.49,19.49,150.15,20.7,39.75
2023-04-29,23:00,160.17,58.83,154.1,10.29,109.57
2023-04-29,00:00,17.95,49.27,150.81,11.87,84.81
2023-04-30,01:00,20.15,10.96,71.23,3.43,18.44
2023-04-30,02:00,62.27,36.96,30.98,11.96,50.56
2023-04-30,03:00,121.63,38.05,134.1,4.69,21.88
2023-04-30,04:00,6.67,27.72,108.07,16.57,96.59
2023-04-30,05:00,115.48,50.08,162.89,4.05,83.75
2023-04-30,06:00,52.73,9.06,34.86,14.4,-3.71
2023-04-30,07:00,9.5,29.19,134,11.23,83.29
2023-04-30,08:00,31.36,12.25,119.97,13.07,65.93
2023-04-30,09:00,62.4,57.56,36.63,8.28,47.14
2023-04-30,10:00,110.82,14.07,52.87,5.66,55.7
2023-04-30,11:00,118.01,49.95,-7.43,3.28,71.71
2023-04-30,12:00,8.18,-1.58,23.34,9.39,42.44
2023-04-30,13:00,58.63,33.21,84.74,10.42,38.71
2023-04-30,14:00,-12.32,7.7,90.88,7.66,96.45
2023-04-30,15:00,-5.59,42.31,39.59,1.81,-8.38
2023-04-30,16:00,115.98,49.79,-10.92,2.24,97.32
2023-04-30,17:00,90.54,12.99,70.57,15.49,-6.22
2023-04-30,18:00,90.6,63.99,87.31,7.69,4.96
2023-04-30,19:00,124.53,20.32,91.72,4.48,15.7
2023-04-30,20:00,26.71,52.89,96.09,7.53,46.85
2023-04-30,21:00,71.98,36.38,102.01,5.55,31.47
2023-04-30,22:00,43.6,37.44,44.79,18.91,117.4
2023-04-30,23:00,30.85,68.58,36.24,14.3,113.03
2023-04-30,00:00,117.52,40.58,93.49,18.64,13.5
2023-05-01,01:00,82.62,35.63,131.92,7.75,92.37
2023-05-01,02:00,34.75,35.25,157.12,-0.23,51.36
2023-05-01,03:00,-13.83,45.31,91.55,14.25,45.86
2023-05-01,04:00,39.41,10.63,7.42,14.17,17.53
2023-05-01,05:00,95.73,-1.89,29.34,0.84,68.31
2023-05-01,06:00,20.88,8.42,33.39,11.31,8.89
2023-05-01,07:00,14.55,67.36,75.58,13.53,63.4
2023-05-01,08:00,72.93,70.1,88.04,6.2,100.74
2023-05-01,09:00,129.09,36.35,67.8,11.34,45.97
2023-05-01,10:00,125.78,38.12,158.88,6.04,22.61
2023-05-01,11:00,93.03,56.73,157.62,6.12,86.32
2023-05-01,12:00,-9.25,24.51,84.54,9.35,94.71
2023-05-01,13:00,120.36,58.81,-16.96,12.73,-2.65
2023-05-01,14:00,-13.1,35.2,29.01,8.91,90.29
2023-05-01,15:00,108.75,46.77,87.47,13.58,7.9
2023-05-01,16:00,-2.08,40.71,95.03,8.74,21.3
2023-05-01,17:00,7.45,-9.29,23.39,2.79,98.03
2023-05-01,18:00,76.54,9,6.28,5.52,0.45
2023-05-01,19:00,47.44,30.71,54.65,14.83,29.81
2023-05-01,20:00,124.7,19.65,141.4,18.48,103.01
2023-05-01,21:00,40.21,72.23,114.27,3.63,90.62
2023-05-01,22:00,26.41,54.27,145.57,19.27,127.13
2023-05-01,23:00,100.21,40.94,100.7,9.24,56.91
2023-05-01,00:00,79.96,61.57,136.72,15.78,54.85
2023-05-02,01:00,86,42.37,137.87,10.98,42.29
2023-05-02,02:00,91.46,12.19,26.34,5.32,90.78
2023-05-02,03:00,63.62,49.9,13.61,2.36,60.68
2023-05-02,04:00,16.04,32.46,38.6,7.19,49.19
2023-05-02,05:00,100.33,-0.06,139.73,0.49,95.64
2023-05-02,06:00,38.32,29.35,160.87,15.98,89.99
2023-05-02,07:00,34.61,72.4,83.87,7.98,101.55
2023-05-02,08:00,74.24,14.02,70.56,17.01,70.81
2023-05-02,09:00,136.69,63.19,60.76,14.91,96.77
2023-05-02,10:00,84.52,62.06,21.9,11.16,42.88
2023-05-02,11:00,48.39,13.57,79.66,18.11,-6.38
2023-05-02,12:00,100.83,-9.01,120.09,5.56,14.46
2023-05-02,13:00,17.62,16.54,-13.53,9.86,68.71
2023-05-02,14:00,28.43,-12.14,36.39,8.03,17.56
2023-05-02,15:00,-1.99,-2.62,-3.14,5.51,76.16
2023-05-02,16:00,79.26,16.69,39.38,17.68,12.81
2023-05-02,17:00,11.62,19.54,33.38,3.02,10.72
2023-05-02,18:00,2.07,49.5,-37.24,0.57,82.67
2023-05-02,19:00,105.65,19.93,144.5,5.11,102.18
2023-05-02,20:00,110.38,20.31,27.8,15.32,53.05
2023-05-02,21:00,140.82,0.92,50.27,15.34,39.32
2023-05-02,22:00,28.42,75.9,26.69,15.41,19
2023-05-02,23:00,126.19,9.71,18.37,8.15,94.38
2023-05-02,00:00,139.36,2.29,32.55,20.57,107.46
2023-05-03,01:00,33.9,65.69,136.77,6.65,67.98
2023-05-03,02:00,-21.5,36.83,95.78,2.61,16.78
2023-05-03,03:00,49.92,9.4,56.09,8.66,-25.1
2023-05-03,04:00,29.46,56.83,11.07,10.91,11.01
2023-05-03,05:00,71.24,38.76,6.79,13.29,-20.97
2023-05-03,06:00,-12.83,-10.91,118.06,11.5,70.43
2023-05-03,07:00,81.91,72.27,94.17,6.24,60.09
2023-05-03,08:00,77.47,48.07,35.65,24.7,70.57
2023-05-03,09:00,87.7,67.81,163.3,4.31,29.58
2023-05-03,10:00,105.47,21.12,6.06,14.47,44.22
2023-05-03,11:00,7.13,22.67,-16.38,12.22,95.76
2023-05-03,12:00,83.71,16.85,35.63,14.1,25.39
2023-05-03,13:00,31.94,40.41,8.09,-0.72,1.02
2023-05-03,14:00,71.39,7.74,130.04,15.06,12.92
2023-05-03,15:00,52.37,8.92,45.92,3.83,-8.78
2023-05-03,16:00,65.73,-9.3,-4.75,6.73,66.32
2023-05-03,17:00,-7.74,44.59,119.81,2.46,74.44
2023-05-03,18:00,-14.55,-5.92,128.55,14.82,42.52
2023-05-03,19:00,9.43,50.79,48.31,14.51,9.29
2023-05-03,20:00,109.27,35.95,19.66,20.01,86.42
2023-05-03,21:00,70.29,31.47,21.53,19.93,116.45
2023-05-03,22:00,113.44,76.88,31.2,5.24,109.61
2023-05-03,23:00,60.77,29.38,140.82,11.3,95.35
2023-05-03,00:00,6.14,13.26,-1.78,15.44,76.04
2023-05-04,01:00,106.93,40.54,-3.38,9.3,7.76
2023-05-04,02:00,56.25,9.48,81.09,2.96,-15.44
2023-05-04,03:00,-8.94,40.92,-20.72,3.74,48.95
2023-05-04,04:00,69.66,10.25,26.13,11.6,10.69
2023-05-04,05:00,35.69,50.17,-9.08,5.88,63.03
2023-05-04,06:00,105.11,10.77,-25.11,7.58,-13.88
2023-05-04,07:00,53.52,44.39,83.12,2.1,7.89
2023-05-04,08:00,74.92,12.49,51.2,12.37,117.48
2023-05-04,09:00,70.47,5.09,145.7,17.74,66.21
2023-05-04,10:00,23.42,14.89,44.62,7.7,38.97
2023-05-04,11:00,103.39,-0.3,59.46,7.87,1.86
2023-05-04,12:00,58.43,14.36,83.92,11.85,92.34
2023-05-04,13:00,17.56,-10.83,121.27,15.76,86.27
2023-05-04,14:00,-10.72,-8.15,122.09,4.08,30.14
2023-05-04,15:00,41.11,44.01,109.73,7.59,-3.59
2023-05-04,16:00,101.27,-1.37,127.45,-0.62,72.2
2023-05-04,17:00,38.1,45.69,-7.26,9.09,66.59
2023-05-04,18:00,44.28,48.76,126.53,14.75,39.67
2023-05-04,19:00,-11.79,7.01,45.92,18.02,5.28
2023-05-04,20:00,78.19,5.02,68.28,5.12,27.45
2023-05-04,21:00,30.67,75.24,129.17,5.99,6.88
2023-05-04,22:00,23.66,10.05,-4.8,7.3,110.26
2023-05-04,23:00,109.12,8.33,9,4.76,95.77
2023-05-04,00:00,27.36,9.82,64.24,15.48,103.6
2023-05-05,01:00,51.28,60.9,99.89,17.53,43.39
2023-05-05,02:00,65.99,17.06,71.67,1.68,7.4
2023-05-05,03:00,75.53,23.29,89.13,5.6,64.42
2023-05-05,04:00,59.56,43.1,-9.1,12.64,-23.11
2023-05-05,05:00,44.88,-15.67,-27.39,1.3,76.04
2023-05-05,06:00,10.55,39.35,47.39,15.36,48.84
2023-05-05,07:00,47.18,21.08,-46.49,14.17,-13.39
2023-05-05,08:00,26.47,39.51,8.84,3.24,-2.6
2023-05-05,09:00,75.66,26.03,-1.16,11.86,84.87
2023-05-05,10:00,-10.02,1.04,37.92,9.58,85.14
2023-05-05,11:00,119.31,35.5,16.93,21.33,39.87
2023-05-05,12:00,2.37,43.98,1.56,16.01,8.97
2023-05-05,13:00,16.59,27.15,142.8,15.63,76.55
2023-05-05,14:00,112.03,60.96,77.06,17.09,98.82
2023-05-05,15:00,87.43,-13.38,106.12,11.66,9.71
2023-05-05,16:00,22.27,18.01,-18.65,6.06,104.91
2023-05-05,17:00,103.1,7.25,-6.66,12.26,45.72
2023-05-05,18:00,-5.34,60.89,126.75,0.12,72.23
2023-05-05,19:00,5.74,61.36,34.49,9.01,44.85
2023-05-05,20:00,55.06,50.19,120.33,16.15,7.62
2023-05-05,21:00,59.29,1.36,-8.86,4.54,102.03
2023-05-05,22:00,8.19,12.4,90.02,10.79,32.04
2023-05-05,23:00,74.51,39.5,-7.19,12.72,-5.22
2023-05-05,00:00,99.82,-7.48,24.02,17.49,75.73
2023-05-06,01:00,-13.39,49.01,115.41,4.76,86.85
2023-05-06,02:00,97.77,15.67,93.17,5.14,47.61
2023-05-06,03:00,-0.4,37.67,25.2,10.21,-13.9
2023-05-06,04:00,98.63,1.72,67.1,7.66,29.81
2023-05-06,05:00,17.11,-12.89,-9.15,-2.09,39.05
2023-05-06,06:00,54.63,48.4,52.79,6.75,23.37
2023-05-06,07:00,-3.25,-11.69,75.09,4.01,37.83
2023-05-06,08:00,34.65,49.56,61.67,13.37,53.37
2023-05-06,09:00,111.1,17.2,-19.3,18.56,98.4
2023-05-06,10:00,67.27,69.75,68.44,15.7,10.84
2023-05-06,11:00,55.61,10.27,92.82,16.54,71.72
2023-05-06,12:00,113.68,14.41,6.21,19.8,2.09
2023-05-06,13:00,22.49,23.5,9,7.25,14.05
2023-05-06,14:00,9.67,29.22,2.15,14.06,-9.41
2023-05-06,15:00,-5.42,43.35,130.2,1.36,91.92
2023-05-06,16:00,115.88,33.9,86.86,4.26,62.25
2023-05-06,17:00,29.03,2.52,0.26,1.77,21.29
2023-05-06,18:00,72.15,7.66,80.91,9.64,61.79
2023-05-06,19:00,94.9,59.31,154.1,11.6,90.98
2023-05-06,20:00,64.04,54.41,141.96,6.4,72.49
2023-05-06,21:00,18.84,6.26,13.05,6.74,90.33
2023-05-06,22:00,6,69.33,14.08,10.83,22.97
2023-05-06,23:00,13.31,72.31,37.82,14.2,4.66
2023-05-06,00:00,106.24,30.06,137.98,16.77,53.32
2023-05-07,01:00,80.8,34.54,162.54,12.04,-13.69
2023-05-07,02:00,-7.64,19.93,121.23,0.25,-15.24
2023-05-07,03:00,15.49,42.86,56.36,5.04,46.42
2023-05-07,04:00,37.65,48.11,30.9,6.85,43.34
2023-05-07,05:00,75.46,45.47,-4.74,4.45,33.43
2023-05-07,06:00,42.89,15.43,144.55,14.37,39.35
2023-05-07,07:00,29.38,56.66,109.05,16.22,20.31
2023-05-07,08:00,9.19,-0.32,-9.8,11.59,32.82
2023-05-07,09:00,-2.75,15,-4.22,19.73,-0.05
2023-05-07,10:00,67.41,75.51,138.76,12.41,71.78
2023-05-07,11:00,77.06,43.37,149.5,12.28,98.94
2023-05-07,12:00,16.96,4.39,92.93,6.26,19.31
2023-05-07,13:00,44.04,52.38,75.11,12.89,78.48
2023-05-07,14:00,30.59,52.81,46.66,19.88,45.47
2023-05-07,15:00,-9.32,18.99,-4.55,17.23,81.83
2023-05-07,16:00,20.47,4.56,45.92,17.16,12.27
2023-05-07,17:00,120.97,72.06,131.86,16.56,88.41
2023-05-07,18:00,47.41,40,-13.43,13.74,99.42
2023-05-07,19:00,39.83,33.68,80.57,11.45,48.94
2023-05-07,20:00,48.01,57.74,108.57,20.05,24.23
2023-05-07,21:00,46.42,18.49,112.95,12.44,38.29
2023-05-07,22:00,68.02,55.65,144.67,15,23.16
2023-05-07,23:00,33.92,36.87,161.88,14.65,48.32
2023-05-07,00:00,87.03,47.2,86.03,5.53,57.89
2023-05-08,01:00,63.47,49.87,109.93,9.65,18.15
2023-05-08,02:00,32.21,4.87,-0.74,7.21,53.33
2023-05-08,03:00,30.77,55.77,-14.45,10.25,-12.23
2023-05-08,04:00,-11.22,23.64,55.26,5.58,71.48
2023-05-08,05:00,109.3,61.45,156.39,6.99,47.66
2023-05-08,06:00,108.44,15.39,144.64,3.45,20.08
2023-05-08,07:00,115.14,14.74,158.06,7.42,117.58
2023-05-08,08:00,42.44,76.46,20.99,16.83,69.97
2023-05-08,09:00,40.68,1.43,17.66,9.72,117.97
2023-05-08,10:00,-2.09,64.75,65.61,-0.95,71.8
2023-05-08,11:00,67.8,45.91,121.32,3.34,77.65
2023-05-08,12:00,106.15,2.68,84.21,5.29,73.13
2023-05-08,13:00,4.88,30.06,-7.14,4.72,51.25
2023-05-08,14:00,96.99,6.19,0.79,1.06,-10.27
2023-05-08,15:00,73.66,40.72,-27.1,8.92,92.6
2023-05-08,16:00,11.32,38.84,-29.59,6.47,-0.14
2023-05-08,17:00,62.06,25.61,133.36,1.17,79.81
2023-05-08,18:00,-18.7,-0.66,121.38,5.96,14.37
2023-05-08,19:00,69.83,0.39,17.17,15.47,7.45
2023-05-08,20:00,75.63,63.19,128.62,18.58,55.49
2023-05-08,21:00,107.36,52.37,-3.48,14.18,38.85
2023-05-08,22:00,126.82,43.9,11.35,9.99,121.26
2023-05-08,23:00,126.51,50.63,92.46,13.82,28
2023-05-08,00:00,29.91,24.14,89.48,20.14,94.2
2023-05-09,01:00,93.35,50.34,19.05,18.12,80.37
2023-05-09,02:00,15.36,57.62,-4.93,5.18,61.38
2023-05-09,03:00,11.47,42.5,44.68,15.3,-13
2023-05-09,04:00,66.92,-9.13,74.93,0.38,41.79
2023-05-09,05:00,110.04,4.23,17.19,15.86,-2
2023-05-09,06:00,99.47,0.16,-5.92,13.82,9.13
2023-05-09,07:00,0.51,3.51,12.14,9.59,74.14
2023-05-09,08:00,32.1,19.07,85.71,26.46,112.69
2023-05-09,09:00,110.33,7.17,98.63,10.5,36.06
2023-05-09,10:00,40.92,15.02,125.14,17.1,51.14
2023-05-09,11:00,66.1,-1.99,8.52,5.3,14.88
2023-05-09,12:00,74.53,52.26,-22.22,6.22,9.77
2023-05-09,13:00,95.7,16.39,11.3,7.82,17.21
2023-05-09,14:00,32.99,-13.91,-20.27,14.73,89.29
2023-05-09,15:00,18.23,-16.71,1.84,12.12,15.64
2023-05-09,16:00,24.73,-10.1,81.26,5.49,39.29
2023-05-09,17:00,17.55,48.5,104.25,4.43,97.25
2023-05-09,18:00,99.62,30.85,56.48,16.79,85.85
2023-05-09,19:00,87.77,53.82,115.16,16.05,107.84
2023-05-09,20:00,78.56,51.98,18.29,4.35,62.2
2023-05-09,21:00,96.48,13.94,40.07,20.15,32.07
2023-05-09,22:00,30.91,78.12,147.45,17.66,83.89
2023-05-09,23:00,11.4,26.19,130.45,17.92,88.79
2023-05-09,00:00,123.25,66.36,49.81,7.11,77.96
2023-05-10,01:00,105.19,40.85,106.32,16.65,55.81
2023-05-10,02:00,23,32.07,68.1,7.61,10.98
2023-05-10,03:00,10.26,36.29,64.21,15.34,58.87
2023-05-10,04:00,51.89,2.01,90.44,3.53,-2.66
2023-05-10,05:00,18.67,-11.85,-25,13.28,41.36
2023-05-10,06:00,80.75,26.28,87.75,4.81,51.87
2023-05-10,07:00,56.13,65.52,102.93,12.3,97.38
2023-05-10,08:00,90.39,15.23,127.1,22.23,75.63
2023-05-10,09:00,53.36,33.41,64.92,14.66,25.6
2023-05-10,10:00,67.83,16.23,111.55,4.91,98.69
2023-05-10,11:00,8.18,-0.16,109.24,3.23,23.08
2023-05-10,12:00,32.69,51.75,17.95,14.28,72.17
2023-05-10,13:00,62.45,19.35,-0.53,3.23,86.08
2023-05-10,14:00,106.77,-5.96,-14.51,11.65,58.86
2023-05-10,15:00,16.32,9.87,31.53,5.34,29.14
2023-05-10,16:00,-9.91,7.93,-16.01,12.91,39.47
2023-05-10,17:00,111.05,11.38,20.58,14.89,70.79
2023-05-10,18:00,108.08,7.91,17.97,4.72,-7.29
2023-05-10,19:00,-7.47,20.22,73.36,13.95,3.76
2023-05-10,20:00,23.44,28.84,57.78,17.91,8.58
2023-05-10,21:00,86.47,71.69,67.71,15.32,39.09
2023-05-10,22:00,124.29,72.32,43.48,14.9,96.37
2023-05-10,23:00,110.23,61.1,102.67,14.51,62.81
2023-05-10,00:00,24.64,15.8,-10.88,3.61,104.89
2023-05-11,01:00,105.62,22.1,-26.83,14.51,87.76
2023-05-11,02:00,-2.06,6.97,34.45,-0.77,27.15
2023-05-11,03:00,13.17,-0.19,79.7,6.87,78.86
2023-05-11,04:00,80.3,39.72,104.86,8.38,82.33
2023-05-11,05:00,-24.6,30.32,-23.97,12.27,79.23
2023-05-11,06:00,111.55,-7.53,33.38,7.83,85.63
2023-05-11,07:00,44.57,16.15,63.08,19.64,104.63
2023-05-11,08:00,80.12,16.19,-14.15,10.81,134.95
2023-05-11,09:00,94.27,51.38,10.41,5.95,73.73
2023-05-11,10:00,105.79,50.01,75.75,-1.93,-7.18
2023-05-11,11:00,35.19,-1.87,121.34,16.85,53.15
2023-05-11,12:00,20.81,13.61,132.27,6.43,51.48
2023-05-11,13:00,45.97,-7.98,-15.52,7.79,42.29
2023-05-11,14:00,31.35,0.82,15.31,13.78,4.83
2023-05-11,15:00,108.96,54.75,22.08,8.66,83.2
2023-05-11,16:00,83.31,-10.54,78.31,15.15,9.46
2023-05-11,17:00,18.09,23.61,99.47,1.92,34.14
2023-05-11,18:00,20.3,0.93,56.13,16.43,46.89
2023-05-11,19:00,31.36,51.76,42.11,13.16,71.37
2023-05-11,20:00,62.42,31.99,51.01,12.38,58.98
2023-05-11,21:00,31.81,55.18,133.32,6.83,55.63
2023-05-11,22:00,7.68,72.22,-20.19,16.93,76.62
2023-05-11,23:00,11.78,58.9,5.84,19.59,6.32
2023-05-11,00:00,44.7,36.43,86.37,15.36,83.98
2023-05-12,01:00,88.15,26.71,104.7,15.27,35.36
2023-05-12,02:00,52.5,-12.22,106.78,3.84,5.2
2023-05-12,03:00,73.45,0.31,19.83,14.34,55.35
2023-05-12,04:00,-13.18,-1.98,3.02,11.17,-15.07
2023-05-12,05:00,70.2,53.16,100.84,-3.45,-9.99
2023-05-12,06:00,-19.15,15.6,-4.75,1.71,90.39
2023-05-12,07:00,93.71,57.74,63.8,13.7,12.37
2023-05-12,08:00,123.22,5.51,55.48,18.7,88
2023-05-12,09:00,112.45,57.39,99.06,8.48,95.59
2023-05-12,10:00,114.68,23.3,42.2,13.25,11.74
2023-05-12,11:00,69.25,40.59,28.24,16.15,78.09
2023-05-12,12:00,8.01,2.41,-17.65,16.18,36.57
2023-05-12,13:00,108.61,-2.95,71.95,12.41,96.6
2023-05-12,14:00,65.53,-7.98,-34.81,2.52,90.49
2023-05-12,15:00,27.32,-9.53,134.41,9.43,-4.65
2023-05-12,16:00,-8.43,18.16,110.67,2.81,27.6
2023-05-12,17:00,95.13,24.28,133.34,-0.2,93.17
2023-05-12,18:00,97.03,35.05,101.15,12.62,83.3
2023-05-12,19:00,122.7,20.29,94.62,6.42,16.74
2023-05-12,20:00,17.91,48.48,-13.22,13.69,72.97
2023-05-12,21:00,4.25,21,-15.53,12.25,55.09
2023-05-12,22:00,92.44,30.59,16.41,9.1,32.36
2023-05-12,23:00,82.46,0.76,132.96,2.85,108.12
2023-05-12,00:00,1.24,19.52,39.74,4.58,15.61
2023-05-13,01:00,-23.68,10.71,103.69,16.12,-6.82
2023-05-13,02:00,57.59,-4.39,66.92,3.45,73.84
2023-05-13,03:00,89.12,37.1,-37.07,-0.51,82.27
2023-05-13,04:00,-21.59,-15.66,97.37,-2.53,61.28
2023-05-13,05:00,-20.22,33.5,18.85,1.84,20.53
2023-05-13,06:00,65.97,-14.94,76.09,7.39,-11.14
2023-05-13,07:00,83.53,7.28,134.85,8.06,-7.68
2023-05-13,08:00,60.11,3.18,-1.08,9.87,37.94
2023-05-13,09:00,47.99,27.16,105.46,15.49,34.85
2023-05-13,10:00,79.9,25.4,24.42,14.75,48.43
2023-05-13,11:00,61.98,41.77,2.72,10.55,6.3
2023-05-13,12:00,87.19,64.16,147.95,8.62,107.61
2023-05-13,13:00,30.95,42.67,40.55,3.95,17.04
2023-05-13,14:00,111.78,58.54,53.88,-0.31,62.27
2023-05-13,15:00,22,-9.27,14.36,9.22,68.95
2023-05-13,16:00,87.61,-13.15,89.21,-1.11,-3.87
2023-05-13,17:00,16.01,-1.33,-28.84,-2.7,52.77
2023-05-13,18:00,46.03,-4.48,83.07,9.24,99.47
2023-05-13,19:00,73.68,12.03,57.6,4.79,71.96
2023-05-13,20:00,130.49,13.71,82.92,13.94,77.74
2023-05-13,21:00,52.17,21.98,72.78,16.92,31.46
2023-05-13,22:00,11.24,54.96,26.1,1.92,77.31
2023-05-13,23:00,87.4,58.77,18.43,17.31,77.61
2023-05-13,00:00,86.24,14.6,-22.02,15.73,89.93
2023-05-14,01:00,2.05,-1.31,-8.64,4.43,50.6
2023-05-14,02:00,48.82,59.56,128.35,13.61,81.9
2023-05-14,03:00,94.23,35.64,116.17,4.14,80.89
2023-05-14,04:00,-1.6,56.55,92.39,9.21,83.39
2023-05-14,05:00,78.2,-10.91,-37.48,7.46,27.15
2023-05-14,06:00,43.96,22.32,50.09,-3.29,32.1
2023-05-14,07:00,98.43,12.54,-22.38,7.53,-11.89
2023-05-14,08:00,41.75,60.66,90.49,-0.4,86.5
2023-05-14,09:00,-9.61,38.04,125.29,4.37,15.41
2023-05-14,10:00,57.97,2.74,0.77,11.83,101.45
2023-05-14,11:00,21.9,1.02,85.69,5.99,37.48
2023-05-14,12:00,7.9,-6.6,86.96,8.9,83.87
2023-05-14,13:00,23.86,0.33,106.24,15.14,61.12
2023-05-14,14:00,55.03,-14.66,90.58,12.17,33.95
2023-05-14,15:00,30.69,-0.86,20.69,-1.48,32.04
2023-05-14,16:00,65.66,14.65,-28.71,3.17,80.39
2023-05-14,17:00,-23.36,-9.51,64.61,14.35,13.4
2023-05-14,18:00,-6.92,57.61,58.91,2.8,63.49
2023-05-14,19:00,39,4.61,46.63,9.55,59.24
2023-05-14,20:00,-0.86,59.17,37.28,13.42,27.65
2023-05-14,21:00,20.59,45.12,61.11,3.58,20.56
2023-05-14,22:00,40.24,56.95,128.5,17.07,113.23
2023-05-14,23:00,2.57,51.99,-12.61,15.46,37.86
2023-05-14,00:00,62.1,43.8,73.93,17.62,81.03
2023-05-15,01:00,2.86,5.85,105.72,11.44,-5.42
2023-05-15,02:00,77.46,12.78,116.29,-1.67,2.67
2023-05-15,03:00,64.45,35.83,86.97,7.52,52.05
2023-05-15,04:00,17.45,41.81,87.58,2.54,10.24
2023-05-15,05:00,65.79,4.73,129.12,6.2,81.3
2023-05-15,06:00,79.29,19.57,70.39,11.48,91.91
2023-05-15,07:00,60.53,53.79,9.84,6.54,89.23
2023-05-15,08:00,123.21,43.38,-24.23,8.35,27.63
2023-05-15,09:00,127.95,23.73,54.25,16.02,73.96
2023-05-15,10:00,108.65,43.17,147.38,-0.21,66.58
2023-05-15,11:00,113.06,42.31,143.62,4.06,27.86
2023-05-15,12:00,51.32,-0.11,48.95,9.65,6.12
2023-05-15,13:00,3.67,-4.49,6.58,16.53,106.96
2023-05-15,14:00,21.98,32.2,-23.19,19.04,20.35
2023-05-15,15:00,20.71,-16.96,11.5,18.02,47.59
2023-05-15,16:00,98.55,50.17,44.66,13.67,62.96
2023-05-15,17:00,121.51,-21.28,-3.2,1.87,55.42
2023-05-15,18:00,-8.54,38.12,69.6,8.23,20.91
2023-05-15,19:00,124.48,30.47,122.56,17.26,51.56
2023-05-15,20:00,100.68,44.1,81.21,12.91,68.04
2023-05-15,21:00,43.87,10.28,-4.94,2.17,9.73
2023-05-15,22:00,31.34,-1.64,32.54,4.33,93.38
2023-05-15,23:00,125.52,65.61,102.11,12.45,19.4
2023-05-15,00:00,24.56,47.42,-20.62,14.19,58.62
2023-05-16,01:00,34.86,10.48,-1.26,4.09,78.51
2023-05-16,02:00,8.75,-6.37,-6.1,10.92,22.42
2023-05-16,03:00,71.63,15.16,84.91,10.82,-16.46
2023-05-16,04:00,34.85,-17.78,60.18,11.79,10.63
2023-05-16,05:00,44.6,26.91,-27,3.88,77.48
2023-05-16,06:00,64.92,2.73,-2.04,15.28,22.83
2023-05-16,07:00,104.99,9.5,-14.2,10.58,9.17
2023-05-16,08:00,25.42,61.4,162.16,13.94,58.86
2023-05-16,09:00,110.13,8.62,42.12,20.08,45.87
2023-05-16,10:00,12.03,38.42,16.27,10.24,46.11
2023-05-16,11:00,116.59,-6.6,-3.98,13.74,19.75
2023-05-16,12:00,108.91,17.07,-29.28,13.96,75.3
2023-05-16,13:00,112.7,-19.05,60.54,4.62,39.08
2023-05-16,14:00,82.26,-16.95,-11.3,13.08,105.71
2023-05-16,15:00,-9.67,-9.54,90,7.35,92.18
2023-05-16,16:00,15.74,37.88,4.14,5.58,94.85
2023-05-16,17:00,25.55,20.15,71.67,9.03,56.95
2023-05-16,18:00,4.12,24.72,68.94,17.25,34.65
2023-05-16,19:00,71.83,47.26,141.19,11.07,105.74
2023-05-16,20:00,80.03,61.26,53.78,8.29,90.86
2023-05-16,21:00,24.82,0.68,49.3,15.71,109.82
2023-05-16,22:00,112.03,50.11,2.12,18.95,67.12
2023-05-16,23:00,77.74,14.8,75.74,6.2,76.18
2023-05-16,00:00,19.91,16.48,117.09,16.75,-3.44
2023-05-17,01:00,49.29,6.23,87.28,16.78,74.77
2023-05-17,02:00,100.41,-20.07,21.9,11.1,61.53
2023-05-17,03:00,-42.35,-11.17,35.66,4.84,-29.87
2023-05-17,04:00,89.68,-10.31,62.79,-1.74,18.22
2023-05-17,05:00,51.91,7.54,102.31,4.54,77.84
2023-05-17,06:00,87.28,31.79,14.6,15.53,55.7
2023-05-17,07:00,-0.09,52.77,53.16,5.64,67.01
2023-05-17,08:00,78.04,41.14,8.88,19.5,43.28
2023-05-17,09:00,89.61,58.74,-5.63,9.82,17.73
2023-05-17,10:00,31.43,-3,143.94,8.32,77.51
2023-05-17,11:00,77.45,-3.98,96.93,11.84,98.05
2023-05-17,12:00,119.3,-8.42,93.58,18.34,0.55
2023-05-17,13:00,-3.49,28.5,-30.63,18.62,78.98
2023-05-17,14:00,-0.65,-11.2,135.39,23.41,66.83
2023-05-17,15:00,81.66,-16.07,77.86,18.61,40.28
2023-05-17,16:00,20.92,34.89,29.34,12.86,98.18
2023-05-17,17:00,19.55,33.83,33.29,16.99,97.23
2023-05-17,18:00,1.86,-2.61,114.05,19.84,93.4
2023-05-17,19:00,82.29,10.48,69.82,9.71,59.02
2023-05-17,20:00,19.84,7.2,14.95,11.1,53.59
2023-05-17,21:00,63.05,50.94,-12.1,13.25,9.45
2023-05-17,22:00,23.2,-1.82,59.81,5.36,63.39
2023-05-17,23:00,-10.54,45.44,137.64,13.36,83.79
2023-05-17,00:00,96.09,-7.07,31.11,5.07,55.54
2023-05-18,01:00,48.63,38.16,-22.16,11.01,56.06
2023-05-18,02:00,-26.06,-10.34,3.8,13.23,-21.81
2023-05-18,03:00,17.17,45.52,-24.08,-0.91,65.45
2023-05-18,04:00,65.88,35.86,115.71,3.52,5.07
2023-05-18,05:00,63.14,32.98,72.94,7.85,-2.57
2023-05-18,06:00,24.06,-20.44,125.62,7.81,-20.37
2023-05-18,07:00,-17.69,17.13,71.87,13.36,62.58
2023-05-18,08:00,92.68,65.71,-0.63,7.08,32.53
2023-05-18,09:00,4.05,-2.56,34.48,2.15,67.43
2023-05-18,10:00,17.3,32.91,81.67,1.53,-6.16
2023-05-18,11:00,-6.71,-14.4,90.96,-0.23,62.76
2023-05-18,12:00,60.2,10.02,23.41,9.41,94.03
2023-05-18,13:00,-8.37,51,41.83,2.03,1.29
2023-05-18,14:00,48.32,48.28,62,8.38,-16.11
2023-05-18,15:00,31.33,0.19,19.52,5.32,50.75
2023-05-18,16:00,22.02,-4.15,82.58,-1.63,16.31
2023-05-18,17:00,25.5,18.19,26.49,3.06,-13.18
2023-05-18,18:00,27.09,-13.65,-22.83,10.89,15.2
2023-05-18,19:00,-17.3,38.01,-20.93,12.86,52
2023-05-18,20:00,18.3,15.68,124.75,4.05,36.41
2023-05-18,21:00,101.05,8.2,116.13,9.99,25.15
2023-05-18,22:00,24.23,47.42,-18.81,16.72,59.2
2023-05-18,23:00,40.33,23.04,75.16,16.76,22.9
2023-05-18,00:00,-15.39,48.11,99.09,14.08,70.73
2023-05-19,01:00,-8.11,2.38,83.2,2.36,80.56
2023-05-19,02:00,37.77,30.61,112.65,7.27,37.43
2023-05-19,03:00,67.5,-18.94,-39.7,-0.72,31.95
2023-05-19,04:00,-18.59,13.24,-16.03,8.77,12.46
2023-05-19,05:00,99.12,35.22,100.3,2.68,42.04
2023-05-19,06:00,22.48,7.47,9.71,13.65,33.63
2023-05-19,07:00,94.61,11.33,103.86,13.67,17.45
2023-05-19,08:00,12.8,11.5,105.42,4.49,49.74
2023-05-19,09:00,12.43,-3.64,117.92,6,37.13
2023-05-19,10:00,99.91,-3.76,107.89,9.5,48.68
2023-05-19,11:00,100.25,19.69,7.99,4.1,76.36
2023-05-19,12:00,79.28,40.66,30.86,1.6,53.95
2023-05-19,13:00,19.77,-6.15,21.88,16.03,40.75
2023-05-19,14:00,100.89,22.37,61.01,14.8,93.65
2023-05-19,15:00,72.21,38.25,-6.07,16.82,83.69
2023-05-19,16:00,52.51,-17.53,135.79,-0.63,-10.42
2023-05-19,17:00,79.35,40.27,-29.68,16.8,60.05
2023-05-19,18:00,31.59,-11.43,113.82,7.92,-0.82
2023-05-19,19:00,23.38,25.75,12.75,15.71,46.67
2023-05-19,20:00,11.88,20.4,41.65,19.04,26.17
2023-05-19,21:00,87.53,38.98,113.96,4.14,-5.56
2023-05-19,22:00,24.92,9.05,-9.61,7.04,62.5
2023-05-19,23:00,124.67,-3.08,80.03,3.5,34.83
2023-05-19,00:00,-17.04,-5.83,87.79,12.79,66.58
2023-05-20,01:00,-11.95,24.14,-20.67,3.2,46.45
2023-05-20,02:00,58.28,-13.19,39.5,11.82,-19.01
2023-05-20,03:00,22.76,12.29,-11.94,8.88,-4.26
2023-05-20,04:00,-22.06,-4.56,-53.18,12.72,19.4
2023-05-20,05:00,85.63,-9.65,97.33,12.06,20.82
2023-05-20,06:00,77.3,12.46,34.24,-0.76,52.75
2023-05-20,07:00,-33.67,45.94,106.81,12.68,68.68
2023-05-20,08:00,-2.04,49.59,-38.12,0.87,13.02
2023-05-20,09:00,6.17,50.34,142.08,17.62,4.65
2023-05-20,10:00,-11.62,7.22,54.05,9.71,-2.09
2023-05-20,11:00,52.01,0.1,41.7,10.41,102.97
2023-05-20,12:00,1.81,15.89,51.04,14.02,80.81
2023-05-20,13:00,113.88,49.58,122.14,11.26,12.9
2023-05-20,14:00,86.99,25.69,75.01,8.68,39.85
2023-05-20,15:00,4.89,1.63,91.15,-0.59,50.74
2023-05-20,16:00,21.03,-10.37,4.41,16.02,-1.08
2023-05-20,17:00,40.76,-6.48,136.76,1.73,96.3
2023-05-20,18:00,93.91,-1.37,-6.27,1.65,41.88
2023-05-20,19:00,121.37,5.54,0.38,5.92,93.85
2023-05-20,20:00,-10.41,46.03,-13.56,-0.63,23.36
2023-05-20,21:00,117.55,22.4,73.31,8.48,44.15
2023-05-20,22:00,24.84,24.69,-10.02,17.16,42.24
2023-05-20,23:00,20.79,0.37,44.35,16.93,36.54
2023-05-20,00:00,24.94,6,-34.71,11.37,-6.8
2023-05-21,01:00,27.69,12.05,-37.72,1.84,72.5
2023-05-21,02:00,65.16,-9.84,30.05,9.83,87.5
2023-05-21,03:00,44.29,16.88,92.41,-3.48,71.8
2023-05-21,04:00,44.1,29.6,-1.39,5.69,59.76
2023-05-21,05:00,48.21,14.99,11.13,0.34,74.74
2023-05-21,06:00,78.39,17.29,-10.63,9.97,70.9
2023-05-21,07:00,5.65,6.63,0.2,11.23,21.82
2023-05-21,08:00,-26.16,46.21,26.94,7.94,79.34
2023-05-21,09:00,-17.95,0.77,-0.14,4.25,92.63
2023-05-21,10:00,-22.9,27.92,-22.76,13.95,67.39
2023-05-21,11:00,0.32,25.52,44.53,-0.94,85.33
2023-05-21,12:00,0.43,24.8,99.2,14.17,74.93
2023-05-21,13:00,72.92,10.48,123.8,13.17,86.1
2023-05-21,14:00,91.49,18.2,105.17,-0.4,27.73
2023-05-21,15:00,5.64,4.65,-7.78,0.75,54.28
2023-05-21,16:00,32.17,-16.71,-39.45,7.51,48.76
2023-05-21,17:00,-13.6,19.65,96.5,7.53,89.52
2023-05-21,18:00,89.84,-1.15,67.62,4.76,82.08
2023-05-21,19:00,45.79,-13.01,28.99,8.44,89.66
2023-05-21,20:00,94.5,23.95,10.59,3.8,44.61
2023-05-21,21:00,65.12,-3.26,95.3,15.5,53.34
2023-05-21,22:00,114.05,44.23,88.96,17.77,51.6
2023-05-21,23:00,5.72,19.71,129.99,2.09,91.3
2023-05-21,00:00,23.82,30.2,-4.3,4.06,91.44
2023-05-22,01:00,-18.09,6.84,114.14,-2.36,10.76
2023-05-22,02:00,74.65,23.82,-9.77,-1.55,4.08
2023-05-22,03:00,-22.64,-15.82,93.71,9.24,58.73
2023-05-22,04:00,44.2,35.73,-34.58,5.11,46.15
2023-05-22,05:00,13.29,-19.84,116.92,7.86,-16
2023-05-22,06:00,76.32,-2.13,-9.63,6.33,40.77
2023-05-22,07:00,71.45,-9.77,-12.65,0.1,-3.17
2023-05-22,08:00,98.54,45.11,115.82,14.17,46.53
2023-05-22,09:00,19.32,24.79,87.93,14.04,95.5
2023-05-22,10:00,62.15,23.25,25.38,6.75,34.88
2023-05-22,11:00,17.23,-13.95,43.43,11.02,73.39
2023-05-22,12:00,28.09,-9.87,9.26,4.22,45.99
2023-05-22,13:00,89.08,31.32,13.76,13.27,69.7
2023-05-22,14:00,30.2,6.11,58.14,10.23,67.13
2023-05-22,15:00,3.61,15.26,35.12,16.33,58.3
2023-05-22,16:00,88.7,-3.94,17.08,3.41,16.07
2023-05-22,17:00,32.66,44.82,-9.36,13.07,8.32
2023-05-22,18:00,9.95,48.07,12.29,1.67,50.21
2023-05-22,19:00,100.04,54.26,69.37,16.4,1.93
2023-05-22,20:00,10.33,-8.54,21.69,19.31,43.17
2023-05-22,21:00,15.01,6.96,-5.43,18.1,19.8
2023-05-22,22:00,-8.56,62.72,-2.93,8.43,39.79
2023-05-22,23:00,6,58.95,46.79,9.94,99.56
2023-05-22,00:00,35.17,34.5,29.55,5.94,79.67
2023-05-23,01:00,-19.16,20.62,-18.14,1.49,13.36
2023-05-23,02:00,-30.27,38.5,95.06,11.88,-20.1
2023-05-23,03:00,60.37,-22.06,84.56,11.34,75.15
2023-05-23,04:00,89.84,48.49,-23.05,2.2,-23.51
2023-05-23,05:00,86.01,16.42,16.13,-2.39,-17.35
2023-05-23,06:00,9.33,16.04,-37.16,12.39,67.73
2023-05-23,07:00,113.13,50.8,14.43,5.74,1.81
2023-05-23,08:00,75.92,56.96,-23.51,11.52,51.61
2023-05-23,09:00,48.04,-4.64,-4.39,1.44,15.73
2023-05-23,10:00,124.02,22.75,33.66,11.66,40.35
2023-05-23,11:00,118.87,17.43,40.49,1.16,60.69
2023-05-23,12:00,76.15,23.1,55.6,2.25,-8.41
2023-05-23,13:00,126.17,25.16,23.02,3.48,63.53
2023-05-23,14:00,44.8,45.54,84.35,9.83,18.02
2023-05-23,15:00,43.36,35.63,60.79,7.14,52.71
2023-05-23,16:00,68.71,38.82,15.52,1.98,94.66
2023-05-23,17:00,82.38,5.82,-40.99,13.24,89.05
2023-05-23,18:00,63.05,-9.16,85.76,6.37,78.72
2023-05-23,19:00,10.26,12.56,43.17,12.46,83.89
2023-05-23,20:00,65.12,55.69,30.02,12.78,66.43
2023-05-23,21:00,50.38,14.73,113.01,14.34,13.19
2023-05-23,22:00,124.14,26.05,-35.22,18.42,52.85
2023-05-23,23:00,94.12,24.75,27.6,6.32,30.59
2023-05-23,00:00,-16.86,-8.99,39.04,6.9,52.09
2023-05-24,01:00,11.12,-12.06,105.41,3.87,-12.69
2023-05-24,02:00,37.33,-9.91,18.55,7.54,34.92
2023-05-24,03:00,39.16,12.79,77.39,-0.32,8.19
2023-05-24,04:00,-32.05,16.3,-12.11,6.79,3.7
2023-05-24,05:00,98.42,48.84,56.8,4.27,70.12
2023-05-24,06:00,-20.75,44.24,103.06,9.6,73.8
2023-05-24,07:00,52.31,60.67,64.61,5.57,47.79
2023-05-24,08:00,3.87,0.62,89.29,14.17,16.92
2023-05-24,09:00,52.34,35.2,-33.78,10.71,7.22
2023-05-24,10:00,111.1,-10.21,67.41,3.69,68
2023-05-24,11:00,73.93,16.17,124.56,12.53,25.64
2023-05-24,12:00,68.39,52.18,-3.91,7.77,0.92
2023-05-24,13:00,-3.89,2.73,10.55,14.93,66.36
2023-05-24,14:00,76.75,-3.94,79.4,3.56,58.06
2023-05-24,15:00,70.45,42.78,91.18,1.91,104.72
2023-05-24,16:00,-0.39,7.72,130.69,14.37,10.11
2023-05-24,17:00,-18.18,-20.2,-40.35,13.41,80.06
2023-05-24,18:00,-11.65,29.38,84.47,16.67,7.81
2023-05-24,19:00,84.8,-10.02,141.51,9.3,9.19
2023-05-24,20:00,39.22,41.93,32.24,2.18,36.03
2023-05-24,21:00,45.85,38.58,-40.84,16.85,73.67
2023-05-24,22:00,120.29,57.9,13.15,11.52,87.26
2023-05-24,23:00,-1.31,31.22,-31.06,13.07,67.09
2023-05-24,00:00,-9.38,11.16,-23.71,10.59,6.46
2023-05-25,01:00,104.48,-10.06,75.8,12.25,10.94
2023-05-25,02:00,-32.69,-18.06,0.96,0.74,66.7
2023-05-25,03:00,22.01,2.66,25.39,9.35,-27.05
2023-05-25,04:00,-27.61,-0.9,90.29,5.8,18.24
2023-05-25,05:00,-11.11,29.24,59.17,4.69,81.35
2023-05-25,06:00,63.08,-16.66,27.14,-3.05,45.3
2023-05-25,07:00,45.11,9.28,55.05,14.94,87.26
2023-05-25,08:00,5.81,44.83,95.23,9.15,77.03
2023-05-25,09:00,13.26,30.84,42.02,14.35,6.68
2023-05-25,10:00,22.33,39.11,98.64,0.17,48.27
2023-05-25,11:00,56.86,-19.79,-33.14,1.04,16.83
2023-05-25,12:00,33.96,28.68,24.35,1.24,67.22
2023-05-25,13:00,-14.63,43.46,12.92,10.5,99.44
2023-05-25,14:00,81.08,32.64,65.38,15.23,105.01
2023-05-25,15:00,1.87,33.39,21.98,5.93,78.22
2023-05-25,16:00,114.31,-0.78,95.47,7.93,95.99
2023-05-25,17:00,111.22,-2.97,-40.99,12.33,55.4
2023-05-25,18:00,74.66,15.35,23.92,9.17,51.84
2023-05-25,19:00,11.18,32.63,108.92,3.22,34.73
2023-05-25,20:00,78.79,-4.51,-36.51,6.39,63.13
2023-05-25,21:00,124.26,59.23,109.36,6.89,46.01
2023-05-25,22:00,92.34,49.48,108.43,17.46,72.51
2023-05-25,23:00,102.72,64.41,103.59,12.24,81.19
2023-05-25,00:00,46.74,27.79,86.75,15.64,72.47
2023-05-26,01:00,74.1,45.87,16.76,-2.76,68.93
2023-05-26,02:00,6.31,14.99,72.09,1.72,5.24
2023-05-26,03:00,86.31,-11.07,69.48,3.55,-35.01
2023-05-26,04:00,55.01,44.33,78.77,2.99,-5.1
2023-05-26,05:00,14.41,11.61,33.05,11.29,0.27
2023-05-26,06:00,23.79,21.25,64.47,-0.67,20.29
2023-05-26,07:00,-21.58,16.22,110.26,12.32,24.49
2023-05-26,08:00,54.96,31.7,-31.71,6.88,14.42
2023-05-26,09:00,46.9,42.92,49.76,12.76,70.28
2023-05-26,10:00,22.19,6.04,7.45,4.31,85.55
2023-05-26,11:00,113.83,33.81,68.96,18.53,25.65
2023-05-26,12:00,97.47,-2.2,10.3,9.47,5.75
2023-05-26,13:00,88.25,16.22,54.62,2.94,20.51
2023-05-26,14:00,67.05,31.49,-24.86,8.34,107.45
2023-05-26,15:00,107.31,28.55,118.93,7.4,48.9
2023-05-26,16:00,117.47,35,64.23,16.16,69.87
2023-05-26,17:00,90.51,29.77,-1.11,6.07,9.41
2023-05-26,18:00,99.26,19.36,15.43,12.15,80.67
2023-05-26,19:00,116.92,33.14,-37.77,-0.49,25.91
2023-05-26,20:00,17.06,33.41,39.53,13.77,102.02
2023-05-26,21:00,38.96,46.96,65.6,0.98,87.46
2023-05-26,22:00,99.77,26.06,90.44,16.86,50
2023-05-26,23:00,82.37,37.87,8.18,-0.8,21.01
2023-05-26,00:00,63.03,34.72,23.22,10.1,56.59
2023-05-27,01:00,65.24,0.25,10.53,9.04,15.07
2023-05-27,02:00,-34.22,17.56,91.38,0.14,78.67
2023-05-27,03:00,97.84,19.59,56.83,-1.28,35.21
2023-05-27,04:00,27.59,-23.95,-33.21,9.9,39.05
2023-05-27,05:00,-10.18,41.48,-52.47,11.31,-5.34
2023-05-27,06:00,69.48,29.11,-31.87,-2.51,35.21
2023-05-27,07:00,12.24,42.92,15.97,5.55,50.73
2023-05-27,08:00,10.86,-8.06,19.67,-1.94,-18.66
2023-05-27,09:00,49.46,36.02,60.36,15.08,23.14
2023-05-27,10:00,-12.86,46.82,115.14,14.85,103.93
2023-05-27,11:00,52.22,15.87,130.69,8.23,38.62
2023-05-27,12:00,7,52.09,-0.91,-0.58,41.27
2023-05-27,13:00,71.26,12.29,60.61,2.1,38.64
2023-05-27,14:00,12.99,-13.65,-24.68,14.87,58.3
2023-05-27,15:00,113.82,7.13,20.65,8.77,14.31
2023-05-27,16:00,86.98,22.98,79.13,1.32,0.44
2023-05-27,17:00,13.24,-5.3,-29.27,7.78,63.24
2023-05-27,18:00,79.25,3.5,40.07,2.65,57.03
2023-05-27,19:00,42.33,41.81,-29.57,-0.08,82.62
2023-05-27,20:00,40.04,-13.6,20.71,2.04,17.67
2023-05-27,21:00,9.65,26.02,52.18,0.09,34.92
2023-05-27,22:00,85.73,26.14,37.78,16.81,-7.65
2023-05-27,23:00,85.7,51.19,93.25,8.21,21.86
2023-05-27,00:00,41.38,44.46,124.15,1.18,-24.53
2023-05-28,01:00,13.01,-5.68,107.78,4.61,45.57
2023-05-28,02:00,19.52,-19.14,99.57,-0.31,3.27
2023-05-28,03:00,95.44,44.2,94.35,-1.51,40.38
2023-05-28,04:00,81.51,12.8,79.51,-2.28,65.56
2023-05-28,05:00,-11.91,-1.86,-19.47,3.21,-2.1
2023-05-28,06:00,55.95,-13.27,-14.14,13.67,55.81
2023-05-28,07:00,96.78,38.02,84.29,1.37,13.92
2023-05-28,08:00,-0.95,-6.24,45.18,5.93,83.82
2023-05-28,09:00,83.83,7.08,95.14,1.44,49.35
2023-05-28,10:00,86.31,28.62,58.72,3.22,41.22
2023-05-28,11:00,97.06,2.11,89.98,10.15,38.67
2023-05-28,12:00,51.95,28.06,0.51,6.05,-6.04
2023-05-28,13:00,50.55,3.1,63.92,7.95,90.83
2023-05-28,14:00,111.07,50.97,13.3,17.65,87.1
2023-05-28,15:00,88.39,-16.92,40.36,12.3,49.66
2023-05-28,16:00,2.88,-9.17,40.64,7.16,91.13
2023-05-28,17:00,51.28,32.73,67.21,11.56,13.54
2023-05-28,18:00,-15.83,36.57,126.49,3.23,-13.38
2023-05-28,19:00,81.99,49.25,98.69,4.93,30.04
2023-05-28,20:00,62.71,46.46,84.73,0.69,55.89
2023-05-28,21:00,21.38,37.45,67.86,1.19,21.7
2023-05-28,22:00,87.59,14.9,78.71,5.5,-2.47
2023-05-28,23:00,11.87,8.42,1.57,-1.49,55.83
2023-05-28,00:00,-1.07,40.6,61.92,11.35,-18.4
2023-05-29,01:00,-35.73,-15.28,-38.94,6.78,18.52
2023-05-29,02:00,-17.36,33.56,-7.78,7.78,-0.8
2023-05-29,03:00,22.47,47.94,18.84,-2.55,62.19
2023-05-29,04:00,-2.82,-24.04,25.65,-2.58,39.94
2023-05-29,05:00,14.24,20.72,43.57,5.36,-7.45
2023-05-29,06:00,-9.55,28.08,7.01,1.05,7.74
2023-05-29,07:00,-6.53,33.6,70.55,2.41,71.49
2023-05-29,08:00,76.49,35.29,71.04,4.65,1.54
2023-05-29,09:00,98.13,37.3,40.32,5.7,51.17
2023-05-29,10:00,79.17,32.25,108.41,4.66,79.39
2023-05-29,11:00,6.73,52.77,76.96,15.51,52.72
2023-05-29,12:00,98.15,19.98,70.19,18.7,55.93
2023-05-29,13:00,44.75,19.84,134.47,7.37,107.94
2023-05-29,14:00,-5.12,2.45,23.82,8.1,94.22
2023-05-29,15:00,-9.44,22.24,119.08,8.05,49.91
2023-05-29,16:00,115.14,9.02,105.64,15.46,-4.63
2023-05-29,17:00,20.33,3.42,67.27,16.51,77.48
2023-05-29,18:00,40.55,-4.33,32.05,13.07,95.65
2023-05-29,19:00,65.59,44.49,15.98,6.32,11.45
2023-05-29,20:00,66.32,14.33,-17.47,15.91,40.7
2023-05-29,21:00,25.17,28.58,-31.38,11.44,73.94
2023-05-29,22:00,37.88,2.9,28.83,9.6,37.87
2023-05-29,23:00,109.53,20.32,21.94,14.68,-3.02
2023-05-29,00:00,47.06,18.57,3.33,1.26,30.88
2023-05-30,01:00,42.27,38.64,35.27,6.1,-17.52
2023-05-30,02:00,-31.98,-1.74,13,-0.37,16.59
2023-05-30,03:00,-36.46,7.27,34.12,0.14,50.58
2023-05-30,04:00,59.19,-24.82,89.3,10.75,29.44
2023-05-30,05:00,31.9,34.28,107.3,-2.23,40.86
2023-05-30,06:00,-25.82,-6.67,-47.25,8.61,7.28
2023-05-30,07:00,47.62,20.88,-42.63,1.98,60.21
2023-05-30,08:00,126.06,63.84,52.82,11.6,24.1
2023-05-30,09:00,75.03,41.92,4.43,12.9,81.59
2023-05-30,10:00,55.47,20.58,68.19,6.69,25.71
2023-05-30,11:00,47.12,-2.34,139.25,18.19,77.63
2023-05-30,12:00,51.97,21.02,104.84,15.24,117.39
2023-05-30,13:00,53.81,-0.09,118.27,5.62,31.25
2023-05-30,14:00,81.42,12.44,125.24,6.42,77.43
2023-05-30,15:00,32.79,17.12,46.26,7.96,36.36
2023-05-30,16:00,-3.92,-7.13,-6.38,4.5,33.2
2023-05-30,17:00,34.32,35.27,30.84,19.91,29.7
2023-05-30,18:00,5.88,29.41,22.41,8.42,28.77
2023-05-30,19:00,129.02,11.61,9.52,16.26,21.55
2023-05-30,20:00,78,48.24,129.77,17.73,43.46
2023-05-30,21:00,35.53,2.54,13.05,17.63,42.3
2023-05-30,22:00,3.59,40.61,90.68,15.63,64.16
2023-05-30,23:00,38.92,-5.09,42.49,10.7,46.1
2023-05-30,00:00,37.26,52.4,-46.55,17.33,26.18
2023-05-31,01:00,46.34,18.52,-16.57,10.51,11.54
2023-05-31,02:00,47.55,-15.32,-33.59,10.34,58.44
2023-05-31,03:00,79.05,32.53,33.69,10.44,59.64
2023-05-31,04:00,40.72,4.57,111.37,-3.18,-25.6
2023-05-31,05:00,-28.58,34.54,103.89,-2.15,-15.86
2023-05-31,06:00,5.55,8.33,38.44,9.53,39.2
2023-05-31,07:00,-2.09,-4.15,71.4,12.99,33.86
2023-05-31,08:00,0.13,49.17,79.55,5.12,62.67
2023-05-31,09:00,97.7,3.21,60.32,8.91,42.67
2023-05-31,10:00,122.78,38.74,137.97,7.12,82.62
2023-05-31,11:00,52.71,39.07,-17.33,3.56,104.31
2023-05-31,12:00,112.08,20.59,-15,10.88,48.19
2023-05-31,13:00,14.03,29.79,29.97,17.4,102.97
2023-05-31,14:00,29.47,-0.39,-14.17,0.3,63.46
2023-05-31,15:00,107.97,57.45,2.81,12.55,92.5
2023-05-31,16:00,110.94,-3.07,74.74,8.29,26.95
2023-05-31,17:00,14.75,25.41,105.87,12.14,32.14
2023-05-31,18:00,-9.88,12.45,112.14,4.77,72.43
2023-05-31,19:00,53.16,4.07,-31.55,1.5,33.71
2023-05-31,20:00,42.28,41.62,55.62,18.6,16.5
2023-05-31,21:00,2.84,30.93,89.86,16.54,52.41
2023-05-31,22:00,105.73,9.92,32.55,12.84,26.51
2023-05-31,23:00,70.17,7.24,111.49,12.47,29.02
2023-05-31,00:00,59.58,5.95,-20.12,0.08,87.29
2023-06-01,01:00,33.43,-18.59,-23.12,-1.2,46.17
2023-06-01,02:00,83.67,32.23,87.31,9.16,-32.59
2023-06-01,03:00,91.76,-18.37,-24.25,1.76,57.27
2023-06-01,04:00,-0.35,-21.28,-24.99,1.46,-34.48
2023-06-01,05:00,13.62,-22.55,72.42,11.4,-36.73
2023-06-01,06:00,1.95,-18.34,14.14,4.14,53.44
2023-06-01,07:00,27.55,57.38,94.17,4.4,91.89
2023-06-01,08:00,125.52,11.23,94.69,18.89,111.49
2023-06-01,09:00,64.68,12.42,92.04,6.93,57.25
2023-06-01,10:00,73.63,10.64,99.94,0.52,64.3
2023-06-01,11:00,77.2,29.21,-5.23,8.6,41.07
2023-06-01,12:00,65.23,-12.45,-6.11,4.08,86.06
2023-06-01,13:00,0.88,2.73,-0.04,14.06,33.82
2023-06-01,14:00,123.42,-5.35,25.29,13.46,108.96
2023-06-01,15:00,-11.3,-1.79,68.17,9.01,15.08
2023-06-01,16:00,26.37,18.85,127.3,12.13,107.33
2023-06-01,17:00,27.06,33.24,41.66,1.99,61.09
2023-06-01,18:00,61.32,52.37,50.3,0.5,7.16
2023-06-01,19:00,87.45,24.26,38.93,12.6,108.74
2023-06-01,20:00,82.37,51.27,-15.03,8.22,40
2023-06-01,21:00,78.47,36.76,70.62,4.46,38.73
2023-06-01,22:00,-9.14,35.65,-18.04,17.55,-6.51
2023-06-01,23:00,38.99,6.63,-22.34,0.56,47.5
2023-06-01,00:00,-8.94,-9.6,30.55,0,14.23
2023-06-02,01:00,-16.79,-12.53,67.46,12.85,45.93
2023-06-02,02:00,75.39,9.36,-2.19,10.4,58.31
2023-06-02,03:00,-18.01,0.74,-41.36,2.56,-5.03
2023-06-02,04:00,31.67,-7.28,-53,-2.29,51.11
2023-06-02,05:00,-11.68,23.42,110.4,8.41,33.59
2023-06-02,06:00,22.8,50.22,-49.84,15.34,-2.89
2023-06-02,07:00,58.02,1.74,22.3,13.35,-23.75
2023-06-02,08:00,106.95,28.8,36.35,14.21,121.24
2023-06-02,09:00,79.6,44.03,81.31,4.59,57.8
2023-06-02,10:00,99.13,-6.2,103.67,4.21,88.65
2023-06-02,11:00,25.71,40.02,-40,16.3,35.67
2023-06-02,12:00,95.91,10.4,80.38,9.13,88.7
2023-06-02,13:00,52.98,28.28,-5.92,8.57,101.88
2023-06-02,14:00,110.59,51.78,-33.41,1.9,74.01
2023-06-02,15:00,51.08,30.54,34.82,7.8,63.14
2023-06-02,16:00,113.58,19.01,90.2,19.27,21.34
2023-06-02,17:00,115.32,7.51,125.45,12.45,18.06
2023-06-02,18:00,108.59,-6.73,89.9,19.17,59.02
2023-06-02,19:00,96.33,45.68,90.86,20.28,37.65
2023-06-02,20:00,35.86,36.74,58.61,18.9,9.79
2023-06-02,21:00,-5.21,-0.79,11.7,11,6.28
2023-06-02,22:00,76.36,51.95,12.14,11.03,13.34
2023-06-02,23:00,84.32,11.8,-41.9,8.54,77.21
2023-06-02,00:00,67.35,5.85,-4.13,5.14,-1.77
2023-06-03,01:00,43.51,-3.77,104.54,13.5,28.21
2023-06-03,02:00,93.71,21.42,44.84,-4,27.99
2023-06-03,03:00,-22.16,-4.06,71.82,11.8,-21.46
2023-06-03,04:00,59.57,46.81,9.51,8.63,43.25
2023-06-03,05:00,-30.14,-20.17,-51.93,10.14,72.04
2023-06-03,06:00,-12.55,-4.91,93.07,0.31,-29.91
2023-06-03,07:00,47.34,-1.14,-17.89,8.15,28.51
2023-06-03,08:00,31.1,-8.77,-5.55,0.08,-23.2
2023-06-03,09:00,43.97,29.2,28.18,2.97,16.95
2023-06-03,10:00,88.09,41.3,128.34,14.75,76.64
2023-06-03,11:00,1.77,13.85,78.08,13.99,10.74
2023-06-03,12:00,-2.57,21.25,37.86,16.77,64.06
2023-06-03,13:00,1.66,-3.95,68.41,-0.62,30.07
2023-06-03,14:00,-5.76,20.16,94.92,2.15,45.76
2023-06-03,15:00,21.36,26.13,108.96,2.27,5.91
2023-06-03,16:00,107.87,0,-8.95,13.83,29.85
2023-06-03,17:00,12.05,45.45,-5.96,11.91,73.27
2023-06-03,18:00,79.77,36.64,81.91,-1.91,52.12
2023-06-03,19:00,73.51,13.28,-38.18,12.17,43.37
2023-06-03,20:00,17.95,10.91,-12.83,1.79,56.7
2023-06-03,21:00,-7.01,32.67,1.44,3.31,89.72
2023-06-03,22:00,110.23,19.2,-19.21,6.58,55.3
2023-06-03,23:00,19.61,25.16,61.67,-0.1,27.37
2023-06-03,00:00,47.63,-9.99,7.67,0.74,50.48
2023-06-04,01:00,72.71,-8.12,123.83,-0.01,-22.15
2023-06-04,02:00,-19.39,3.98,-10.83,11.62,43.85
2023-06-04,03:00,15.84,2.27,107.6,4.76,63.89
2023-06-04,04:00,8.97,32.45,102.64,-1,-0.35
2023-06-04,05:00,-44.18,44.57,-4.12,5.9,52.29
2023-06-04,06:00,98.43,21.7,58.73,3.38,-30.23
2023-06-04,07:00,-21.47,42.51,-38,6.17,-3.92
2023-06-04,08:00,38.34,28.39,-51.16,1.39,43.61
2023-06-04,09:00,-3.84,6.39,45.59,14.93,2.67
2023-06-04,10:00,-19.72,43.48,87.45,4.45,93.71
2023-06-04,11:00,27.33,53.88,112.05,6.9,80.75
2023-06-04,12:00,24.21,-0.62,61.1,18.43,44.6
2023-06-04,13:00,83.05,46.93,100.05,2.19,22.93
2023-06-04,14:00,42.67,31.37,-39.19,4.71,42.28
2023-06-04,15:00,-2.42,2.87,-18.91,-0.96,59.79
2023-06-04,16:00,80.36,53.98,-17.14,14.74,10.64
2023-06-04,17:00,24.14,54.16,6.16,16.95,-2.74
2023-06-04,18:00,67.14,8.58,6.27,-0.72,30.31
2023-06-04,19:00,57.87,44.09,108.28,6.55,47.03
2023-06-04,20:00,82.38,60.94,58.79,16.74,9.98
2023-06-04,21:00,-14.33,-0.13,98.18,8.7,17.78
2023-06-04,22:00,23.42,50.26,131.2,2.31,17.31
2023-06-04,23:00,94.12,-5.59,-32.64,15.01,2.33
2023-06-04,00:00,-4.1,37.25,32.92,2.2,67.46
2023-06-05,01:00,53.02,-2.78,101,-1.56,43.63
2023-06-05,02:00,92.27,31.31,80.55,7.2,23.6
2023-06-05,03:00,49.16,42.64,28.5,0.47,8.31
2023-06-05,04:00,7.86,0.64,-38.02,-1.93,-23.43
2023-06-05,05:00,-38.02,-23.81,67.06,6.89,-11.33
2023-06-05,06:00,-11.35,41.22,69.41,4.48,23.84
2023-06-05,07:00,62.68,52.87,71.74,1.8,86.82
2023-06-05,08:00,102.12,7.85,73.88,3.72,62.14
2023-06-05,09:00,104.31,7.7,8.16,19.82,51.94
2023-06-05,10:00,33.79,-11.23,69.45,18.67,45.8
2023-06-05,11:00,46.57,2.29,84.16,17.91,116.14
2023-06-05,12:00,-7.77,24.34,-17.86,13.14,110.77
2023-06-05,13:00,103.11,52.22,-9.72,7.37,101.42
2023-06-05,14:00,125.95,5.72,36.44,20.8,94.77
2023-06-05,15:00,78.79,27.76,121.96,11.48,15.96
2023-06-05,16:00,109.01,43.95,104.1,4.77,110.74
2023-06-05,17:00,79.82,22.54,82.44,6.68,38.59
2023-06-05,18:00,80.89,-0.54,114.95,17.47,23.37
2023-06-05,19:00,-9.73,31.54,38.97,9.18,97.85
2023-06-05,20:00,48.38,56.26,97.2,12.36,-9.26
2023-06-05,21:00,77.66,20.97,75.35,3.18,84.42
2023-06-05,22:00,80.21,61.91,68.56,6.38,33.12
2023-06-05,23:00,91.37,4.15,-34.28,9.14,80.59
2023-06-05,00:00,27.6,55.54,14.92,16.32,-13.26
2023-06-06,01:00,92.55,-5.96,-33.55,6.66,-25.45
2023-06-06,02:00,46.6,-14.83,-48.13,6.93,38.94
2023-06-06,03:00,47.41,43.3,-53.58,-0.8,-6.01
2023-06-06,04:00,-6.44,41.04,7.79,-1.05,21.61
2023-06-06,05:00,34.5,2.08,65.95,12.75,66.09
2023-06-06,06:00,51.81,44.94,74.81,5.52,-33.8
2023-06-06,07:00,87.28,28.3,-19.27,8.04,-31.18
2023-06-06,08:00,-4.07,4.6,-28.16,11.58,13.78
2023-06-06,09:00,-19.13,-4.8,124.99,5.51,87.46
2023-06-06,10:00,32.08,26.02,-9,10.43,41.76
2023-06-06,11:00,72.99,13.71,-33,15.73,81.6
2023-06-06,12:00,111.85,16.15,67.27,10.18,101.85
2023-06-06,13:00,102.6,-6.6,50.25,6.36,61.13
2023-06-06,14:00,2.63,28.2,-37.11,15.35,44.4
2023-06-06,15:00,-9.22,30.67,60.23,13.19,50.86
2023-06-06,16:00,11.11,-3.37,127.93,6.3,65.95
2023-06-06,17:00,55.64,-20.64,-23.07,8.62,5.22
2023-06-06,18:00,22.37,17.63,125.43,11,40.67
2023-06-06,19:00,6.89,25.69,48.62,10.97,94.88
2023-06-06,20:00,100.98,-11.79,108.22,11.24,21.08
2023-06-06,21:00,58.4,42.89,66.89,15.17,59.11
2023-06-06,22:00,41.39,-4.99,80.45,13.7,77.27
2023-06-06,23:00,45.5,57.69,51.63,-0.23,26.49
2023-06-06,00:00,104.43,35.76,71.93,8.21,52.68
2023-06-07,01:00,-20.09,16.17,102.5,5.13,65.51
2023-06-07,02:00,-5.36,32.81,23.85,1.04,35.45
2023-06-07,03:00,68.8,12.62,70.5,12.07,31.53
2023-06-07,04:00,41.67,9.62,65.06,-1.08,-18.69
2023-06-07,05:00,84.47,-6.86,7.18,12.24,33.88
2023-06-07,06:00,28.43,12.32,-45.42,9.2,73.59
2023-06-07,07:00,-30.68,44.79,107.53,14.58,32.71
2023-06-07,08:00,-8.5,62.41,122.07,16.41,16.14
2023-06-07,09:00,47.05,5.11,96.23,4.73,49.25
2023-06-07,10:00,26.11,-4.09,78.74,13.62,75.81
2023-06-07,11:00,84.34,-3.63,75.9,14.55,67.49
2023-06-07,12:00,36.91,44.16,63.64,18.65,73.81
2023-06-07,13:00,112.24,-16.35,-17.69,7.42,43.48
2023-06-07,14:00,32.71,8.68,44.93,22.63,64.62
2023-06-07,15:00,83.91,13.54,-22.4,8.88,73.61
2023-06-07,16:00,112.2,-2.63,-6.55,11.11,93.26
2023-06-07,17:00,52.34,7.79,0.32,14.13,101.36
2023-06-07,18:00,94.53,13.09,69.32,15.84,62.97
2023-06-07,19:00,25.99,11.58,4.13,0.51,45.11
2023-06-07,20:00,27,57.56,34.53,6.43,104.73
2023-06-07,21:00,116.83,10.59,87.58,13.59,43.23
2023-06-07,22:00,-0.62,59.83,90.71,5.34,-9.88
2023-06-07,23:00,50.65,34.68,-29.94,5.06,86.18
2023-06-07,00:00,37.97,40.35,20.95,0.78,7.93
2023-06-08,01:00,-20.4,32.52,-44.54,4.66,39.02
2023-06-08,02:00,45.52,34.33,69.76,14.01,-7.11
2023-06-08,03:00,86.58,-17.25,-3.91,-3.66,-2.37
2023-06-08,04:00,61.07,28.18,10.12,12.77,32.67
2023-06-08,05:00,85.05,9.23,-19.01,7.68,-4.81
2023-06-08,06:00,-36.17,-12.63,46.48,8.25,34.87
2023-06-08,07:00,7.56,14.15,-53.14,3.53,59.05
2023-06-08,08:00,25.67,0.18,-4.52,8.91,57.34
2023-06-08,09:00,53.26,-6.6,-14.84,5.03,76.41
2023-06-08,10:00,13.61,53.39,100.97,10.37,87.52
2023-06-08,11:00,8.27,23.16,-33.74,4.25,40.26
2023-06-08,12:00,96.97,8.81,45.89,1.12,103.65
2023-06-08,13:00,56.64,31.55,-1.63,12.12,23.84
2023-06-08,14:00,98.1,4.7,19.9,9.21,93.4
2023-06-08,15:00,-9.99,-8.57,78.71,8.29,35.24
2023-06-08,16:00,45.43,43.9,68.58,4.88,23.62
2023-06-08,17:00,38.04,37.33,-10.53,14.78,64.81
2023-06-08,18:00,-4.07,20.04,-1.15,1.47,56.25
2023-06-08,19:00,6.07,53,121.95,2.41,-3.69
2023-06-08,20:00,8.08,1.01,18.9,17.85,88.77
2023-06-08,21:00,102.69,24.01,66.01,13.63,78.23
2023-06-08,22:00,63.87,1.77,43.64,6.25,55.79
2023-06-08,23:00,95.56,-11.35,56.44,10.79,44.16
2023-06-08,00:00,-26.93,36.15,51.44,12.26,7.14
2023-06-09,01:00,-5.3,34.13,106.88,9.13,-27.39
2023-06-09,02:00,21.95,47.14,-62.89,12.99,27.15
2023-06-09,03:00,67.63,6.06,41.2,3.45,-1.7
2023-06-09,04:00,-7.98,11.23,-32.94,1.21,37.66
2023-06-09,05:00,0.36,40.6,13.05,6.24,-6.41
2023-06-09,06:00,54.12,10.73,-37.41,6.29,13.2
2023-06-09,07:00,61.21,28.92,97.03,3.83,45.46
2023-06-09,08:00,37.22,39.24,63.76,17.55,5.89
2023-06-09,09:00,25.57,-4.94,42.02,18.9,85.33
2023-06-09,10:00,73.91,32.54,68.62,20.84,54.74
2023-06-09,11:00,-8.04,-5.95,6.99,9.04,95.31
2023-06-09,12:00,66.28,35.65,35.4,16.3,16.81
2023-06-09,13:00,4.16,44.14,106.54,12.92,6.19
2023-06-09,14:00,62.93,19.06,65.65,6.17,24.85
2023-06-09,15:00,65.62,-19.17,103.01,22.23,101.23
2023-06-09,16:00,59.85,0.66,-13.09,16.4,38.31
2023-06-09,17:00,85.8,36.58,139.37,16.19,83.8
2023-06-09,18:00,26.65,-17.57,-0.34,11.79,86.91
2023-06-09,19:00,54.21,24.17,2.83,3.41,72.85
2023-06-09,20:00,21.09,28.31,-13.85,4.37,8.35
2023-06-09,21:00,88.42,29.55,9.02,9.05,19.82
2023-06-09,22:00,-7.96,-12.59,37.99,14.17,-16.83
2023-06-09,23:00,-11.77,27.12,-1.98,2.46,85.1
2023-06-09,00:00,8.86,-4.88,45.98,12.04,-22.7
2023-06-10,01:00,9.77,-3.58,112.69,-2.12,-11.69
2023-06-10,02:00,13.57,4.57,60.09,-2.08,4.74
2023-06-10,03:00,-19.54,4.01,113.96,2.34,-21.2
2023-06-10,04:00,-1.37,7.6,-55.19,0.65,46.34
2023-06-10,05:00,-11.81,34.63,50.42,8.16,56.47
2023-06-10,06:00,-36.36,40.22,63.37,-3.02,7.32
2023-06-10,07:00,-17.89,4.79,55.9,7.15,-0.69
2023-06-10,08:00,14.26,27.45,-49.79,-1.5,-0.88
2023-06-10,09:00,86.83,55.25,6.62,1.36,77.57
2023-06-10,10:00,37.57,-8.52,70.23,0.73,51.28
2023-06-10,11:00,38.59,14.48,14.29,12.47,18.66
2023-06-10,12:00,112.63,19.3,108.67,3.69,59.78
2023-06-10,13:00,18.2,8.52,58.89,14.57,79.11
2023-06-10,14:00,19.21,15.99,39.3,1.19,22.91
2023-06-10,15:00,-3.75,16.83,-31.81,13.51,78.37
2023-06-10,16:00,43.09,15.12,110.74,-0.58,67.36
2023-06-10,17:00,43.18,28.7,87.44,3.08,3.93
2023-06-10,18:00,98.07,-4.69,80.38,13.64,58.89
2023-06-10,19:00,44.73,-6.41,-22.22,6.06,-11.03
2023-06-10,20:00,25.92,-11.3,49.79,3.23,10.55
2023-06-10,21:00,67.01,5.89,-2.68,16.86,5.55
2023-06-10,22:00,-8.98,15.61,-0.9,14.43,40.59
2023-06-10,23:00,20.2,14.38,71.63,7.46,-7.94
2023-06-10,00:00,102.5,45.83,33.15,2.76,-31.35
2023-06-11,01:00,15.59,-3.66,57.84,12,18.52
2023-06-11,02:00,-19,11.91,94.65,-0.31,-8.88
2023-06-11,03:00,55.81,23.15,28.53,10.68,10.03
2023-06-11,04:00,13.04,-22.32,45.75,-2.38,41.66
2023-06-11,05:00,53.45,18.96,22.06,7.9,2.24
2023-06-11,06:00,-28.77,45.93,53.29,0.7,22.91
2023-06-11,07:00,-17.42,43.74,-32.02,1.73,39.54
2023-06-11,08:00,16.56,40.05,29.52,15.48,65.43
2023-06-11,09:00,67.77,-0.15,6.86,6.29,44.14
2023-06-11,10:00,3.2,10.23,130.98,-0.5,16.3
2023-06-11,11:00,115.25,13.45,30.48,11.9,45.78
2023-06-11,12:00,41.36,3.58,-29.38,16.81,90.05
2023-06-11,13:00,87.84,42.18,76.93,12.81,42.23
2023-06-11,14:00,119.84,-17.97,39.94,9.6,60.6
2023-06-11,15:00,76.36,8.42,67.59,15.04,58.62
2023-06-11,16:00,113.48,35.99,33.35,12.94,48.14
2023-06-11,17:00,105.12,17.86,110.46,18.36,74.44
2023-06-11,18:00,115.44,16.56,-16.24,15.53,65.32
2023-06-11,19:00,-17.03,-3.09,2.42,12.43,18.24
2023-06-11,20:00,55.61,-11.32,89.27,18.76,102.05
2023-06-11,21:00,33.42,9.41,72.7,4.98,85.49
2023-06-11,22:00,-10.45,4.27,119.37,18.37,87.93
2023-06-11,23:00,18.67,-2.91,-3.71,12.84,15.09
2023-06-11,00:00,62.72,-18.06,93.82,-0.3,39.92
2023-06-12,01:00,-13.89,49.45,46.96,14.23,-21.45
2023-06-12,02:00,3.55,39.04,-43.3,4.02,60.6
2023-06-12,03:00,-29.86,-2.52,65.01,4.98,57.82
2023-06-12,04:00,71.84,-18.94,-3.03,10.95,56.22
2023-06-12,05:00,75.75,-3.16,83.39,4.46,2.87
2023-06-12,06:00,32.14,42.53,112.09,5.68,-30.8
2023-06-12,07:00,110.69,19.61,-8.58,7.45,31.51
2023-06-12,08:00,117.38,36.8,27.08,5.56,12.5
2023-06-12,09:00,41.85,42.67,-7.42,3.64,26.08
2023-06-12,10:00,22.43,10.54,132,20.51,27.02
2023-06-12,11:00,99.15,6.3,-13.91,16.7,114.23
2023-06-12,12:00,125.16,19.31,59.12,16.01,123.55
2023-06-12,13:00,49.92,24.4,121.6,8.51,52.85
2023-06-12,14:00,18.28,-1.29,60.11,16.96,98.82
2023-06-12,15:00,77.35,24.42,-33.88,20.98,106.68
2023-06-12,16:00,21.2,52.38,93.23,20.01,84.82
2023-06-12,17:00,45.04,-11.06,66.45,20.98,24.39
2023-06-12,18:00,116.8,28.53,93.72,14.53,113.32
2023-06-12,19:00,80.43,47.92,110.52,7.17,103.61
2023-06-12,20:00,37.76,-8.9,33.29,10.36,24.27
2023-06-12,21:00,59.59,43.66,64.05,8.07,50.83
2023-06-12,22:00,51.78,2.11,55.03,9.14,91.71
2023-06-12,23:00,89.42,10.69,-8.81,9.31,62.1
2023-06-12,00:00,1.19,19.74,29.07,11.21,27.55
2023-06-13,01:00,60.19,38.54,102.31,0.03,47.93
2023-06-13,02:00,-11.67,41.34,16.68,-0.58,44.66
2023-06-13,03:00,-44.53,22.09,16.01,5.23,16.52
2023-06-13,04:00,23.82,-21.33,40.27,7.4,-28.7
2023-06-13,05:00,40.31,49.52,-48.61,7.75,71.06
2023-06-13,06:00,-33.85,29.39,53.2,-1.03,79.16
2023-06-13,07:00,19.77,23.31,25.3,-0.58,-20.49
2023-06-13,08:00,-5.27,21.28,43.23,16.45,10.35
2023-06-13,09:00,49.83,0.43,122.95,17.32,102.08
2023-06-13,10:00,39.27,43.49,-13.98,21.49,92.12
2023-06-13,11:00,117.42,11.48,117.13,20.06,5.79
2023-06-13,12:00,53.19,10.05,23.89,9.64,78.91
2023-06-13,13:00,-9.06,-6.75,137.19,10.78,111.82
2023-06-13,14:00,27.78,18.16,49.17,25.46,20.58
2023-06-13,15:00,65.49,23.47,93.71,9.37,64.37
2023-06-13,16:00,32.61,-11.05,-40.55,21.65,55.55
2023-06-13,17:00,111.94,-10.35,56.9,9.35,-4.04
2023-06-13,18:00,108.35,46.48,22.1,9.59,35.39
2023-06-13,19:00,-13.27,25.99,123.54,3.21,42.32
2023-06-13,20:00,114.99,34.15,125.71,2.62,6.19
2023-06-13,21:00,18.69,17.05,46.27,2.87,39.61
2023-06-13,22:00,120.43,-1.02,54.15,8.54,37.16
2023-06-13,23:00,102.33,17.53,46.06,5.44,-16.92
2023-06-13,00:00,82.41,-14.3,25.47,3.57,77.64
2023-06-14,01:00,17.11,42.33,100.79,11.14,50.33
2023-06-14,02:00,-19.77,32.68,-37.44,12.06,60.06
2023-06-14,03:00,13.59,23.76,77.74,12.6,-18.99
2023-06-14,04:00,-20.15,37.17,90.4,1.48,16.93
2023-06-14,05:00,-4.89,44.78,16.35,-3.41,25.88
2023-06-14,06:00,79.4,16.56,104.19,4.48,28.46
2023-06-14,07:00,-33.29,-3.8,99.83,6.07,-11.26
2023-06-14,08:00,1.97,60.42,45.26,18.15,40.33
2023-06-14,09:00,34.3,51.67,115.95,3.94,44.68
2023-06-14,10:00,64.91,41.33,69.48,10.33,54.06
2023-06-14,11:00,58.92,-21.22,137.1,6.68,12.24
2023-06-14,12:00,6.6,43.67,64.96,5.29,56.62
2023-06-14,13:00,91.08,3.1,96.55,6.47,100.93
2023-06-14,14:00,68.9,9.52,73.7,21.49,28.7
2023-06-14,15:00,38.72,43.51,79.31,14.43,14.5
2023-06-14,16:00,114.2,23.63,125.11,13,75.4
2023-06-14,17:00,67.27,41.51,74.02,17.21,1.33
2023-06-14,18:00,-1.02,12.22,-6.78,9.9,-7.94
2023-06-14,19:00,68.91,-4.17,27.3,14.35,89.35
2023-06-14,20:00,36.4,24.67,-22.99,16.55,44.18
2023-06-14,21:00,79.38,-2.03,123.01,14.79,22.75
2023-06-14,22:00,103.11,8,11.86,2.51,34.98
2023-06-14,23:00,-2.06,52.2,70.79,15.97,72.88
2023-06-14,00:00,27.73,15.33,68.41,7.17,59.32
2023-06-15,01:00,-19.37,26.84,42.2,4.48,-12.99
2023-06-15,02:00,0.87,-16.35,27.29,-2.34,24.21
2023-06-15,03:00,14.58,23.11,31.13,-1.67,72.92
2023-06-15,04:00,-4.78,-14.99,10.83,9.74,38.12
2023-06-15,05:00,1.63,15.69,50.41,-1.28,-26.23
2023-06-15,06:00,-29.68,-18.14,-2.26,6.12,-22.48
2023-06-15,07:00,22.96,37,113.8,11.03,50.66
2023-06-15,08:00,19.46,17.34,86.33,15.11,68.95
2023-06-15,09:00,-8.32,-13.43,147.4,16.26,76.01
2023-06-15,10:00,74.41,19.14,-2.53,12.43,-0.81
2023-06-15,11:00,34.01,49.49,26.44,6.57,105.35
2023-06-15,12:00,95.67,-14.44,119.01,11.89,20.01
2023-06-15,13:00,88.3,38.45,84.91,11.08,16.49
2023-06-15,14:00,-1.21,52.35,138.17,22.62,116.86
2023-06-15,15:00,63.18,25.5,27.84,19.3,15.52
2023-06-15,16:00,72.3,-4.85,68.1,6.72,24.61
2023-06-15,17:00,60.28,23.86,134.31,12.04,55.24
2023-06-15,18:00,-6.51,-6.18,-30.38,10.32,61.64
2023-06-15,19:00,66.3,22.54,64.66,10.87,72.92
2023-06-15,20:00,105.36,21.14,-6.87,5.62,82.94
2023-06-15,21:00,36.51,57.52,64.59,8.34,54.45
2023-06-15,22:00,2.97,25.85,60.56,13.16,80.83
2023-06-15,23:00,89.76,34.38,129.5,4.78,81.53
2023-06-15,00:00,-13.71,35.23,62.22,9.85,-2.21
2023-06-16,01:00,38.7,1.08,47.87,3,21.9
2023-06-16,02:00,85.45,-1.79,96.42,7.24,20.94
2023-06-16,03:00,-17.06,7.6,51.88,11.19,-11.12
2023-06-16,04:00,19.84,24.55,82.04,10.05,39.04
2023-06-16,05:00,-18.43,-19.38,59.4,-3.12,-6.04
2023-06-16,06:00,10.03,6.23,-36.33,12.49,62.51
2023-06-16,07:00,75.28,49.87,106.12,3.69,65.74
2023-06-16,08:00,19.01,64.87,61.1,1.42,65.22
2023-06-16,09:00,53.37,38.64,67.01,6.91,82.39
2023-06-16,10:00,26.94,1.47,2,2.97,5.48
2023-06-16,11:00,25.82,-3.54,108.95,5.54,19.16
2023-06-16,12:00,9.79,8.19,102.4,3.62,83.75
2023-06-16,13:00,34.28,50.92,29.57,8.94,74.03
2023-06-16,14:00,4.53,37.19,99.71,21.16,110.43
2023-06-16,15:00,94.91,32.88,126.6,18.53,32.37
2023-06-16,16:00,93.7,30.74,30.52,5.7,94.76
2023-06-16,17:00,123.27,16.81,57.21,18.1,48.77
2023-06-16,18:00,34.27,25.26,115.55,20.68,108.05
2023-06-16,19:00,51.94,-11.3,93.49,16.7,57.7
2023-06-16,20:00,112.05,40.77,54.94,13.19,-8.08
2023-06-16,21:00,-11.13,14.8,-29.72,2.56,33.21
2023-06-16,22:00,-10.28,11.56,4.35,10.97,-11.95
2023-06-16,23:00,107.44,22.71,24.01,7,17.85
2023-06-16,00:00,90.94,33.18,-5.76,7.42,13.31
2023-06-17,01:00,34.25,-0.36,-23.41,2.23,-10.85
2023-06-17,02:00,32.38,46.02,82.17,3.39,41.63
2023-06-17,03:00,77.39,17.66,58.41,-3,25.55
2023-06-17,04:00,51.8,-18.21,-56.34,7.33,7.09
2023-06-17,05:00,-34.87,-22.09,114.25,-2.75,58.54
2023-06-17,06:00,46.58,35.53,-54.3,11.95,54.39
2023-06-17,07:00,13.8,-1.28,-15.76,5.99,29.41
2023-06-17,08:00,-24.31,-7.49,-37.79,11.98,-13.26
2023-06-17,09:00,-17.98,43.35,135.14,7.73,-15.8
2023-06-17,10:00,49.41,-9.06,88.06,8.69,23.52
2023-06-17,11:00,72.77,16.48,136.23,15.8,92.53
2023-06-17,12:00,9.1,10.42,130.42,-0.21,0.85
2023-06-17,13:00,93.22,-13.45,5.1,11.57,61.77
2023-06-17,14:00,-1.87,30.21,109.06,6.98,22.41
2023-06-17,15:00,-17,-10.56,113.68,8.33,-4.81
2023-06-17,16:00,93.19,13.82,118.54,4.49,94.3
2023-06-17,17:00,35.76,25.37,65.24,9.82,92.71
2023-06-17,18:00,43.22,29.39,110.02,9.73,1.48
2023-06-17,19:00,8.15,-11.46,59.49,1.22,30.73
2023-06-17,20:00,14.9,30.84,-23.09,15.35,45.68
2023-06-17,21:00,72.8,-4.29,-36.03,3.58,-5.31
2023-06-17,22:00,81.09,16.99,6.54,7.87,-9.03
2023-06-17,23:00,106.65,20.02,80.69,14.34,70.54
2023-06-17,00:00,103.44,11.05,8.36,0.63,43.27
2023-06-18,01:00,-1.33,12.79,36.97,12.34,-8.44
2023-06-18,02:00,-38.94,33.27,83.05,12.89,-23.01
2023-06-18,03:00,79.65,-8.22,-50.13,-3.02,-8.75
2023-06-18,04:00,81.59,39.2,106.36,8.5,-32.76
2023-06-18,05:00,-41.92,25.8,-42.35,3.04,-20.6
2023-06-18,06:00,32.17,38.91,73.83,2.43,8.45
2023-06-18,07:00,79.05,4.78,98.64,12.14,21.35
2023-06-18,08:00,61.25,-20.05,31.21,2.95,-12.89
2023-06-18,09:00,-25.64,40.94,78,-0.06,65.13
2023-06-18,10:00,78.11,7.39,19.87,0.23,42.31
2023-06-18,11:00,48.34,-6.75,43.5,16.02,-4.6
2023-06-18,12:00,120.44,27.11,84.67,7.95,98.15
2023-06-18,13:00,-17.2,14.6,73.73,3.78,-0.89
2023-06-18,14:00,53.05,-8.53,-18.29,11.09,-1.29
2023-06-18,15:00,91.94,10.76,42.01,4.3,59.43
2023-06-18,16:00,94.93,-20.01,-48,16.16,7.54
2023-06-18,17:00,-12.25,50.03,109.8,2.31,92.32
2023-06-18,18:00,82.2,-8.09,100.3,0.44,74.5
2023-06-18,19:00,9.8,-16.28,57.65,3.85,10.29
2023-06-18,20:00,73.51,40.87,68.05,8.18,-1.31
2023-06-18,21:00,76.59,4.07,31.35,12.55,11.68
2023-06-18,22:00,94.46,-9.72,44.06,3.86,94.21
2023-06-18,23:00,98.84,40.92,-27.54,10.89,38.66
2023-06-18,00:00,68.62,-1.05,126.57,9.13,76.24
2023-06-19,01:00,35.99,12.5,38.47,-0.09,21.25
2023-06-19,02:00,71.96,17.43,-58.81,1.91,-6.4
2023-06-19,03:00,68.19,-11.13,11.07,5.84,-16.49
2023-06-19,04:00,-7.9,13.71,-56.3,7.69,-40.75
2023-06-19,05:00,10.87,-11.6,-52.36,6.38,53.28
2023-06-19,06:00,-12.55,-22.42,113.3,6.59,30.94
2023-06-19,07:00,64.51,39.5,49.18,12.65,42.85
2023-06-19,08:00,73.43,-5.16,-9.18,9.21,98.67
2023-06-19,09:00,126.39,40.45,49.71,16.49,69.51
2023-06-19,10:00,44.56,-7.72,2.71,25.77,112.06
2023-06-19,11:00,117.01,6.96,84.05,29.13,116.44
2023-06-19,12:00,49.9,-13.53,135.96,12.46,80.33
2023-06-19,13:00,68.65,4.87,102.52,26.26,114
2023-06-19,14:00,102.81,15.76,-16.89,12.42,108.31
2023-06-19,15:00,128.15,21.92,22.32,23.1,85.58
2023-06-19,16:00,82.02,-12.13,88.92,10.3,80.53
2023-06-19,17:00,84.68,44.05,44.39,23.87,47.16
2023-06-19,18:00,75.81,43.43,32.24,14.73,2.6
2023-06-19,19:00,57.35,-8.73,33.41,4.23,29.39
2023-06-19,20:00,-2.41,34.66,49.37,15.35,100.05
2023-06-19,21:00,27.18,-12.35,-12.57,13.22,87.23
2023-06-19,22:00,10.51,-13.25,85.38,0.93,5.97
2023-06-19,23:00,6.01,45.89,120.77,12.6,62.97
2023-06-19,00:00,3.02,2.33,-23.54,2.45,63.7
2023-06-20,01:00,-15.57,16.19,97.45,4.42,-7.76
2023-06-20,02:00,84.5,44.32,118.12,-2.59,23.38
2023-06-20,03:00,-46.37,-8.07,-4.09,-2.08,54.64
2023-06-20,04:00,8.52,-21.67,-16.3,9.81,44.7
2023-06-20,05:00,-36.41,-13.46,98.66,1.45,22.22
2023-06-20,06:00,-36.98,-3.17,51.15,9.46,13.87
2023-06-20,07:00,44.92,37.05,0.91,7.85,-21.87
2023-06-20,08:00,27.41,36.14,22.55,5.35,2.02
2023-06-20,09:00,80.21,53.94,-9.69,19.82,4.57
2023-06-20,10:00,99.32,-10.67,13.3,12.23,99.15
2023-06-20,11:00,36.97,47.25,66.83,18.18,108.42
2023-06-20,12:00,58.42,44.95,139.58,18.32,58.78
2023-06-20,13:00,95.81,17.35,-0.66,8.72,88.96
2023-06-20,14:00,-11.19,53.04,-7.83,12.72,45.81
2023-06-20,15:00,110.23,-0.65,9.18,7.69,30.1
2023-06-20,16:00,16.6,-15.17,67.56,9.6,59.63
2023-06-20,17:00,54.33,24.25,-25.72,15.57,59.84
2023-06-20,18:00,8.56,50.1,44.03,8.2,87.4
2023-06-20,19:00,22.76,-8.52,127.81,6.26,6.31
2023-06-20,20:00,61.32,31.72,65.48,6.43,59.32
2023-06-20,21:00,19.4,28.35,32.24,3.61,35.98
2023-06-20,22:00,111.71,53.63,135.22,10.28,78.9
2023-06-20,23:00,101.81,22.9,22.88,7.3,41.39
2023-06-20,00:00,16.44,40.83,134.02,5.86,-31.81
2023-06-21,01:00,-8.87,35.33,15.28,3.8,22.26
2023-06-21,02:00,88.75,38.38,22.47,12.34,55.81
2023-06-21,03:00,41.99,26.71,-54.7,-2.51,-2.14
2023-06-21,04:00,14.44,-25.12,-58.29,3.46,42.74
2023-06-21,05:00,87.25,19.89,-17.28,6.41,-26.46
2023-06-21,06:00,-1.68,34.05,-41.07,-2.52,27.82
2023-06-21,07:00,92.33,11.92,14.65,4.12,24.61
2023-06-21,08:00,17.5,20.22,-0.46,13.69,0.06
2023-06-21,09:00,123.81,47.11,56.61,22.54,106.34
2023-06-21,10:00,48.74,-19.19,-20.76,6.79,41.25
2023-06-21,11:00,54.08,39.75,127,11.97,89.98
2023-06-21,12:00,82.12,32.49,11.72,20.66,100.38
2023-06-21,13:00,-15.59,10.33,27.24,16.48,45.22
2023-06-21,14:00,21.24,32.81,55.29,11.64,90.1
2023-06-21,15:00,90.86,1.71,133.31,19.6,-0.09
2023-06-21,16:00,-6.59,32.33,-42.06,5.27,92.02
2023-06-21,17:00,104.61,13.95,-38.72,18.65,88.32
2023-06-21,18:00,43.3,-0.12,28.62,18.83,39.92
2023-06-21,19:00,12.33,37.61,6.42,10.68,1.98
2023-06-21,20:00,59.18,53.89,57.49,11.57,36.13
2023-06-21,21:00,0.65,30.59,-17.52,8.6,20.71
2023-06-21,22:00,42.99,-5.75,-46.13,2.54,55.25
2023-06-21,23:00,104.33,36.37,21.55,2.19,46.84
2023-06-21,00:00,20.47,13.47,8.78,8.19,13.73
2023-06-22,01:00,42.54,-13.05,15.98,4.06,-6.45
2023-06-22,02:00,-43.93,-14.96,99.09,3.83,-32.11
2023-06-22,03:00,66.81,-25.84,78.34,4.58,22.32
2023-06-22,04:00,32.07,4.53,-15.17,11.73,35.46
2023-06-22,05:00,86.94,44.43,-60.14,6.81,22.12
2023-06-22,06:00,60.06,42.48,98.21,7.69,-33.2
2023-06-22,07:00,48.36,2.1,9.3,3.58,27.11
2023-06-22,08:00,37.97,3.9,17.73,8.26,88.89
2023-06-22,09:00,17.04,16.1,61.2,11.88,39.69
2023-06-22,10:00,58.84,-20.24,-33.84,5.84,55.4
2023-06-22,11:00,117.24,48.33,71.28,11.74,81.54
2023-06-22,12:00,-6.84,-18,119,20.95,84.47
2023-06-22,13:00,5.32,38.51,-6.77,20.06,51.19
2023-06-22,14:00,54.5,25.14,87.7,18.6,96.71
2023-06-22,15:00,31.3,-9.88,-40.6,7.02,47.4
2023-06-22,16:00,53.75,1.55,108.31,17.51,78.66
2023-06-22,17:00,23.99,-2.08,27.81,10.1,3.71
2023-06-22,18:00,61.48,-19.42,-2.29,18.63,8.49
2023-06-22,19:00,114.15,-13.31,31.83,3.39,68.29
2023-06-22,20:00,76.2,8.69,66.31,6.54,9.24
2023-06-22,21:00,-19.97,-10.5,32.92,17.64,-1.56
2023-06-22,22:00,-11.84,28.74,77.93,13.09,13.41
2023-06-22,23:00,105.74,34.19,-0.48,12.84,-18.87
2023-06-22,00:00,14.43,30.79,9.34,-0.26,-6.76
2023-06-23,01:00,17.12,-15.5,-41.73,2.14,-4.39
2023-06-23,02:00,83.31,-6.08,12.96,9.26,-37.62
2023-06-23,03:00,42.38,30.72,22.63,11.85,-21.6
2023-06-23,04:00,-41.24,41.47,-67.92,5.27,11.86
2023-06-23,05:00,-4.38,26.97,75.19,3.12,66.08
2023-06-23,06:00,-4.41,-17.32,19.26,8.92,-27.12
2023-06-23,07:00,-2.26,30.1,95.62,9.26,21.58
2023-06-23,08:00,-3.89,27.44,-38.38,14.47,101.04
2023-06-23,09:00,8.35,45.01,109.51,12.32,19.84
2023-06-23,10:00,105.96,41.96,123.15,18.09,79.6
2023-06-23,11:00,79.08,24.72,143.8,17.15,21.44
2023-06-23,12:00,29.44,-2.36,57.22,13.62,20.59
2023-06-23,13:00,31.12,-11.16,-15.16,18.41,52.84
2023-06-23,14:00,84.62,-0.95,117.51,8.43,52.1
2023-06-23,15:00,32.48,-14.59,6.2,23.73,60.91
2023-06-23,16:00,91.13,36.54,84.65,18.09,72.64
2023-06-23,17:00,21.16,2.35,49.54,16.57,39.67
2023-06-23,18:00,-9.05,24.3,77.69,15.84,-6.1
2023-06-23,19:00,68.95,4.62,-12.13,11.03,43.46
2023-06-23,20:00,94.74,32.55,71.61,0.08,22.5
2023-06-23,21:00,41.43,15.42,-41.38,1.91,67.48
2023-06-23,22:00,34.52,29,13.55,8.53,-0.63
2023-06-23,23:00,76.89,48.76,-39.43,7.27,81.69
2023-06-23,00:00,14.02,33,20.54,-3.7,-24.18
2023-06-24,01:00,-36.98,-17.11,76.77,0.59,7.64
2023-06-24,02:00,70.77,28.3,-32.57,-3.67,33.26
2023-06-24,03:00,-43.13,-6.96,-19.05,10.6,-29.55
2023-06-24,04:00,14.31,-23.94,-2.93,1.75,38.7
2023-06-24,05:00,-48.37,42.51,-7.6,12.64,-39.88
2023-06-24,06:00,69.55,-9.58,-37.31,-3.65,3.69
2023-06-24,07:00,22.75,-6.81,-5.12,4.92,27.48
2023-06-24,08:00,-5.4,-15.26,76.95,9.66,38.71
2023-06-24,09:00,15.13,50.48,20.57,2.6,88.21
2023-06-24,10:00,96.22,-7.11,15.17,13.95,46.79
2023-06-24,11:00,35.22,-16.58,105.57,-1.09,36.26
2023-06-24,12:00,6.56,22.33,-34.09,12.78,65.13
2023-06-24,13:00,74.66,50.55,70.44,0.71,59.31
2023-06-24,14:00,11.03,-20.75,57.18,16.27,26.74
2023-06-24,15:00,106.14,-0.79,111.59,9.53,84.54
2023-06-24,16:00,59.82,-8.12,88.7,13.32,-8.46
2023-06-24,17:00,-0.87,-19.6,65.95,14.83,42.28
2023-06-24,18:00,7.63,-5.41,-11.77,5.64,29.89
2023-06-24,19:00,31.98,-13.08,78.26,6.97,82.96
2023-06-24,20:00,115.79,20.32,68.75,11.46,73.77
2023-06-24,21:00,57.55,17.46,18.21,9.99,-12.01
2023-06-24,22:00,45.18,5.25,38.15,13.75,-7.78
2023-06-24,23:00,85.15,19.81,17.49,15.69,61.79
2023-06-24,00:00,8.33,40.76,100.41,13.04,-25.64
2023-06-25,01:00,-6.74,14.61,5.48,5.15,-0.79
2023-06-25,02:00,82.64,17.94,69.31,7.5,63.79
2023-06-25,03:00,-5.27,43.85,53.08,6.02,5.87
2023-06-25,04:00,-17.02,-11.55,16.67,6.89,19.26
2023-06-25,05:00,-3.05,8.6,3.8,11.57,6.7
2023-06-25,06:00,85.47,-3.28,47.33,9.85,47.48
2023-06-25,07:00,44.9,8.83,-8.6,0.58,-18.58
2023-06-25,08:00,-6.66,-5.06,46.46,0.16,75.35
2023-06-25,09:00,-2.36,34.64,-39.13,4.91,22.15
2023-06-25,10:00,14.8,-19.54,-9.35,10.17,-4.04
2023-06-25,11:00,-9.23,28.44,138.49,11.7,50.54
2023-06-25,12:00,-1.64,-19.23,-18.83,12.25,87.85
2023-06-25,13:00,38.31,50.11,75.01,9.09,4.43
2023-06-25,14:00,67.9,12.03,34.13,16.13,37.33
2023-06-25,15:00,-10.83,-10.03,25.92,2.43,30.74
2023-06-25,16:00,66.37,-13.51,8.85,6.25,23.42
2023-06-25,17:00,113.97,-6.79,39.31,0.63,52.46
2023-06-25,18:00,-12.47,27.26,5.52,0.9,6.68
2023-06-25,19:00,57.53,50.37,-32.05,16.49,74.12
2023-06-25,20:00,88.1,42.86,109.11,16.45,91.62
2023-06-25,21:00,76.22,-12.51,106.97,15.53,-7.47
2023-06-25,22:00,-19.8,-4.59,17.58,3.03,-15.62
2023-06-25,23:00,86.71,-9.94,65.68,14.3,-16.35
2023-06-25,00:00,49.16,-5.83,-8.15,11.37,12.74
2023-06-26,01:00,-39.25,-19.98,72.16,8.3,-14.37
2023-06-26,02:00,17.7,2.19,13.65,9.34,20.18
2023-06-26,03:00,-0.47,-21.19,70.95,-1.82,-1.63
2023-06-26,04:00,35.64,29.57,58.85,10.22,-3.63
2023-06-26,05:00,83.72,-6.45,30.03,9.78,31
2023-06-26,06:00,29.24,37.84,19.87,12.71,12
2023-06-26,07:00,31.74,13.84,83.34,1.71,76.41
2023-06-26,08:00,58.9,46.86,10.45,6.2,46.43
2023-06-26,09:00,114.49,48.53,118.74,13.07,100.32
2023-06-26,10:00,18.34,27.12,55.64,20.9,42.62
2023-06-26,11:00,63.05,5.85,130.81,16.44,84.89
2023-06-26,12:00,72.85,38.5,-11.21,17.73,27.76
2023-06-26,13:00,70.44,35.28,-10.67,12.28,113.66
2023-06-26,14:00,14.78,-11.32,77.16,20.84,26.05
2023-06-26,15:00,121.87,6.31,36.27,24.32,78.73
2023-06-26,16:00,126.75,-8.04,-28.9,14.11,104.75
2023-06-26,17:00,87.77,43.42,-36.31,10.35,82.97
2023-06-26,18:00,119.01,31.75,-14.66,5.17,51.87
2023-06-26,19:00,56.23,9.02,58.56,7.08,43.28
2023-06-26,20:00,1.87,55.31,116.83,9.61,97.86
2023-06-26,21:00,75.36,7.36,78.32,6.01,77.09
2023-06-26,22:00,46.61,19.16,56.26,16.29,12.77
2023-06-26,23:00,65.99,40.38,28.91,10.25,11.31
2023-06-26,00:00,81.29,16.5,-39.9,10.93,44.96
2023-06-27,01:00,45.71,16.14,78.63,13.87,53.56
2023-06-27,02:00,-4.37,44.63,36.42,-0.78,-26.64
2023-06-27,03:00,-26.22,20.3,37.55,11.43,72.25
2023-06-27,04:00,56.43,-10.42,51.13,8.18,-27.6
2023-06-27,05:00,79.59,5.95,50.56,-1.06,11.2
2023-06-27,06:00,18.42,23.77,73.17,-0.56,-18.2
2023-06-27,07:00,0.27,41.71,44.2,10.51,73.98
2023-06-27,08:00,69.88,7.77,8.73,13.58,48
2023-06-27,09:00,65.61,3.99,125.86,8.91,19.95
2023-06-27,10:00,10.08,-3.72,28.74,23.98,43.87
2023-06-27,11:00,35.71,13.37,-16.98,11.22,107.67
2023-06-27,12:00,117.94,34.01,58.41,16.97,30.02
2023-06-27,13:00,73.21,-8.19,92.57,15.39,52.24
2023-06-27,14:00,112.46,10.95,76.14,17.2,13.64
2023-06-27,15:00,74.24,29.05,-10.83,13.52,14.13
2023-06-27,16:00,110.74,36.59,63.65,17.19,76.14
2023-06-27,17:00,32.78,10.79,30.52,10.24,16.49
2023-06-27,18:00,81.06,50.98,16.8,13.43,37.92
2023-06-27,19:00,56.1,35.23,2.19,10.76,78.93
2023-06-27,20:00,-16.42,27.78,-5.22,11.92,28.43
2023-06-27,21:00,48.3,28.4,80.96,6.69,-6.15
2023-06-27,22:00,-7.18,14.89,48.22,20.02,17.44
2023-06-27,23:00,56.21,49.69,-13.8,12.33,16.05
2023-06-27,00:00,-6.12,36.51,101.78,7.25,37.55
2023-06-28,01:00,-19.77,24.65,118.62,11.16,-12.21
2023-06-28,02:00,-41.21,27.34,14.18,-5.32,50.76
2023-06-28,03:00,11.19,-15.11,103.07,3.98,21.76
2023-06-28,04:00,14.95,45.86,79.9,8,56.77
2023-06-28,05:00,71.8,35.05,42.15,0.74,68.54
2023-06-28,06:00,42.15,7.08,74.2,4.97,-4.98
2023-06-28,07:00,1.8,14.41,110.28,14.84,61.98
2023-06-28,08:00,63.4,11.13,107.39,14.9,90.04
2023-06-28,09:00,122.81,-3.84,99.81,9.82,99.02
2023-06-28,10:00,75.02,45.27,-31.95,5.7,86.65
2023-06-28,11:00,30.14,19.99,61.16,11.33,109.27
2023-06-28,12:00,136.16,35.02,-8.2,4.79,29.38
2023-06-28,13:00,98.26,48.15,10.18,10.63,96.88
2023-06-28,14:00,29.27,31.88,-22.69,16.5,75.41
2023-06-28,15:00,124.82,29.23,124.52,8.61,50.06
2023-06-28,16:00,66.25,23.22,5.08,16.69,21.39
2023-06-28,17:00,39.95,50,46.97,17.5,55.54
2023-06-28,18:00,9.47,46.96,64.37,7.68,75.01
2023-06-28,19:00,2.22,21.78,-20.42,6.66,27.61
2023-06-28,20:00,13.93,29.99,4.48,1.23,70.05
2023-06-28,21:00,121.15,-13.27,96.98,18.19,75.26
2023-06-28,22:00,42.88,47.61,-42.34,1.92,48.84
2023-06-28,23:00,-4.1,26.28,89.11,0.3,56.3
2023-06-28,00:00,48.19,11.36,112.03,2.95,-18.65
2023-06-29,01:00,45.86,26.99,99.2,-1.26,-23.85
2023-06-29,02:00,-24.77,-21.67,69.53,4.5,14.58
2023-06-29,03:00,87.71,24.52,-52.16,0.61,22.98
2023-06-29,04:00,38.23,-4.56,85.8,12.54,-30.23
2023-06-29,05:00,-18.29,-16.84,107.38,6.2,-18.49
2023-06-29,06:00,-9.83,-2,-44.73,9.27,-13.67
2023-06-29,07:00,67.56,-1.8,-29.92,11.85,90.61
2023-06-29,08:00,14.87,-8.31,-34.94,7.37,77.52
2023-06-29,09:00,87.25,34.55,40.83,8.96,9.09
2023-06-29,10:00,11.59,41.07,114.34,15.24,46.42
2023-06-29,11:00,36.97,37.63,21.9,16.6,103.16
2023-06-29,12:00,58.09,-2.71,108.99,21.7,82.04
2023-06-29,13:00,59.8,13.29,-28.03,18.94,59.46
2023-06-29,14:00,84.09,1.96,37.51,23.19,57.61
2023-06-29,15:00,131.09,-12.67,108.9,18.85,93.1
2023-06-29,16:00,128.63,32.27,-31.68,21.47,94.98
2023-06-29,17:00,90.09,45.95,94.03,22.35,21.38
2023-06-29,18:00,123.96,-1.12,55.88,6.38,23.58
2023-06-29,19:00,73.77,53.36,-0.16,7.07,101.77
2023-06-29,20:00,106.52,23.94,10.44,11.66,68.03
2023-06-29,21:00,-10.05,-5.22,67.4,2.99,89.96
2023-06-29,22:00,81.86,-4.94,71.67,4.39,28.51
2023-06-29,23:00,11.74,20.16,53.76,4.9,81.57
2023-06-29,00:00,36.23,12.84,110.68,8.67,-21.02
2023-06-30,01:00,66.82,18.46,-42.18,214.14,-30.82
2023-06-30,02:00,-32.1,-16.15,-4.77,6.08,55.85
2023-06-30,03:00,47.34,-28.55,-31.04,3.68,23.76
2023-06-30,04:00,58.1,20.58,88.52,4.31,-30.69
2023-06-30,05:00,-15.23,9.3,18.09,-0.37,-36.68
2023-06-30,06:00,-2.03,40.25,21.18,2.56,24.37
2023-06-30,07:00,26.47,9.56,-43.59,-1.63,37.88
2023-06-30,08:00,53.91,33.84,50.96,7.93,-13.12
2023-06-30,09:00,115.39,9.74,134.58,16.77,47.3
2023-06-30,10:00,89.09,-4.83,76.97,18.35,64.35
2023-06-30,11:00,14.45,26.28,-5.14,19.61,26.6
2023-06-30,12:00,41.59,-11.81,74,17.81,126.15
2023-06-30,13:00,79.45,22,50.74,13.14,46.66
2023-06-30,14:00,83.04,29.79,-27.52,9.84,103.25
2023-06-30,15:00,137.99,50.09,29.42,11.25,8.69
2023-06-30,16:00,8.42,-1.1,111.09,18.95,55.32
2023-06-30,17:00,112.63,42.51,132.77,13.81,65.81
2023-06-30,18:00,53.71,29.47,13.57,16.14,98.63
2023-06-30,19:00,115.52,38.46,39.27,-0.47,-3.05
2023-06-30,20:00,71.24,23.59,111.44,10.47,92.86
2023-06-30,21:00,63.65,25.83,95.5,9.63,75.39
2023-06-30,22:00,18.1,-10.09,60.61,10.68,66.4
2023-06-30,23:00,47.74,-14.38,-43.94,11.65,-0.72
2023-06-30,00:00,100.22,-14.49,-42.24,-1.86,-20.55
2023-07-01,01:00,87.26,43.31,-60.17,13.42,-13.57
2023-07-01,02:00,38.57,-7.73,-41.62,13.74,61.7
2023-07-01,03:00,-30.38,-5.88,17.89,6.47,47.33
2023-07-01,04:00,30.58,28.8,-43.63,7.47,67
2023-07-01,05:00,-34.21,4.59,10.44,-1.92,-22.32
2023-07-01,06:00,20.37,-6.01,40,0.94,2.84
2023-07-01,07:00,16.38,-9.08,-17.3,-2.69,16.08
2023-07-01,08:00,22.93,26.54,-50.85,5.53,3.19
2023-07-01,09:00,72.99,32.05,-7.06,-0.51,37.61
2023-07-01,10:00,-1.35,8.19,35.62,7.84,84.7
2023-07-01,11:00,6.66,49.39,34.67,5.81,82.39
2023-07-01,12:00,124.31,1,72.95,6.17,87.82
2023-07-01,13:00,20.19,10.5,80.95,7.99,7.36
2023-07-01,14:00,117.65,6.67,77.42,4.83,98.62
2023-07-01,15:00,-6.28,47.33,87.26,5.78,50.27
2023-07-01,16:00,120.84,-4.05,87.25,6.03,66.22
2023-07-01,17:00,110.5,10.64,34.02,6.19,40.85
2023-07-01,18:00,-10.14,20.18,35.32,11.39,86.48
2023-07-01,19:00,3.86,-13.09,99.4,1.4,-18.23
2023-07-01,20:00,122.23,32.9,-30.07,11.2,45.97
2023-07-01,21:00,95.38,19.09,26.98,15.49,43.76
2023-07-01,22:00,-15.91,-18.23,30.56,13.57,78.66
2023-07-01,23:00,1.87,12.85,89.44,4.46,59.4
2023-07-01,00:00,9.17,-14.9,-60.08,2.82,-0.86
2023-07-02,01:00,-40.28,-9.4,-6.64,12.46,-9.88
2023-07-02,02:00,21.05,29.59,48.32,15.73,-17.18
2023-07-02,03:00,82.32,4.06,-30.96,5.72,25.86
2023-07-02,04:00,10.16,41.46,76.25,-0.65,17.95
2023-07-02,05:00,-1.72,-25.35,-65.02,-1.85,-6.68
2023-07-02,06:00,73.48,-20.24,-52.4,5.82,43.27
2023-07-02,07:00,45.51,1.47,111.08,14.99,46.57
2023-07-02,08:00,6.09,-19.73,4.25,10.79,-10.74
2023-07-02,09:00,21.39,41.88,13.12,17.95,-19.2
2023-07-02,10:00,78.49,34.28,45.38,6.86,0.4
2023-07-02,11:00,55.97,-15.28,23.57,5.79,57.07
2023-07-02,12:00,41.42,0.51,8.16,5.39,74.7
2023-07-02,13:00,-0.18,45.36,65.74,5.74,64.95
2023-07-02,14:00,37.69,14.86,-23.3,6.8,79.91
2023-07-02,15:00,59.07,1.23,-7.01,2.69,18.63
2023-07-02,16:00,18.82,46.69,79.55,7,24.2
2023-07-02,17:00,117.13,-22.6,49.64,19.94,0.5
2023-07-02,18:00,106.84,-14.53,-41.96,9.55,11.2
2023-07-02,19:00,69.09,29.24,49.38,15.22,67.89
2023-07-02,20:00,91.32,13.99,71.87,5.12,18.52
2023-07-02,21:00,107.76,2.79,-21.03,10.92,66.69
2023-07-02,22:00,13.69,47.2,102.41,5.56,63.3
2023-07-02,23:00,57.77,-14.01,103.6,7.65,71.08
2023-07-02,00:00,71.89,-12.96,-10.49,12.68,4.92
2023-07-03,01:00,61.15,10.81,111.97,3.32,3.49
2023-07-03,02:00,35.44,-1.36,-11.72,-2.11,-13.59
2023-07-03,03:00,78.92,4.22,-57.09,4.33,-9.98
2023-07-03,04:00,5.88,17.31,55.33,4.34,20.78
2023-07-03,05:00,58.58,-5.05,94.25,8.14,70.28
2023-07-03,06:00,0.17,-20.3,81.97,11.39,-27.93
2023-07-03,07:00,58.31,-16.31,95.95,15.9,56.96
2023-07-03,08:00,13.34,1.34,76.83,17.6,35.69
2023-07-03,09:00,100.16,39.74,-3.83,12.57,26.24
2023-07-03,10:00,36.32,56,131.6,26.09,50.81
2023-07-03,11:00,97.1,15.26,104.42,15.52,96.78
2023-07-03,12:00,103.11,13.05,143.72,22.61,73
2023-07-03,13:00,116.11,31.04,145.02,25.42,72.91
2023-07-03,14:00,128.41,13.36,122.4,27.85,56
2023-07-03,15:00,129.87,46.16,147.82,10.65,40.52
2023-07-03,16:00,105.64,39.71,112.59,24.99,118.31
2023-07-03,17:00,125.58,43.6,54.03,13.61,67.36
2023-07-03,18:00,102.18,29.9,123.7,7.5,10.91
2023-07-03,19:00,115.3,16.62,123.77,1.19,-7.45
2023-07-03,20:00,-9.58,3.48,-31.77,10.35,68.9
2023-07-03,21:00,76.55,49.09,74,16.22,72.41
2023-07-03,22:00,113.77,36.84,-36.36,16.48,13.65
2023-07-03,23:00,59.94,-12.15,61.95,13.61,37.66
2023-07-03,00:00,-31.31,11.76,14.61,4.12,-33.27
2023-07-04,01:00,36.06,31.89,81.46,3.45,37.25
2023-07-04,02:00,31.32,0.03,69.62,7.74,42.37
2023-07-04,03:00,79.42,12.8,-31.32,11.65,32.43
2023-07-04,04:00,-49.01,6.85,-66.49,-0.94,-0.95
2023-07-04,05:00,-9.63,-21.14,15.33,0.7,-34.28
2023-07-04,06:00,48.93,1.84,-11.19,1.48,36.07
2023-07-04,07:00,86.5,52.51,-23.29,5.84,54.58
2023-07-04,08:00,87.17,13.54,80.48,14.44,7.98
2023-07-04,09:00,128.79,46.89,6.43,25.13,44.36
2023-07-04,10:00,99.58,10.61,83.33,21.88,115.32
2023-07-04,11:00,113.23,35.95,28.21,10.29,68.23
2023-07-04,12:00,13.84,44.08,28.71,13,55.95
2023-07-04,13:00,97.9,6.11,-12.59,18.2,79.75
2023-07-04,14:00,54.64,-21.2,-4.46,17.58,87.46
2023-07-04,15:00,75.93,44.95,12.19,15.27,112.9
2023-07-04,16:00,93.98,45.87,40.78,22.85,21.65
2023-07-04,17:00,96.19,23.2,-0.67,7.38,108.23
2023-07-04,18:00,-1.33,23.71,14.12,5.87,21.55
2023-07-04,19:00,79.61,34.67,127.39,16.46,72.14
2023-07-04,20:00,7.11,17.83,112.22,9.85,-11.81
2023-07-04,21:00,103.28,7.46,112.11,6.51,78.63
2023-07-04,22:00,116.77,14.06,84.85,1.01,47.98
2023-07-04,23:00,65.7,27.35,103.44,5.96,52.14
2023-07-04,00:00,-32.47,28.48,131.35,0.02,65.64
2023-07-05,01:00,49.46,-19.54,-16.15,11.86,-1.81
2023-07-05,02:00,52.05,43.39,102.65,8.68,15.65
2023-07-05,03:00,51.35,3.66,2.7,3.62,8.91
2023-07-05,04:00,12.17,-21.38,-46.95,11.19,-35.83
2023-07-05,05:00,66.75,-0.93,88.35,-1.36,41.43
2023-07-05,06:00,-43.73,-26.08,12.83,2.63,57.75
2023-07-05,07:00,67.6,8.36,92.32,10.62,24.77
2023-07-05,08:00,120.78,19.24,-38.65,10.06,24.57
2023-07-05,09:00,1.2,-16.11,75.52,9.29,17.37
2023-07-05,10:00,64.49,41.72,73.23,24.68,17.21
2023-07-05,11:00,16.89,19.65,44.04,10.57,36.64
2023-07-05,12:00,8.31,39.78,55.32,21.79,13.86
2023-07-05,13:00,93.82,39.32,-11.42,15.58,80.72
2023-07-05,14:00,55.65,-6.49,-17.85,25.26,29.59
2023-07-05,15:00,128.65,42.78,140.12,26.58,27.13
2023-07-05,16:00,-0.18,4.13,-27.88,13.23,85.13
2023-07-05,17:00,14.1,42.69,86.23,18.39,37.5
2023-07-05,18:00,55.42,-14.23,91.79,8.05,100.1
2023-07-05,19:00,78.31,7.82,80.22,17.66,39.39
2023-07-05,20:00,79.08,51.31,22.87,1.32,34.01
2023-07-05,21:00,84.31,36.33,82.49,13.86,0.33
2023-07-05,22:00,88.42,5.89,-6.65,12.15,61.33
2023-07-05,23:00,69.91,28.72,-3.18,12.43,6.65
2023-07-05,00:00,50.34,2.67,78.29,13.3,28.93
2023-07-06,01:00,-40.57,7.53,-31.44,3.5,48.45
2023-07-06,02:00,56.94,-13.24,43.56,5.14,-32.83
2023-07-06,03:00,-10.09,24.46,-27.86,8.41,-5.59
2023-07-06,04:00,41.91,-24.89,48.49,3.13,-15.78
2023-07-06,05:00,11.35,-1.92,33.39,-2.63,21.3
2023-07-06,06:00,86.21,19.82,82.64,-4.31,10.92
2023-07-06,07:00,-12.22,46,-53.76,10.24,23.98
2023-07-06,08:00,114.72,-1.59,62.45,11.14,72.91
2023-07-06,09:00,16.92,7.84,87.64,17.9,92.56
2023-07-06,10:00,-0.66,27.93,134.05,10.54,72.03
2023-07-06,11:00,21.37,49.52,115.65,17.89,129.19
2023-07-06,12:00,128.9,18.14,-7.2,9.02,62.55
2023-07-06,13:00,131.49,-15.89,-5.2,24.84,22.28
2023-07-06,14:00,39.77,21.06,39.59,21.94,78.98
2023-07-06,15:00,132.18,49.1,15.47,15.97,97.5
2023-07-06,16:00,95.74,-23.05,54.11,17.13,107.87
2023-07-06,17:00,24.07,3.66,23.6,10.04,110.37
2023-07-06,18:00,4.36,51.54,37.77,15.07,62.89
2023-07-06,19:00,118.81,38.88,129.66,5.38,6.6
2023-07-06,20:00,126.71,0.48,-47.55,7,91.1
2023-07-06,21:00,115.88,18.73,91.92,11.01,60.71
2023-07-06,22:00,119.67,-11.17,112.01,7.15,-5.7
2023-07-06,23:00,109.25,5.05,106.66,-0.86,25.39
2023-07-06,00:00,80.54,-14.83,18.76,6.38,18.31
2023-07-07,01:00,-42.55,42,31.65,3.54,61.87
2023-07-07,02:00,10.71,28.16,-36.45,13.1,-38.41
2023-07-07,03:00,-15.92,22.03,-40.68,1.68,13.66
2023-07-07,04:00,14.58,39.48,-19.21,10.84,17.06
2023-07-07,05:00,-47.96,13.28,9.05,-2.42,50.45
2023-07-07,06:00,5.07,-13.62,36.75,6.16,-35.71
2023-07-07,07:00,77.67,49.97,2.22,9.04,3.83
2023-07-07,08:00,125.74,47.33,75.87,20.12,94.42
2023-07-07,09:00,14.27,44.63,67.13,12.69,68.29
2023-07-07,10:00,98.02,28.75,143.28,10.32,82.79
2023-07-07,11:00,137.92,2.69,131.69,14.49,67.9
2023-07-07,12:00,73.75,-20.53,110.47,15.5,48.74
2023-07-07,13:00,11.5,18.61,87.57,7.4,18.64
2023-07-07,14:00,29.5,20.42,77.57,7.89,21.95
2023-07-07,15:00,5.4,41.96,114.16,18.48,9.04
2023-07-07,16:00,125.15,-19.07,64.96,20.07,17.41
2023-07-07,17:00,-4.31,21.69,30.29,16.82,41.57
2023-07-07,18:00,83.61,-16.59,18.94,15.27,11.66
2023-07-07,19:00,120.32,2.8,108.2,7.52,11.02
2023-07-07,20:00,49.39,-6.21,93.97,5.19,34.67
2023-07-07,21:00,116.72,-3.69,24.69,1.24,33.08
2023-07-07,22:00,108.89,3.16,-57.52,6.12,74.72
2023-07-07,23:00,83.47,-20,68.84,1.72,56.18
2023-07-07,00:00,92.98,-10.43,-42.15,4.29,3.17
2023-07-08,01:00,-1.23,-7.93,25.5,-3.04,-28.27
2023-07-08,02:00,-36.45,4.39,55.7,5.38,-30.29
2023-07-08,03:00,-44.78,38.81,30.39,4.65,-5.94
2023-07-08,04:00,31.36,14.9,-5.33,10.64,-6.3
2023-07-08,05:00,-2.56,15.31,43.24,10.12,43.21
2023-07-08,06:00,28.66,-12.08,-46.42,10.48,26.16
2023-07-08,07:00,27.65,-0.91,-0.36,11.27,18.56
2023-07-08,08:00,78.13,15.23,-53.39,10.22,-32.28
2023-07-08,09:00,81.53,-4.74,112.76,11.86,21.73
2023-07-08,10:00,87,22.75,-48.43,5.55,69.06
2023-07-08,11:00,52.03,34.26,74.23,8.8,24.73
2023-07-08,12:00,-1.51,14.03,-25.93,8.51,99.09
2023-07-08,13:00,20.44,-1.11,20.06,15.49,11.66
2023-07-08,14:00,21.95,4.47,-29.47,14.65,59.9
2023-07-08,15:00,36.65,5.53,42.2,-1.33,-7.6
2023-07-08,16:00,24.67,9.19,117.76,2.52,82.69
2023-07-08,17:00,29.51,-21.76,112.55,6.76,47.52
2023-07-08,18:00,37.53,52.3,17.37,11.29,31.06
2023-07-08,19:00,4.29,-19.68,35.21,9.88,51.25
2023-07-08,20:00,3.63,25.06,-45.18,12.35,60
2023-07-08,21:00,21.02,45.14,-49.81,15.4,4.42
2023-07-08,22:00,16.99,32.03,64.93,0.02,68.17
2023-07-08,23:00,-28.44,2.16,27.46,9.78,82.49
2023-07-08,00:00,62.4,9.63,30.27,8.1,-15.7
2023-07-09,01:00,67.23,0.07,17.71,-1.33,40.06
2023-07-09,02:00,16.19,26.79,45.73,11.79,69.86
2023-07-09,03:00,66.97,40.3,-28.49,6.77,-40
2023-07-09,04:00,-35.64,-10.89,-42.34,-2.2,-37.44
2023-07-09,05:00,88.12,11.27,103.48,-3.27,62.8
2023-07-09,06:00,12.49,16.84,99.84,10.94,19.24
2023-07-09,07:00,66.4,24.56,76.71,7.53,34.1
2023-07-09,08:00,-0.64,-23.48,51.35,8.03,7.51
2023-07-09,09:00,65.68,45.78,32.89,9.9,45
2023-07-09,10:00,43.44,9.76,1.57,11.28,63.01
2023-07-09,11:00,60.48,49.81,-39.7,7.29,25.03
2023-07-09,12:00,13.45,-15.11,113.46,7.35,35.86
2023-07-09,13:00,117.67,7.64,104.15,7.03,-7.9
2023-07-09,14:00,-21.23,40.85,38.81,10.14,69.77
2023-07-09,15:00,-20.9,15.72,107.27,4.26,-4.21
2023-07-09,16:00,46.22,33.6,28.84,2.3,-4.3
2023-07-09,17:00,80.05,43.51,-27.38,1.14,1.89
2023-07-09,18:00,3.54,33.39,49.48,14.77,-3.59
2023-07-09,19:00,103.17,-18.97,71.15,16.22,54.18
2023-07-09,20:00,68.61,8.09,89.23,10.58,43.82
2023-07-09,21:00,90.95,15.67,88,8.23,64.19
2023-07-09,22:00,96.53,28.62,29.84,13.25,-3.43
2023-07-09,23:00,18.12,-18.13,-49.81,0.7,67.91
2023-07-09,00:00,-30.5,48.2,50.35,2.53,-17.82
2023-07-10,01:00,80.66,38.21,-45.19,2.29,3
2023-07-10,02:00,34.58,33.12,-50.48,4.2,-33.67
2023-07-10,03:00,74.21,7.48,51.74,-1.04,11.04
2023-07-10,04:00,-43.91,-16.08,49.07,7.08,-3.48
2023-07-10,05:00,54.72,-10,36.79,7.06,9.35
2023-07-10,06:00,-2.77,-13.21,51.16,13.78,36.23
2023-07-10,07:00,72.4,28.91,-37.15,9.11,-21.81
2023-07-10,08:00,81.84,-8.2,132.62,8.39,0.22
2023-07-10,09:00,114.38,-3.91,18.16,24,83.59
2023-07-10,10:00,138.5,29.58,53.39,17.23,46.81
2023-07-10,11:00,43.29,33.79,138.47,17.25,127.99
2023-07-10,12:00,3.14,-8.65,45.57,16.09,86.31
2023-07-10,13:00,14.62,18.62,25.58,31.44,109.89
2023-07-10,14:00,102.71,-13.81,139,18.79,87.3
2023-07-10,15:00,-0.06,-12.91,5.82,16.19,28.3
2023-07-10,16:00,73.6,0.91,99.74,20.27,60.01
2023-07-10,17:00,5.88,8.48,85.01,12.46,90.71
2023-07-10,18:00,117.36,53.76,133.72,17.41,42.91
2023-07-10,19:00,60.37,24.23,1.83,2.02,79.2
2023-07-10,20:00,-12.89,45.36,87.93,4.2,0.37
2023-07-10,21:00,60.7,38.73,62.63,14.18,82.52
2023-07-10,22:00,73.47,51.07,54.89,1.62,14.36
2023-07-10,23:00,34.1,25.56,-13.42,-1.82,37.99
2023-07-10,00:00,108.19,34.25,-37.78,5.03,76.49
2023-07-11,01:00,-45.28,10.55,56.34,3.49,40.32
2023-07-11,02:00,-17.91,22.4,42.09,-1.94,28.53
2023-07-11,03:00,-19.13,31.66,-28.55,7.76,-23.55
2023-07-11,04:00,-39.16,32.8,103.26,9.4,-14.25
2023-07-11,05:00,2.49,2.07,29.47,7.42,37.75
2023-07-11,06:00,80.13,41.74,96.28,11.63,69.93
2023-07-11,07:00,-28.37,32.74,37.53,-2.25,-24.48
2023-07-11,08:00,42.48,21.02,11.21,15.24,55.04
2023-07-11,09:00,79.24,53.57,-15.02,14.67,53.26
2023-07-11,10:00,28.79,5.2,64.65,26.48,130.1
2023-07-11,11:00,9.44,7.51,107.28,29.66,74.95
2023-07-11,12:00,91.8,-9.85,45.77,19.01,119.77
2023-07-11,13:00,78.44,13.34,-13.22,28.43,24.94
2023-07-11,14:00,96.23,40.16,70.28,17.89,56.87
2023-07-11,15:00,93.98,-7.37,42.74,15.37,35.16
2023-07-11,16:00,-0.6,-1.75,-9.88,25.49,47.92
2023-07-11,17:00,67.36,36.99,108.43,22.59,74.67
2023-07-11,18:00,102.15,36.64,15.75,20.2,21.75
2023-07-11,19:00,51.98,47.57,119.83,15.49,13.59
2023-07-11,20:00,73.69,49.26,67.53,18.55,22.06
2023-07-11,21:00,60.6,-5.73,-13.26,15.69,17.91
2023-07-11,22:00,109.03,43.14,-10.84,4.44,9.9
2023-07-11,23:00,52.14,41,54.46,9.09,14.74
2023-07-11,00:00,52.53,46.95,87.45,1.13,49.41
2023-07-12,01:00,27.22,9.39,40.67,2.56,-24.68
2023-07-12,02:00,5.93,-28.5,100.05,11.33,62.69
2023-07-12,03:00,51.92,-25.14,59.36,3.34,6.41
2023-07-12,04:00,-8.02,-17.14,21.01,-1.06,70.23
2023-07-12,05:00,7.97,-16.18,-27.1,7.59,50.38
2023-07-12,06:00,-11.4,-25.47,77.13,1.05,59.5
2023-07-12,07:00,57.05,20.77,78.74,8.43,69.84
2023-07-12,08:00,110.82,62.44,-9.99,16.83,105.47
2023-07-12,09:00,78.03,19.54,-20.11,23.39,83.16
2023-07-12,10:00,42.22,0.72,137.9,16.76,85.58
2023-07-12,11:00,41.64,-22.11,-19.49,12.49,30.91
2023-07-12,12:00,79.35,-4.68,-18.42,21.45,34.34
2023-07-12,13:00,80.98,12.96,-10.64,18.51,116.99
2023-07-12,14:00,55.52,21.18,52.88,22.74,117.65
2023-07-12,15:00,85.54,-1.19,52.5,13.26,29.31
2023-07-12,16:00,134.56,47.95,136.68,23.13,9.15
2023-07-12,17:00,76.77,1.87,80.14,23,34.96
2023-07-12,18:00,112.4,-4.26,55.1,10.71,95.34
2023-07-12,19:00,17.92,-16.19,113.41,14.12,88.75
2023-07-12,20:00,22.92,41.29,-39.67,8.55,93.32
2023-07-12,21:00,81.13,6.86,37.8,1.76,11.09
2023-07-12,22:00,42.24,19.38,21.04,-0.39,84.76
2023-07-12,23:00,97.26,8.74,5.3,1.85,-20.72
2023-07-12,00:00,86.16,50.34,69.69,7.01,12.47
2023-07-13,01:00,40.99,43.9,-56.91,7.32,70.44
2023-07-13,02:00,46.23,27.3,33.36,-0.08,-3.54
2023-07-13,03:00,44.25,23.87,37.93,-4.17,17.28
2023-07-13,04:00,51.82,-4.61,-16.36,0.12,55.36
2023-07-13,05:00,-30.04,41.15,67.97,9.77,27.65
2023-07-13,06:00,47.11,5.82,41.88,1.06,-11.03
2023-07-13,07:00,55.06,36.27,99.59,0.89,38.05
2023-07-13,08:00,79.19,0.66,74.79,18.28,56.44
2023-07-13,09:00,36.92,39.43,134.11,22.36,82.3
2023-07-13,10:00,119.21,24.57,31.79,20.14,122.64
2023-07-13,11:00,7.77,40.94,54.2,26.19,75.35
2023-07-13,12:00,7.06,38.74,84.17,26.74,51.08
2023-07-13,13:00,83.76,9.08,45.29,19.33,48.94
2023-07-13,14:00,103.64,-2.44,77.02,22.04,68.03
2023-07-13,15:00,51.13,25.57,39.05,21.73,61.46
2023-07-13,16:00,41.44,5.58,43.35,13.95,5.45
2023-07-13,17:00,75.68,-1.76,27.33,20.57,46.6
2023-07-13,18:00,70.29,-6.5,118.39,4.68,8.79
2023-07-13,19:00,70.08,-17.87,124.61,15.33,8.54
2023-07-13,20:00,65.84,0.84,71.74,16.2,32.96
2023-07-13,21:00,105.09,56.71,63.88,10.05,-3.27
2023-07-13,22:00,97.3,27.78,-44.78,9.05,-4.74
2023-07-13,23:00,72.97,8.28,-17.65,11.1,-34.88
2023-07-13,00:00,-21.28,-21.06,30.72,4.86,17.27
2023-07-14,01:00,44.99,-13.75,-26.21,0.59,-2.63
2023-07-14,02:00,91.29,12.2,-55.1,-1.57,-5.28
2023-07-14,03:00,29.07,-15.49,-45.66,9.98,20.26
2023-07-14,04:00,-45.68,33.34,76.57,8.04,2.14
2023-07-14,05:00,48.22,28.11,47.29,2.22,33.98
2023-07-14,06:00,90.16,-18.16,-31.69,10.61,2.04
2023-07-14,07:00,49.93,-5.09,-16.74,7.05,78.48
2023-07-14,08:00,4.97,18.51,135.17,13.65,58.81
2023-07-14,09:00,31.52,0.15,76.06,14.56,106.71
2023-07-14,10:00,67.91,-15.35,43.65,17.91,57.97
2023-07-14,11:00,68.34,3.24,112.51,22.25,86.16
2023-07-14,12:00,66.94,4.1,101.14,21.92,38.92
2023-07-14,13:00,87.75,14.26,-28.59,22.22,70.69
2023-07-14,14:00,28.24,14.05,120.18,19.59,86.06
2023-07-14,15:00,53.26,5.44,56.7,7.09,92.47
2023-07-14,16:00,86.38,52.73,24.23,21.35,81.95
2023-07-14,17:00,44.51,-4.89,69.24,20.93,-5.28
2023-07-14,18:00,120.8,53.18,57.1,12.61,70.62
2023-07-14,19:00,126.74,46.24,22.34,16.25,3.45
2023-07-14,20:00,90.2,15.79,-29,-0.4,63.41
2023-07-14,21:00,26.29,7.81,75.41,1.98,-14.07
2023-07-14,22:00,-5.17,16.52,-0.06,0.58,62.13
2023-07-14,23:00,45.69,-4.17,-40.36,1.86,79.27
2023-07-14,00:00,-33.68,50.61,5.38,4.14,54.78
2023-07-15,01:00,25.64,38.7,-51.63,9.82,-3.82
2023-07-15,02:00,51.25,11.24,40.06,8.55,50.78
2023-07-15,03:00,-5.8,20.03,-53.27,-2.49,-16.74
2023-07-15,04:00,1.37,37.44,-46.09,-0.4,60.57
2023-07-15,05:00,47.54,-23.64,-56.84,0.26,-24.52
2023-07-15,06:00,-26.55,14.14,88.25,4.8,-1.06
2023-07-15,07:00,-4.95,7.09,41.2,4.26,-4.77
2023-07-15,08:00,-9.51,31.18,-39.29,-0.86,59.84
2023-07-15,09:00,56.84,11.73,-4.32,3.34,68.1
2023-07-15,10:00,56.23,36.2,-43.84,2.15,71.75
2023-07-15,11:00,108.71,52.65,-11.3,0.04,55.44
2023-07-15,12:00,-7.01,5.82,71.91,16.25,58.18
2023-07-15,13:00,24.7,48.02,64.7,8.66,54.23
2023-07-15,14:00,89.78,41.49,-30.12,13.02,15.11
2023-07-15,15:00,57.97,52.48,130.51,-1.23,84.72
2023-07-15,16:00,44.97,47.57,14.42,1.43,85.04
2023-07-15,17:00,42.23,47.22,-20.34,5.78,90.71
2023-07-15,18:00,22.06,24.45,14.35,2.41,87.6
2023-07-15,19:00,0.04,20.06,67.25,7.25,76.02
2023-07-15,20:00,85.97,-7.19,99.53,10.6,72.46
2023-07-15,21:00,92.89,47.29,120.2,8.97,86.54
2023-07-15,22:00,34.6,47.2,-43.37,12.21,43.14
2023-07-15,23:00,90.14,27.62,36.82,11.31,33.44
2023-07-15,00:00,87.7,-11.64,58.55,7.23,-30.81
2023-07-16,01:00,52.99,48.42,33.99,-2.62,42.7
2023-07-16,02:00,-47.6,-16.08,93.42,1.44,58.4
2023-07-16,03:00,21.84,-2.63,28.32,12,68.87
2023-07-16,04:00,28.6,35.07,82.14,3.32,-27.78
2023-07-16,05:00,76.7,-5.23,50.66,-4.16,47.58
2023-07-16,06:00,92.61,-18.2,76.85,7.11,-11.26
2023-07-16,07:00,2.8,-19.13,59.61,6.27,14.96
2023-07-16,08:00,89.97,-16.03,-3.35,14.67,18.95
2023-07-16,09:00,27.41,3.83,120.59,11.7,36.43
2023-07-16,10:00,88.17,53.57,31.79,1.43,31.83
2023-07-16,11:00,80.23,-6.24,86.32,9.02,3.57
2023-07-16,12:00,9.38,12.28,106.23,5.18,79.8
2023-07-16,13:00,90.27,3.37,52.43,7.4,61.13
2023-07-16,14:00,37.41,11.93,89.46,12.39,19.38
2023-07-16,15:00,11.74,-12.15,60.24,8.19,82.87
2023-07-16,16:00,13.06,23.34,2.68,8.71,12.51
2023-07-16,17:00,90.21,-17.47,-17.04,1.8,34.11
2023-07-16,18:00,32.77,0.63,81.14,6.19,30.57
2023-07-16,19:00,68.73,-17.75,21.78,9.03,47.71
2023-07-16,20:00,40.05,40.99,11.68,16.96,96.96
2023-07-16,21:00,102.22,-13.87,81.96,13.31,70.96
2023-07-16,22:00,104.19,43.43,101.06,12.9,-7.66
2023-07-16,23:00,18.43,26.63,82.69,13.82,58.35
2023-07-16,00:00,-37.52,28.95,41.99,8.94,72.21
2023-07-17,01:00,27.85,6.9,54.37,0.79,62.58
2023-07-17,02:00,6.52,9.31,42.79,2.47,32.19
2023-07-17,03:00,-21.8,39.59,41.77,12.59,5.3
2023-07-17,04:00,18.78,0.33,82.49,6.72,58.12
2023-07-17,05:00,-31.24,43.91,45.64,9.87,-39.93
2023-07-17,06:00,48.16,-23.99,-6.92,6.41,17.62
2023-07-17,07:00,42.08,-12.66,34.66,15.21,7.66
2023-07-17,08:00,118.94,38.13,136.74,20.31,108.75
2023-07-17,09:00,52.18,13.26,10.69,27.2,37.56
2023-07-17,10:00,103.11,30.19,88.55,31.69,31.54
2023-07-17,11:00,81.46,51.78,31.43,21.7,82.85
2023-07-17,12:00,56.35,-9.76,70.51,28.07,61.34
2023-07-17,13:00,52.58,0.57,89.4,27.31,87.95
2023-07-17,14:00,125.09,27.65,119.17,18.11,15.58
2023-07-17,15:00,45.74,20.07,41.29,20.6,88.39
2023-07-17,16:00,121.21,54.98,77.17,23.62,114.37
2023-07-17,17:00,27.77,10.47,52.7,16.87,77.43
2023-07-17,18:00,131.9,-9.23,122.89,17.23,108.3
2023-07-17,19:00,20.82,31.23,-19.96,3.47,18.7
2023-07-17,20:00,89.43,-5.22,18.78,16.69,50.36
2023-07-17,21:00,34.42,48.42,27.84,0.48,46.09
2023-07-17,22:00,68.83,45.91,122.74,5.46,-12.93
2023-07-17,23:00,-21.42,-13.1,83.96,2.82,58.78
2023-07-17,00:00,30.28,36.72,51.95,2.23,73.4
2023-07-18,01:00,89.1,37.63,4.41,6.02,16.23
2023-07-18,02:00,39.48,31.6,-21.6,-2.7,-23.79
2023-07-18,03:00,15.98,35.05,51.12,2.51,-41.83
2023-07-18,04:00,-21.7,-2.04,-9.03,-0.79,44.83
2023-07-18,05:00,-2.65,-20.64,-44.3,4.25,53.46
2023-07-18,06:00,7.84,43.26,22.15,8.25,70.78
2023-07-18,07:00,-8.96,-11.25,88.4,8.98,47.51
2023-07-18,08:00,116.1,53.38,-11.38,14.01,48.85
2023-07-18,09:00,7.99,33.57,23.86,21.84,68.26
2023-07-18,10:00,65,29.34,99.78,11.78,51.65
2023-07-18,11:00,0.89,0.24,105.46,22.42,82.83
2023-07-18,12:00,104.65,34.32,144,24.56,92.05
2023-07-18,13:00,83.12,29.83,149.71,13.24,91.99
2023-07-18,14:00,80.73,33.08,-5.24,23.45,104.96
2023-07-18,15:00,51.17,38.96,69.57,18.45,112.86
2023-07-18,16:00,65.36,40.52,-8.19,22,108.59
2023-07-18,17:00,122.21,29.76,116.15,19.1,27.75
2023-07-18,18:00,33.47,4.41,119.35,14.94,49.11
2023-07-18,19:00,22.35,55.36,-27.37,16.12,69.64
2023-07-18,20:00,5.05,3.75,121.22,8.96,67.51
2023-07-18,21:00,76,30.97,14.49,13.45,88.81
2023-07-18,22:00,-15.73,40.82,-14.29,7.41,74.77
2023-07-18,23:00,51.83,11.53,28.1,13.78,56.58
2023-07-18,00:00,13.3,20.62,-30.06,-1.22,69.39
2023-07-19,01:00,-43.16,13.82,-36.32,-1.68,44
2023-07-19,02:00,47.24,18.87,61.46,3.43,-30.87
2023-07-19,03:00,-14.09,39.25,73.18,5.65,37.71
2023-07-19,04:00,60.06,-19.35,-64.43,1.99,56.19
2023-07-19,05:00,77.68,15.86,17.7,13.52,-21.83
2023-07-19,06:00,-43.15,17.68,-26.99,10.94,-8.29
2023-07-19,07:00,93.09,35.26,-12.65,3.07,23.51
2023-07-19,08:00,31.9,33.99,124.96,22.78,51.12
2023-07-19,09:00,134.42,27.46,41.75,11.24,84.47
2023-07-19,10:00,118.97,35.66,94.36,24.92,7.02
2023-07-19,11:00,26.7,33.61,153.51,18.06,72.92
2023-07-19,12:00,106.06,-9.87,122.43,11.77,27.79
2023-07-19,13:00,85.7,-12.74,77.43,21.24,58.42
2023-07-19,14:00,13.98,4.57,9.23,16.35,27.1
2023-07-19,15:00,98.54,22.82,131.6,10.76,74.24
2023-07-19,16:00,29.58,-18.54,54.82,15.61,24.71
2023-07-19,17:00,3.34,42.22,95.9,17.08,11.24
2023-07-19,18:00,134.96,-14.91,-9.45,15.68,43.68
2023-07-19,19:00,4.32,10.68,103,16.47,5.93
2023-07-19,20:00,109.09,46.88,50.86,4.67,56.3
2023-07-19,21:00,89.87,22.31,8.43,0.81,39.85
2023-07-19,22:00,59.33,21.45,131.71,17.97,27.99
2023-07-19,23:00,36.43,53.08,72.12,12.33,58.27
2023-07-19,00:00,28.37,2.89,35.71,16.1,0.35
2023-07-20,01:00,100.43,-7.16,-30.28,1.25,44.14
2023-07-20,02:00,-32.82,-9.14,-28.56,8.7,-6.74
2023-07-20,03:00,46.32,-19.18,86.68,0.76,38.39
2023-07-20,04:00,12.69,-8.82,89.28,13.3,-38.2
2023-07-20,05:00,-9.73,-10.56,65.9,7.55,47.75
2023-07-20,06:00,71.23,7.52,29.2,2.98,-34.04
2023-07-20,07:00,-29.2,-4.71,62.53,5.26,-4.63
2023-07-20,08:00,-4.57,36.34,1.49,14.3,0.92
2023-07-20,09:00,124.05,24.4,81.3,13.95,40.82
2023-07-20,10:00,144.67,7.45,144.09,17.6,94.2
2023-07-20,11:00,45.69,-1.41,145.34,18.47,85.97
2023-07-20,12:00,23.76,-5.31,0.09,26.92,119.12
2023-07-20,13:00,54.69,9.48,89.43,16.59,119.34
2023-07-20,14:00,113.48,31.85,-28.78,21.81,43.15
2023-07-20,15:00,142.29,40.64,40.66,15.47,50.32
2023-07-20,16:00,8.89,10.26,119.87,12.04,74.56
2023-07-20,17:00,102.94,11.18,17.36,12.1,55.36
2023-07-20,18:00,48.6,41.22,-13.79,13.34,50.44
2023-07-20,19:00,44.51,3.15,95.6,3.46,54.02
2023-07-20,20:00,26.77,29.81,29.09,6.42,14.34
2023-07-20,21:00,64.53,7.03,112.08,11.7,95.48
2023-07-20,22:00,108.73,-8.94,26.8,10.92,29.26
2023-07-20,23:00,5.37,50.13,84.81,5.73,8.42
2023-07-20,00:00,-29.95,14.99,63,12.09,2.64
2023-07-21,01:00,-11.04,33.88,-3.19,9.65,55.61
2023-07-21,02:00,-15.31,15.37,-13.12,7.91,34.27
2023-07-21,03:00,0.96,-15.43,49.27,8.18,48.64
2023-07-21,04:00,-27.89,15.77,-49.06,13.46,-6.36
2023-07-21,05:00,51.55,-12.91,46.92,0.68,22.48
2023-07-21,06:00,4.4,32.45,41.9,9.6,57.86
2023-07-21,07:00,54.58,16.99,81.01,9.99,83.59
2023-07-21,08:00,-8.54,37.84,11.38,22.66,67.12
2023-07-21,09:00,13.75,-0.36,44.59,21.06,9.09
2023-07-21,10:00,142.21,12.72,135.97,15.5,93.47
2023-07-21,11:00,32.21,38.95,86.42,20.62,126.51
2023-07-21,12:00,15.37,-6.08,36.13,17.52,98.17
2023-07-21,13:00,48.55,-8.09,75.64,22.97,49.56
2023-07-21,14:00,94.64,3.96,139.74,12.57,83.01
2023-07-21,15:00,12.8,-15.72,27.01,15.21,23.81
2023-07-21,16:00,117.18,5.71,56.72,15.87,72.34
2023-07-21,17:00,94.45,51.5,93.79,18.34,79.84
2023-07-21,18:00,41.09,-18.95,109.76,18.1,32.36
2023-07-21,19:00,4.63,17.01,108.63,15.67,26.36
2023-07-21,20:00,115.98,23.31,111.02,2.48,-9.68
2023-07-21,21:00,-14.97,-2.78,-10.84,14.87,12.16
2023-07-21,22:00,8.66,56.17,81.58,6.67,24.65
2023-07-21,23:00,70.82,38.05,118.52,7.08,72.07
2023-07-21,00:00,31.14,5.69,-22.49,10.79,44.16
2023-07-22,01:00,42.59,23.88,30.6,0.1,1.58
2023-07-22,02:00,74.9,44.7,8.19,16.61,-22.09
2023-07-22,03:00,14.7,-13.42,-27.51,14.3,58.66
2023-07-22,04:00,55.87,-0.34,-45.84,3.17,-12.86
2023-07-22,05:00,41.83,-8.44,107.89,-2.38,-9.93
2023-07-22,06:00,-17.46,-19.55,91.09,-2.79,59.26
2023-07-22,07:00,66.17,-17.88,106.64,4.75,56.54
2023-07-22,08:00,75.11,30.63,-40.7,4.17,56.46
2023-07-22,09:00,4.15,-3.35,44.79,10.85,-18.62
2023-07-22,10:00,102.15,-18.6,79.36,16.98,51.79
2023-07-22,11:00,84.7,16.91,-4.67,-0.71,16.36
2023-07-22,12:00,8.74,48.88,50.03,17.92,16.01
2023-07-22,13:00,32.19,23.48,53.72,14.75,38.71
2023-07-22,14:00,78.2,4.51,23.14,7.36,16.6
2023-07-22,15:00,10.58,13.06,103.93,0.46,81.67
2023-07-22,16:00,52.21,-23.03,49.34,7.57,61.88
2023-07-22,17:00,-9,40.02,20.55,9.98,35.42
2023-07-22,18:00,109.45,37.14,42.37,10.92,33.84
2023-07-22,19:00,76.75,-12.29,9.17,-2.75,84.88
2023-07-22,20:00,61.07,3.7,49.25,1.56,16.66
2023-07-22,21:00,96.08,34.03,3.84,5.98,54.49
2023-07-22,22:00,12.73,45.48,114.27,-1.35,-9.61
2023-07-22,23:00,102.8,23.62,-48.71,15.07,84.37
2023-07-22,00:00,24.54,-3.61,8.39,14.87,-4.06
2023-07-23,01:00,95.21,32.28,25.3,-0.53,-5.27
2023-07-23,02:00,-37.05,16.73,4.86,-0.2,38.25
2023-07-23,03:00,-21.21,25.48,-41.26,1.89,31.05
2023-07-23,04:00,-51.44,-10.08,-18.9,1.27,10.51
2023-07-23,05:00,-1.61,15.13,55.94,-3.07,-7.25
2023-07-23,06:00,54.09,7.26,39.03,7.49,72.71
2023-07-23,07:00,-31.65,-19.62,-18.17,-0.59,-11.13
2023-07-23,08:00,10.21,26.28,-37.53,9.3,46.08
2023-07-23,09:00,-32.39,36.41,-27.92,13.34,69.15
2023-07-23,10:00,42.92,14.01,46.26,2.53,71.36
2023-07-23,11:00,83.09,44.22,-37.77,3.45,58.95
2023-07-23,12:00,58.25,36.54,76.74,6.75,44.31
2023-07-23,13:00,-11.61,-2.18,-30.93,4.11,50.16
2023-07-23,14:00,31.55,52.7,-22.16,3.23,-0.12
2023-07-23,15:00,34.79,35.07,54.48,8.28,54.9
2023-07-23,16:00,119.58,48.35,84.15,14.3,58.38
2023-07-23,17:00,52.86,-8.27,7.47,16.43,62.69
2023-07-23,18:00,44.5,22.67,33.1,1.85,21.47
2023-07-23,19:00,-4.14,5.91,11.38,2.11,-17.6
2023-07-23,20:00,99.11,43.1,-54.38,9.98,17.97
2023-07-23,21:00,78.87,23.41,-7.23,12.01,61.46
2023-07-23,22:00,4.04,17.99,-39.1,5.43,49.68
2023-07-23,23:00,88.25,19.92,56.86,7.64,12.31
2023-07-23,00:00,-11.49,-5.08,45.31,15.84,-27.05
2023-07-24,01:00,-38.23,-18.24,89.79,1.22,-7.1
2023-07-24,02:00,92.33,9.29,-27.48,7.63,-24.33
2023-07-24,03:00,-37.03,0.89,-27.22,-1.03,61.35
2023-07-24,04:00,54.69,-3.32,61.85,-3.51,-21.92
2023-07-24,05:00,52.4,12.05,-47.85,-0.83,16.44
2023-07-24,06:00,25.25,-19.87,8.42,-0.41,74.72
2023-07-24,07:00,-0.56,36.08,5.68,11.5,42.4
2023-07-24,08:00,79.15,-7.91,129.05,18.45,2.97
2023-07-24,09:00,6.38,-15.03,45.8,20.06,61.98
2023-07-24,10:00,25.55,-7.81,17.33,13.07,57.45
2023-07-24,11:00,8.63,43.02,30.31,18.62,117.85
2023-07-24,12:00,63.67,-2.44,57.54,8.7,119.99
2023-07-24,13:00,95.85,40.76,97.15,12.94,91.04
2023-07-24,14:00,48.19,34.87,9.71,17.41,56.59
2023-07-24,15:00,53.2,29.42,-2.92,5.63,44.17
2023-07-24,16:00,123.18,31.39,-24.86,3.44,118.3
2023-07-24,17:00,59.53,11.39,128.94,6.16,96.51
2023-07-24,18:00,71.97,48.35,-29.29,14.06,76.39
2023-07-24,19:00,14.22,-1.72,79.35,13.52,88.85
2023-07-24,20:00,72.38,45.62,-33.48,5.78,59.47
2023-07-24,21:00,29.5,33.5,25.13,15.32,-14.99
2023-07-24,22:00,114.51,2.26,19.15,1.14,53.41
2023-07-24,23:00,50.71,28.43,22.38,2.94,51.11
2023-07-24,00:00,-1.16,35.86,-22.88,-0.21,57.43
2023-07-25,01:00,-13.33,13.07,40.66,-2.46,48.2
2023-07-25,02:00,17.9,45.13,76.82,-1.5,58.62
2023-07-25,03:00,21.85,39.43,21.15,7.37,62.7
2023-07-25,04:00,-32.6,10.59,56.78,4.73,32.72
2023-07-25,05:00,26.02,-21.2,-25.05,10.84,-10.67
2023-07-25,06:00,27.4,-18.52,48.46,9.69,36.74
2023-07-25,07:00,50.59,-5.24,73.23,-0.48,24.07
2023-07-25,08:00,13.67,26.16,-4.66,20.54,19.97
2023-07-25,09:00,86.42,22.66,23.22,19.62,94.88
2023-07-25,10:00,113.25,2.43,43.78,11.1,122.29
2023-07-25,11:00,10.33,49.58,51.01,19.91,92
2023-07-25,12:00,18.81,24.73,121.08,27.07,64.21
2023-07-25,13:00,56.07,26.88,0.3,20.33,17.39
2023-07-25,14:00,104.76,41.22,137.76,20.45,98.89
2023-07-25,15:00,103.68,33.1,56.39,28.11,49.25
2023-07-25,16:00,9.31,18.51,19.78,10.94,85.18
2023-07-25,17:00,128.87,31.33,137.44,26.4,86.78
2023-07-25,18:00,114.91,27.9,85.6,19.53,99.97
2023-07-25,19:00,81.17,-4.12,-21.26,6.6,-2.75
2023-07-25,20:00,98.58,-12.42,60.12,1.61,66.32
2023-07-25,21:00,-5.93,-0.46,35.65,9.78,78.27
2023-07-25,22:00,47.21,48.07,-17.12,18.38,83.88
2023-07-25,23:00,74.72,44.65,-46.84,14.05,71.89
2023-07-25,00:00,95.19,15.68,-2.36,1.71,15.35
2023-07-26,01:00,-27.03,-24.21,50.33,-1.26,-28.07
2023-07-26,02:00,-2.14,35.17,-5.32,6.64,-31.44
2023-07-26,03:00,-6.44,35.48,16.5,10.42,-1.01
2023-07-26,04:00,-0.47,-21.74,81.06,-0.03,11.61
2023-07-26,05:00,74.54,-12.32,-50.46,8.42,48.28
2023-07-26,06:00,62.76,43.98,4.92,-0.86,22.33
2023-07-26,07:00,-25.98,17.64,97.87,5.9,42.32
2023-07-26,08:00,91.37,21.57,73.31,11.53,55.42
2023-07-26,09:00,49.93,6.85,92.57,11.87,73.89
2023-07-26,10:00,120.28,-8.86,73.98,26.62,122.91
2023-07-26,11:00,130.75,42.8,59.79,25.74,37.25
2023-07-26,12:00,135.94,0.61,146.73,11.06,32.95
2023-07-26,13:00,105.25,-14.4,93.07,21.35,90.45
2023-07-26,14:00,125.95,-5.97,43.28,22.71,40.83
2023-07-26,15:00,91.35,35.74,-0.99,14.03,116.96
2023-07-26,16:00,127.08,2.76,126.26,26.76,75.6
2023-07-26,17:00,129.55,47.66,16.57,22.95,12.22
2023-07-26,18:00,14.01,43.77,-40.46,20.1,-2.03
2023-07-26,19:00,45.01,51.42,-2.82,7.55,32.88
2023-07-26,20:00,5.71,49.42,109.94,17.12,27.57
2023-07-26,21:00,77.09,20.98,52.55,12.31,90.19
2023-07-26,22:00,91.32,53.48,-27.76,10.6,-15.39
2023-07-26,23:00,33.44,7.05,120.91,14.96,65.09
2023-07-26,00:00,67.13,16.15,88.79,9.39,27.81
2023-07-27,01:00,-27.66,-22.05,74.34,2.82,-13.86
2023-07-27,02:00,22.86,-27.1,-17.66,4.38,-10.27
2023-07-27,03:00,82.71,-21.16,-5.56,9.3,-0.82
2023-07-27,04:00,-37.44,31.67,-23.48,12.81,44.04
2023-07-27,05:00,-28.11,2.79,-4.57,11.98,-16.68
2023-07-27,06:00,-23.98,3.97,104.69,-0.98,46.93
2023-07-27,07:00,30.41,25.18,52.03,13.44,49.03
2023-07-27,08:00,62.87,5.53,24.12,7.3,99.62
2023-07-27,09:00,65.78,-11.81,115.68,20.5,43.46
2023-07-27,10:00,114.99,11.41,80.1,12.42,66.9
2023-07-27,11:00,76.55,4.98,95.88,27.69,128.85
2023-07-27,12:00,61.14,-18.31,143.27,13.23,38.24
2023-07-27,13:00,94.06,18.63,-5.29,10.07,118.61
2023-07-27,14:00,4.58,35.1,119.07,17.11,100.43
2023-07-27,15:00,127.53,-2.19,-3.7,12.55,81.06
2023-07-27,16:00,118.76,5.82,0.63,19.93,120
2023-07-27,17:00,110.44,-10.32,44.23,18.73,65.55
2023-07-27,18:00,4.1,4.89,-3.75,10.7,50.91
2023-07-27,19:00,92.35,20.31,-37.34,9.18,58.48
2023-07-27,20:00,57.44,-5.11,105.92,12.72,81.01
2023-07-27,21:00,-7.81,-5.52,96.08,-0.77,72.24
2023-07-27,22:00,75.27,41.61,126.35,0,53.34
2023-07-27,23:00,11.97,6.61,101.14,8.84,53.52
2023-07-27,00:00,77.09,33.16,81.16,9.48,39.89
2023-07-28,01:00,22.98,-3.9,64.14,7.7,-39.88
2023-07-28,02:00,-49.44,19.62,27.63,4.36,20.88
2023-07-28,03:00,-35.99,-25.9,-3.2,0.15,-28.2
2023-07-28,04:00,41.83,16.4,99.44,8.56,-12.85
2023-07-28,05:00,-23.84,38.76,-23.29,9.57,27.32
2023-07-28,06:00,84.32,12.56,37.43,7.37,-12.67
2023-07-28,07:00,32.52,13.45,-3.56,1.82,-18.53
2023-07-28,08:00,62.09,18.42,60.14,7.38,13.32
2023-07-28,09:00,-2.59,16.92,63.2,11.34,76.93
2023-07-28,10:00,134.68,-8.67,8.35,9.08,82.25
2023-07-28,11:00,17.67,11.8,17.37,15.47,47.75
2023-07-28,12:00,103.1,10.92,153.54,8.09,58.32
2023-07-28,13:00,85.66,-10.55,19.17,8.28,59.69
2023-07-28,14:00,57.91,-5.43,111.02,5.05,107.08
2023-07-28,15:00,123.96,-24.87,27.21,5.72,107.95
2023-07-28,16:00,98.67,4.82,85.42,5.34,54.48
2023-07-28,17:00,56.19,-18.86,110.7,9.08,121.13
2023-07-28,18:00,111.09,20.63,87.33,18.78,38.7
2023-07-28,19:00,126.63,24.3,4.09,9.26,2.74
2023-07-28,20:00,113.19,8.76,22.29,19.41,43.04
2023-07-28,21:00,74.06,-9.35,110.15,15.94,10.52
2023-07-28,22:00,83.53,2.16,113.68,16.56,-10.73
2023-07-28,23:00,8.33,14.55,2.54,8.42,61.94
2023-07-28,00:00,90.59,34.59,94.37,9.29,43.67
2023-07-29,01:00,-13,19.56,117.16,13.09,2.57
2023-07-29,02:00,81.67,8.61,-20.45,-1.8,-5.75
2023-07-29,03:00,-12.68,-0.12,26.24,-4.01,-27.23
2023-07-29,04:00,25.67,20.67,18.24,9,26.27
2023-07-29,05:00,-37.22,-9.64,46.58,4.23,20.82
2023-07-29,06:00,52.99,-16.95,16.08,4.84,-25.69
2023-07-29,07:00,-24.54,35.95,-15.39,3.02,-15.86
2023-07-29,08:00,8.83,4.01,-57.15,11.9,-15.48
2023-07-29,09:00,97.48,-13.53,9.38,1.51,-13.66
2023-07-29,10:00,30.83,53.51,16.62,-1.83,25
2023-07-29,11:00,18.33,37.61,-19.46,8.12,33.41
2023-07-29,12:00,0.79,-14.75,5.57,11.07,0.8
2023-07-29,13:00,100.66,-17.32,70.37,4.43,-13.97
2023-07-29,14:00,-14.3,4.15,-5.98,11.22,91.31
2023-07-29,15:00,60.89,-5.67,49.7,13.32,92.01
2023-07-29,16:00,11.27,21.53,75.29,12.82,71.51
2023-07-29,17:00,61.34,49.16,4.67,8.02,65.15
2023-07-29,18:00,28.45,-13.51,49.83,9.87,11.15
2023-07-29,19:00,75.48,13.21,35.53,-0.36,67.85
2023-07-29,20:00,22.5,3.43,-15.51,12.48,71.62
2023-07-29,21:00,-15.03,22.25,72.05,13.2,87.7
2023-07-29,22:00,39.22,-14.88,63.74,13.36,16.62
2023-07-29,23:00,-17.19,47.76,-52.23,-0.91,-20.64
2023-07-29,00:00,76.65,18.76,39.27,4.78,33.13
2023-07-30,01:00,65.02,-14.64,-23.71,7.27,9.09
2023-07-30,02:00,70.86,26.08,16.14,10.21,66.39
2023-07-30,03:00,69.28,34.55,-29.86,-2.61,-5.5
2023-07-30,04:00,-43.78,23.75,89.54,12.93,3.61
2023-07-30,05:00,15.68,-19.19,-21.8,8.74,-10.89
2023-07-30,06:00,-29.96,41.33,-13.08,2.42,21.28
2023-07-30,07:00,-25.2,-10.08,-16.67,3.88,-2.92
2023-07-30,08:00,25.7,-18.49,46.93,9.79,12.92
2023-07-30,09:00,30.92,-10.81,47.38,13.77,73.2
2023-07-30,10:00,48.57,13.35,7.39,15.56,51.64
2023-07-30,11:00,31.79,-22.01,61.38,1.23,18.41
2023-07-30,12:00,77.55,45.26,55.62,6.63,32.22
2023-07-30,13:00,26.55,15.93,-35.7,10.07,48.62
2023-07-30,14:00,-3.22,4.63,86.09,14.8,60.3
2023-07-30,15:00,52.69,-23.98,48.25,9.9,-3.91
2023-07-30,16:00,66.8,22.09,118.84,14.54,-1.85
2023-07-30,17:00,85.08,10.82,105.42,12.54,66.53
2023-07-30,18:00,117.57,10.8,-44.51,16.95,58.43
2023-07-30,19:00,-1.08,6.72,-7.3,8.5,-3.95
2023-07-30,20:00,118.75,13.57,125.75,-0.56,80.71
2023-07-30,21:00,49.29,-7.12,40.07,15,-4.57
2023-07-30,22:00,48.13,27.86,-6.52,15.23,76.29
2023-07-30,23:00,107.59,47.63,-30.98,0.47,14.22
2023-07-30,00:00,-5.66,-12.78,26.56,15.7,64.41
2023-07-31,01:00,-12.33,29.12,22.65,-1.67,54.86
2023-07-31,02:00,89.32,37.27,56.98,-0.55,-33.85
2023-07-31,03:00,48.12,14.1,-36.17,7.36,17.82
2023-07-31,04:00,44.29,31.37,-63.96,-4.95,-2.53
2023-07-31,05:00,60.58,45.21,-56.16,11.08,61.66
2023-07-31,06:00,-22.88,-26.33,103.42,-1.89,39.84
2023-07-31,07:00,63.13,46.53,49.21,14.16,-20.26
2023-07-31,08:00,122.11,7.09,25.86,16.98,24.07
2023-07-31,09:00,85.72,12.5,56.24,20.69,103.11
2023-07-31,10:00,126.34,-11.87,123.85,14.5,119.95
2023-07-31,11:00,96.66,33.72,153.07,21.85,80.11
2023-07-31,12:00,143.73,38.46,107.71,18.36,57.58
2023-07-31,13:00,73.95,52.01,65.84,16.23,41.59
2023-07-31,14:00,101.11,-13.21,-17.36,21.73,108.91
2023-07-31,15:00,67.49,11.55,106,15.51,123.11
2023-07-31,16:00,127.23,49.67,77.82,16.86,26.1
2023-07-31,17:00,11.55,25.53,128.23,18.23,99.68
2023-07-31,18:00,2.82,-17.62,40.86,10.58,38.69
2023-07-31,19:00,83.15,25.85,91.87,9.37,83.1
2023-07-31,20:00,41.4,5.39,-20.37,9.87,11.39
2023-07-31,21:00,103.37,6.3,1.17,3.76,40.61
2023-07-31,22:00,23.53,38.3,16.2,10.07,88.67
2023-07-31,23:00,93.42,-17.5,-16.61,5.12,27.13
2023-07-31,00:00,62.83,16.89,58.24,-0.14,-0.26
2023-08-01,01:00,-26.51,20.02,67.18,-2.93,50.36
2023-08-01,02:00,0.25,-19.6,34.47,10.34,-13.98
2023-08-01,03:00,-5,-15.03,54.57,2.8,76.44
2023-08-01,04:00,-2.96,18.07,15.99,-2.76,36.59
2023-08-01,05:00,-37.01,-13.16,-66.59,0.95,66.18
2023-08-01,06:00,57.91,11.51,10.92,1.02,14.44
2023-08-01,07:00,72.29,-12.72,-45.33,7.48,3.09
2023-08-01,08:00,41.49,28.65,93.13,16.08,84.14
2023-08-01,09:00,89.19,-8.44,19.51,22.62,90.01
2023-08-01,10:00,87.78,25.72,40.88,24.28,50.07
2023-08-01,11:00,113.99,46.88,-3.72,29.1,59.41
2023-08-01,12:00,74.35,44.28,139.44,31.03,70.19
2023-08-01,13:00,113.89,26.96,123.85,15.43,135.82
2023-08-01,14:00,71.57,27.33,60.39,18.04,51.86
2023-08-01,15:00,-0.7,48.96,-10.01,10.19,106.55
2023-08-01,16:00,20,51.29,-11.79,14.4,12.84
2023-08-01,17:00,55.03,-16.33,23.34,15.63,10.25
2023-08-01,18:00,121.92,15.49,81.82,6.59,93.37
2023-08-01,19:00,75.33,46.91,25.56,1.3,36.73
2023-08-01,20:00,118.89,28.31,7.17,13.85,50.77
2023-08-01,21:00,126.58,9.84,15.98,11.42,-13.59
2023-08-01,22:00,50.87,5.06,40.24,9.14,24.22
2023-08-01,23:00,90.51,18.4,33.72,10.61,-23.43
2023-08-01,00:00,36.66,34.81,4.44,12.37,59.67
2023-08-02,01:00,2.98,23.01,66.87,-3.58,15.26
2023-08-02,02:00,46.28,-4.79,11.93,5.78,54.1
2023-08-02,03:00,56.16,12.42,-47.87,11.51,20.93
2023-08-02,04:00,77.31,-12.78,-58.2,1.26,7.86
2023-08-02,05:00,-28.99,39.2,88.06,10.5,9.38
2023-08-02,06:00,-49.25,30.62,-70.43,-4.41,-41.09
2023-08-02,07:00,10.39,-7.14,-8.77,4.85,-0.01
2023-08-02,08:00,83.71,23.99,88.3,21.6,37.15
2023-08-02,09:00,97.13,11.4,88.56,23.05,119.43
2023-08-02,10:00,48.53,-8.12,63.47,23.15,98.53
2023-08-02,11:00,94.27,17.91,61.28,22.36,69.53
2023-08-02,12:00,117.61,-13.68,52.96,21.33,66.47
2023-08-02,13:00,111.13,-4.99,110.93,29.06,135.2
2023-08-02,14:00,138.07,35.75,72.53,25.55,22.59
2023-08-02,15:00,16.9,-9.54,109.01,12.36,122.25
2023-08-02,16:00,36.41,-13.27,135.49,12.04,20.72
2023-08-02,17:00,34.84,52.2,100.87,15.33,79.81
2023-08-02,18:00,107.18,-0.83,-25.98,10.96,12.26
2023-08-02,19:00,109.65,-9.57,-38.88,5.73,-4.9
2023-08-02,20:00,-15.76,-16.31,34.5,0.53,-17.09
2023-08-02,21:00,3.29,5.62,-11.79,9.82,6.52
2023-08-02,22:00,-10.4,46.68,96.25,12.11,54.86
2023-08-02,23:00,-19.43,26.56,119.81,2.8,68.05
2023-08-02,00:00,46.72,0.21,-34.87,9.6,34.85
2023-08-03,01:00,10.82,9.42,103.49,10.65,43.66
2023-08-03,02:00,-41.05,28.37,43.16,-1.66,2.42
2023-08-03,03:00,1.13,41.17,85.88,10.8,69.67
2023-08-03,04:00,-47.99,-0.6,-51.84,10.33,21.48
2023-08-03,05:00,-45.19,-28.8,83.37,5.84,-27.75
2023-08-03,06:00,37.48,0.47,103.5,3.28,-10.34
2023-08-03,07:00,56.83,19.19,-19.3,14.93,-13.36
2023-08-03,08:00,56.13,4.09,65.43,4.79,93.45
2023-08-03,09:00,112.94,12.73,73.76,14.43,36.87
2023-08-03,10:00,96.55,3.5,84.47,16.89,113.21
2023-08-03,11:00,20.56,47.39,92.87,31.18,133.16
2023-08-03,12:00,70.01,38.83,39.84,17.06,67.69
2023-08-03,13:00,109.12,22.5,45.97,27.38,64.08
2023-08-03,14:00,113.39,8.93,85.22,14.45,32
2023-08-03,15:00,142.2,10.48,26.79,25.37,72.19
2023-08-03,16:00,24.23,15.74,-31.73,24.04,54.35
2023-08-03,17:00,100.27,30.65,-21.46,20.73,114.24
2023-08-03,18:00,112.12,-3.55,113.56,18.36,46.1
2023-08-03,19:00,128.07,-5.86,37.24,7.62,54.01
2023-08-03,20:00,-12.36,17.33,120.27,8.51,15.24
2023-08-03,21:00,44.04,7.27,3.01,9.4,86.28
2023-08-03,22:00,68.79,-8.19,20.78,10.4,69.39
2023-08-03,23:00,89.24,42.7,37.65,13.8,54.4
2023-08-03,00:00,56.85,-23.75,-1.17,10.2,-2.32
2023-08-04,01:00,-42.07,32.85,86.49,3.71,64.63
2023-08-04,02:00,-26.11,24.37,78.3,11.51,47.36
2023-08-04,03:00,59.06,-19.77,0.09,12.04,8.49
2023-08-04,04:00,44.44,-29.18,-38.58,7.03,35.67
2023-08-04,05:00,49.5,3.56,20.79,-2.87,29.15
2023-08-04,06:00,36.7,12.51,-39.31,4.22,42.77
2023-08-04,07:00,13.84,9.01,0.61,10.63,82.04
2023-08-04,08:00,87.04,-15.5,62.43,22.14,95.01
2023-08-04,09:00,77.17,50.75,100.54,14.61,81.69
2023-08-04,10:00,99.95,39.68,67.56,22.7,90.22
2023-08-04,11:00,52.89,17.35,120.86,18.47,88.86
2023-08-04,12:00,2.13,28.32,118.86,28.21,62.14
2023-08-04,13:00,132.53,0.27,84.12,19.53,95.77
2023-08-04,14:00,43.13,11.82,-26.34,13.4,100.08
2023-08-04,15:00,48.11,-21.65,133.45,15.79,81.66
2023-08-04,16:00,98.73,26.44,89.93,20.65,34.3
2023-08-04,17:00,3.15,-5.12,-29,18.93,81.16
2023-08-04,18:00,106.08,31.07,11.02,15.69,54.38
2023-08-04,19:00,93.11,-18.35,-9.72,13.07,36.42
2023-08-04,20:00,9.76,37.83,93.71,4.18,-9.58
2023-08-04,21:00,92.09,20.29,108.05,11.09,44.2
2023-08-04,22:00,44.26,-19.42,77.6,3.24,65.75
2023-08-04,23:00,4.81,21.37,58.04,7.8,72.8
2023-08-04,00:00,-16.95,24.07,45.74,-3.47,32.44
2023-08-05,01:00,17.44,-0.25,53.13,4.32,11.03
2023-08-05,02:00,50.91,3.86,65.29,-3.17,13.33
2023-08-05,03:00,68.11,13.28,-67.14,-3.28,1.72
2023-08-05,04:00,-33.13,19.08,-47.72,11.57,39.24
2023-08-05,05:00,3.95,5.75,49.62,-5.59,-42.44
2023-08-05,06:00,-13.09,5.3,-68.15,-2.5,55.73
2023-08-05,07:00,-13.54,-0.95,88.41,5.62,9.54
2023-08-05,08:00,22.15,41.31,-35.03,1.02,70.74
2023-08-05,09:00,27.56,-1.5,109.28,5.7,71.17
2023-08-05,10:00,0.79,17.74,43.9,0.89,39.44
2023-08-05,11:00,115.49,-20.99,84.22,14.29,93.06
2023-08-05,12:00,26.96,28.94,110.14,1.37,11.04
2023-08-05,13:00,1.21,43.14,-9.62,12.18,2.25
2023-08-05,14:00,124.81,14.53,-35.64,10.01,53.7
2023-08-05,15:00,69.08,46.8,52.03,12.88,65.98
2023-08-05,16:00,111.83,36.47,-17.07,2.11,5.55
2023-08-05,17:00,116.78,10.97,91.99,10.82,86.02
2023-08-05,18:00,114.63,-11.9,85.39,0.17,65.37
2023-08-05,19:00,5.31,41.99,71.8,15.58,3.28
2023-08-05,20:00,102.07,-11.59,98.48,3.02,-20.46
2023-08-05,21:00,99.33,32.11,-38.96,3.04,73.13
2023-08-05,22:00,-32.63,-24.55,27.8,12.45,33.57
2023-08-05,23:00,8.74,-7.36,92.7,6.58,-14
2023-08-05,00:00,34.31,23.01,-52.85,5.9,69.7
2023-08-06,01:00,-2.35,37.59,35.47,8.23,-35.43
2023-08-06,02:00,-2.75,9.54,8.7,0.67,-38.08
2023-08-06,03:00,-41.67,23.86,33.28,1.66,-34.51
2023-08-06,04:00,78.27,-16.21,-31.61,-1.49,7.45
2023-08-06,05:00,-0.48,-19.3,46.47,4.79,-4.28
2023-08-06,06:00,52.8,17.45,53.47,4.71,1.06
2023-08-06,07:00,-35.78,36.25,108.98,2.28,27.38
2023-08-06,08:00,3.55,33.58,-41.2,7.33,55.96
2023-08-06,09:00,20.82,42.02,37.05,11.57,46.18
2023-08-06,10:00,114.58,34.57,-44.72,5.22,101.09
2023-08-06,11:00,31.79,35.25,4.94,7.13,81.9
2023-08-06,12:00,42.99,17.15,22.15,18.54,75.42
2023-08-06,13:00,79.66,10.01,-45.57,6.44,45.68
2023-08-06,14:00,18.24,5.08,39.08,14.67,77.46
2023-08-06,15:00,119.11,10.18,-10.82,0.17,48.91
2023-08-06,16:00,69.61,13.2,94.08,1.38,48.65
2023-08-06,17:00,61.26,21.35,16.15,10.45,85.19
2023-08-06,18:00,105.21,1.47,68.85,5.28,69.36
2023-08-06,19:00,35.24,35.02,8.71,13.17,-13.1
2023-08-06,20:00,44.73,28.06,-6.9,8.79,83.02
2023-08-06,21:00,30.23,48.24,101.3,15.16,59.21
2023-08-06,22:00,45.65,-12.83,-5.13,13.13,53.58
2023-08-06,23:00,101.18,-11.87,82.4,12.79,44.65
2023-08-06,00:00,40.78,39.9,114.96,30.1,-0.6
2023-08-07,01:00,-0.24,39.22,-16.31,-1.05,25.49
2023-08-07,02:00,-21.18,27.94,-12.28,4.83,-22.88
2023-08-07,03:00,-50.1,-26.77,-16.58,13.39,37.53
2023-08-07,04:00,23.18,33.4,35.79,11.16,51.4
2023-08-07,05:00,-45.75,14.87,5.98,11.18,-17.39
2023-08-07,06:00,15.31,-9.75,102.43,-1.13,23.01
2023-08-07,07:00,65.21,11.16,89.42,17.07,57.73
2023-08-07,08:00,45.36,20.53,60.93,16.9,10.09
2023-08-07,09:00,63.28,51.71,122.21,25.65,53.01
2023-08-07,10:00,20.82,11.89,134.35,32.72,103.63
2023-08-07,11:00,19.6,33.8,33.48,34.96,64.4
2023-08-07,12:00,138.99,5.96,-21.62,20.07,48.65
2023-08-07,13:00,140.69,34.71,130.59,22.06,109.47
2023-08-07,14:00,121.84,-8.73,101.84,26.91,101.01
2023-08-07,15:00,28.94,-11.84,59,14.83,113.18
2023-08-07,16:00,69.29,51.87,32.04,31.68,123.42
2023-08-07,17:00,107.64,-11.83,-20.88,22.99,100.18
2023-08-07,18:00,85.83,-12.21,114.6,8.07,80.77
2023-08-07,19:00,25.85,-0.34,-21.92,15.38,52.89
2023-08-07,20:00,111.96,30.05,76.37,4.11,57.68
2023-08-07,21:00,107.46,2.65,105.02,15.76,57.57
2023-08-07,22:00,-17.66,11.37,-30.63,0.7,-2.53
2023-08-07,23:00,-21.63,15.12,-12.7,9.11,-8.61
2023-08-07,00:00,19.67,-7.79,-28.41,4.34,17.92
2023-08-08,01:00,28.07,10,64.45,12.68,-7.15
2023-08-08,02:00,-8.06,26.43,30.41,-2.65,-8.96
2023-08-08,03:00,-13.93,37.22,-45.25,3.52,30.52
2023-08-08,04:00,5.59,4.83,60.13,7.56,-19.1
2023-08-08,05:00,47.78,-13.63,-60.05,7.37,-17.64
2023-08-08,06:00,-16.26,34.25,21.83,-2.71,-13.46
2023-08-08,07:00,57.46,30.17,85.44,10.36,72.26
2023-08-08,08:00,8.48,-1.77,72.57,12.52,48.7
2023-08-08,09:00,71.4,23.43,123.51,25.19,87.32
2023-08-08,10:00,88.51,10.33,108.83,26.2,18.55
2023-08-08,11:00,9.47,18.43,9.67,27.75,87.95
2023-08-08,12:00,137.86,28.55,136.97,25.09,43.89
2023-08-08,13:00,134.67,16.67,47.5,25.7,26.53
2023-08-08,14:00,71.04,0.06,82.61,23.6,70.1
2023-08-08,15:00,8.64,46.1,-20.76,13.85,121.36
2023-08-08,16:00,38.89,-4.65,21.11,21.2,51.09
2023-08-08,17:00,86.98,9.14,31.09,19.57,18.59
2023-08-08,18:00,45.17,53.64,51.69,6.42,3.51
2023-08-08,19:00,48.11,35.48,-17.39,1.04,54.46
2023-08-08,20:00,-0.9,-16.28,108.42,5.99,66.47
2023-08-08,21:00,17.99,-14.45,41.95,15.5,24.05
2023-08-08,22:00,68.53,-6.17,76.77,5.27,30.71
2023-08-08,23:00,-22.72,-0.18,55.79,9.39,19.31
2023-08-08,00:00,-15.86,-1.54,3.78,3.78,56.7
2023-08-09,01:00,47.83,-22.35,82.63,6.33,13.6
2023-08-09,02:00,20.87,20.33,42.53,-1.09,30.76
2023-08-09,03:00,42.99,37.65,94.27,8.93,-7.24
2023-08-09,04:00,49.6,36.4,67.99,0.87,65.98
2023-08-09,05:00,-51.8,29.3,71.3,12.53,12.36
2023-08-09,06:00,14.04,20.9,28.97,7.6,4.83
2023-08-09,07:00,93.46,-3.29,-43.85,13.05,20.07
2023-08-09,08:00,-18.18,46.58,2.61,18.2,44.5
2023-08-09,09:00,12.42,36.86,64.64,19.2,36.26
2023-08-09,10:00,57.96,42.33,130.62,22.69,93.51
2023-08-09,11:00,64.54,1.17,30.19,18.74,111.38
2023-08-09,12:00,112.24,6.82,125.09,20.86,33.42
2023-08-09,13:00,85.35,4.97,102.51,28.99,41.11
2023-08-09,14:00,71.31,38.68,-29.81,12.79,21.72
2023-08-09,15:00,77.91,32.02,-32.11,24.3,108.71
2023-08-09,16:00,130.21,26.28,132.94,17.07,112.94
2023-08-09,17:00,60.47,5.81,-23.14,15.83,30.57
2023-08-09,18:00,96.87,51.37,35.27,5.98,108.18
2023-08-09,19:00,-7.75,47.13,-27.07,1.86,62.44
2023-08-09,20:00,107.39,10.03,-26.2,5.36,52.35
2023-08-09,21:00,45.59,-12.33,-39.79,7.73,92.97
2023-08-09,22:00,-8.31,7.29,-11.01,11.58,-14.4
2023-08-09,23:00,72.82,45.78,68.76,6.95,-28.64
2023-08-09,00:00,24.76,-21.09,15.75,12.5,16.89
2023-08-10,01:00,14.72,-27.92,-37.56,-2.75,-24.6
2023-08-10,02:00,89.69,-20.82,100.14,0.99,-11.6
2023-08-10,03:00,92.11,9.11,-6.52,6.58,34.53
2023-08-10,04:00,11.86,-17.95,29.31,12.84,-38.51
2023-08-10,05:00,93.6,28.47,-15.41,-3.19,-5.54
2023-08-10,06:00,-45.69,-23.51,-25.75,8.06,34.14
2023-08-10,07:00,30.73,-14.77,-48.31,7.53,-9.83
2023-08-10,08:00,96.77,21.62,-1.94,8.93,-5.55
2023-08-10,09:00,43.08,43.29,114.24,20.19,14.06
2023-08-10,10:00,106.37,14.4,107.98,21.34,114.73
2023-08-10,11:00,63.98,-10.55,-22.11,12.67,101.93
2023-08-10,12:00,126.03,20.96,-14.82,11.98,86.68
2023-08-10,13:00,83.86,17.18,123.95,21.08,9.89
2023-08-10,14:00,97.06,-5.05,21.39,6.8,17.49
2023-08-10,15:00,113.67,39.23,-34.15,16.72,78.77
2023-08-10,16:00,10.66,44.15,18.92,14.94,42.14
2023-08-10,17:00,44.87,12.05,63.59,13.54,51.37
2023-08-10,18:00,65.18,-0.16,77.15,11.45,52.77
2023-08-10,19:00,25.35,23.12,127.86,13.23,18.73
2023-08-10,20:00,106.29,16.93,40.15,15.44,28.99
2023-08-10,21:00,37.4,32.1,69.75,-1.97,18.26
2023-08-10,22:00,102.1,31.22,-31.14,2.68,-18.64
2023-08-10,23:00,101.67,-0.63,-38.05,3.53,39.31
2023-08-10,00:00,10.88,13.97,13.86,9.09,23.25
2023-08-11,01:00,34.14,-6.76,86.42,13.69,66.19
2023-08-11,02:00,49.65,41.21,66.72,14.44,-29.86
2023-08-11,03:00,71.37,-7.78,-24.98,2.72,46.7
2023-08-11,04:00,7.58,33.58,52.04,0.65,-3.22
2023-08-11,05:00,-4.01,-6.48,-37.33,9.42,11.55
2023-08-11,06:00,-11.72,35.95,64.49,-1.3,55.01
2023-08-11,07:00,70.57,19.11,90.48,1.01,-9.14
2023-08-11,08:00,6.13,36.67,88.22,19.38,47.1
2023-08-11,09:00,53.92,25.82,105.07,14.04,115.88
2023-08-11,10:00,104.87,36.25,73.17,17.04,110.41
2023-08-11,11:00,100.27,-6.92,120.07,27.73,43.56
2023-08-11,12:00,76.97,20.57,56.63,23.96,33.07
2023-08-11,13:00,108.11,-22.48,57.79,23.66,17.68
2023-08-11,14:00,56.89,18.3,126.54,21.72,118.09
2023-08-11,15:00,13.98,8.51,-4.21,13.47,90.08
2023-08-11,16:00,55.32,30.35,100.81,22.42,40.65
2023-08-11,17:00,-14.37,43.33,111.75,20.75,48.74
2023-08-11,18:00,66.15,8.13,32.63,15.2,53.73
2023-08-11,19:00,-11.62,42.9,12.87,14.84,55.99
2023-08-11,20:00,58.76,25.99,12.89,-0.47,17.96
2023-08-11,21:00,70.4,43.13,90.56,8.59,7.61
2023-08-11,22:00,86.47,-14.62,-2,16.49,35.24
2023-08-11,23:00,70.59,47.69,-31.05,3.61,66.79
2023-08-11,00:00,-2.69,19.9,-9.91,16.66,-24.81
2023-08-12,01:00,48.28,25.42,29.65,9.51,9.93
2023-08-12,02:00,56.5,-2.9,23.11,6.04,-30.73
2023-08-12,03:00,0.68,-1.48,77.15,11.31,63.8
2023-08-12,04:00,43.37,4.75,-34.72,4.68,0.87
2023-08-12,05:00,67.51,7.75,30.66,5.72,21.31
2023-08-12,06:00,-10.06,23.82,-56.05,4.51,-36.88
2023-08-12,07:00,-5.91,26.77,8.59,-1.58,-10.78
2023-08-12,08:00,36.76,22.21,46.96,9.3,-3.09
2023-08-12,09:00,102.27,-15.53,-56.6,15.02,78.56
2023-08-12,10:00,73.83,30.23,34.94,14.11,49.97
2023-08-12,11:00,-16.07,-16.74,115.95,8.25,17.27
2023-08-12,12:00,51.09,1.18,100.7,12.66,11.52
2023-08-12,13:00,78.4,27.98,12.29,4.09,39.01
2023-08-12,14:00,42.81,46.65,-3.31,1.88,45.02
2023-08-12,15:00,29.97,14.43,-29.09,13.42,64.2
2023-08-12,16:00,-11.23,-19.07,84.99,11.2,48.61
2023-08-12,17:00,6.85,-10,90.15,11.65,74.28
2023-08-12,18:00,96.67,40.52,77.95,11.5,69.05
2023-08-12,19:00,-20.34,-15.67,59.38,16.45,35.02
2023-08-12,20:00,33.04,45.42,100.92,1.28,21.97
2023-08-12,21:00,-16.8,34.77,32.13,14.31,30.71
2023-08-12,22:00,3.72,-17.36,19.58,9.17,72.93
2023-08-12,23:00,85.43,-10.55,31.27,12.55,35.31
2023-08-12,00:00,-3.6,18.26,50.17,11.93,39.22
2023-08-13,01:00,-27.04,2.1,48.12,10.36,-30.42
2023-08-13,02:00,80.22,30.6,-10.46,7.42,-35.24
2023-08-13,03:00,-26.52,-14.98,60.12,3.33,50.84
2023-08-13,04:00,11.01,-28.19,-31.41,1.92,42
2023-08-13,05:00,34.77,-7.49,67.27,13.44,17.61
2023-08-13,06:00,-37.21,2.89,105.92,13.6,2.29
2023-08-13,07:00,78.27,31.51,57.04,-3.77,39.65
2023-08-13,08:00,48.37,23.09,5.07,8.72,66.34
2023-08-13,09:00,53.98,24.7,114.9,10.59,63.87
2023-08-13,10:00,89.76,37.21,71.9,-1.63,69.56
2023-08-13,11:00,-1.63,14.9,-24.16,5.6,46.14
2023-08-13,12:00,52.67,-0.31,74.21,1.57,3.33
2023-08-13,13:00,31.99,-24.02,-47.91,-0.69,73.41
2023-08-13,14:00,-6.15,14.21,92.77,11.79,24.79
2023-08-13,15:00,108.81,-11.23,-31.62,8.73,1.6
2023-08-13,16:00,37.57,-22.89,-48.8,11.7,93.04
2023-08-13,17:00,44.21,-2.14,102.14,-0.8,18.38
2023-08-13,18:00,51.3,40.28,50.24,11.54,73.18
2023-08-13,19:00,29.46,-16.92,104.72,11.79,10.83
2023-08-13,20:00,83.82,18.68,-16.07,13.23,43.72
2023-08-13,21:00,35.43,27.86,-37.67,16.87,-4.91
2023-08-13,22:00,105.95,25.54,4.45,11.5,67.32
2023-08-13,23:00,50.65,36.84,-17.11,4.28,66.36
2023-08-13,00:00,79.73,8.01,95.32,6.19,2.12
2023-08-14,01:00,90.71,-18.05,64.98,8,40.04
2023-08-14,02:00,59.75,33.46,53.39,0.19,5.86
2023-08-14,03:00,71.81,20.94,64.16,10.94,49.54
2023-08-14,04:00,56.64,2.23,93.53,9.99,-21.83
2023-08-14,05:00,44.49,31.38,43.48,0.16,46.43
2023-08-14,06:00,0.47,-8.46,104.48,-2.71,47.32
2023-08-14,07:00,-29.47,44.01,89.17,18.78,50.54
2023-08-14,08:00,4.4,-12.26,39.67,14.54,63.47
2023-08-14,09:00,96.08,35.9,91.27,28.05,121.98
2023-08-14,10:00,11.42,49.3,4.81,19.54,64.91
2023-08-14,11:00,148.82,41.44,130.86,24.05,138.09
2023-08-14,12:00,82.4,3.74,-0.81,21.03,95.53
2023-08-14,13:00,27.02,-16.96,148.39,12.16,91.3
2023-08-14,14:00,142.17,6.18,25.86,26.3,28.93
2023-08-14,15:00,134.51,11.03,61.49,17.56,85.1
2023-08-14,16:00,49,33.41,66.05,30.2,23.63
2023-08-14,17:00,15.83,-11.65,16.89,27.13,78.86
2023-08-14,18:00,30.85,-15.96,133.19,23.64,106.93
2023-08-14,19:00,120.33,4.49,-25.47,3.48,74.76
2023-08-14,20:00,119.62,-8.74,102.33,8.27,16.59
2023-08-14,21:00,64.4,-15.82,16.52,14.55,-11.67
2023-08-14,22:00,16.53,21.19,-54.87,4.63,78.73
2023-08-14,23:00,83.08,10.21,20.49,22.48,-14.16
2023-08-14,00:00,87.27,49.06,-55.24,15.08,30.35
2023-08-15,01:00,2.53,18.47,3.66,-4.55,4.05
2023-08-15,02:00,-22.74,35.3,111,7.68,-35.68
2023-08-15,03:00,3.24,30.33,78.33,1.62,-34.35
2023-08-15,04:00,2.87,-20.13,93.34,7.96,57.86
2023-08-15,05:00,-51.3,-5.65,-47.44,11.94,40.95
2023-08-15,06:00,-28.2,14.53,96.03,8.36,-13.46
2023-08-15,07:00,22.78,-10.31,66.34,5.75,22.79
2023-08-15,08:00,-10.61,21.42,-46.39,3.35,-10.4
2023-08-15,09:00,87.83,48.13,116.77,4.44,59.77
2023-08-15,10:00,19.72,39.39,-33.39,6.17,41.19
2023-08-15,11:00,43.83,7.33,27.2,-0.21,77.59
2023-08-15,12:00,46.84,-21.03,-11.17,11.22,31.76
2023-08-15,13:00,51.98,27.22,118.06,16.9,102.85
2023-08-15,14:00,95.76,-5.2,75.16,3.83,101.69
2023-08-15,15:00,76.94,38.45,18.93,12.44,17.9
2023-08-15,16:00,24.16,1.02,122.76,16.55,-9.25
2023-08-15,17:00,68.35,-13.16,-10.53,6.1,33.81
2023-08-15,18:00,100.13,-5.33,56.14,1.17,28.24
2023-08-15,19:00,19.58,16.09,53.11,15.87,37.43
2023-08-15,20:00,33.2,6.85,95.28,14.06,7.82
2023-08-15,21:00,105.99,-16.76,19.66,2.68,62.35
2023-08-15,22:00,87.28,19.22,94.25,16.92,-3.49
2023-08-15,23:00,33.18,-20.77,8.02,1.03,28.8
2023-08-15,00:00,73.94,-11.79,-53.22,14.96,-36.55
2023-08-16,01:00,-26.15,-18.69,11.09,2.1,-4.75
2023-08-16,02:00,30.63,-23.54,105.09,14.02,-3.9
2023-08-16,03:00,61.75,-25.99,-31.01,-2.78,6.59
2023-08-16,04:00,-10.81,37.04,93.98,9.66,-39.13
2023-08-16,05:00,-41.56,-9.44,83.65,10.97,56.92
2023-08-16,06:00,4.04,2.97,5.74,11.15,-24.3
2023-08-16,07:00,3.62,13.61,-24.03,10.64,52.34
2023-08-16,08:00,42.3,-13.6,103.43,9.86,40.31
2023-08-16,09:00,97.53,48.27,127.43,21.51,26.51
2023-08-16,10:00,135.86,10.54,116.97,33.61,54.67
2023-08-16,11:00,100.3,-0.12,1.64,19.87,67.98
2023-08-16,12:00,110.63,8.79,59.84,18.08,70.69
2023-08-16,13:00,70.98,30.08,16.15,24.89,94.43
2023-08-16,14:00,141.3,42.95,-10.94,20.07,39
2023-08-16,15:00,-2.78,-20.56,27.12,23.35,70.99
2023-08-16,16:00,55.28,-0.66,-5.99,17.75,108.42
2023-08-16,17:00,106.16,44.14,22.98,19.21,37.19
2023-08-16,18:00,101.51,12.86,1.54,19.26,20.87
2023-08-16,19:00,128.51,16.73,70.13,0.52,62.98
2023-08-16,20:00,108.52,51.52,106.81,2.63,46.09
2023-08-16,21:00,-11.51,28.57,16.44,3.36,54.97
2023-08-16,22:00,86.46,12.13,-34.4,15.5,58.29
2023-08-16,23:00,30.39,33.58,99.58,13.79,48.44
2023-08-16,00:00,35.99,-6.52,55.35,5.86,17.37
2023-08-17,01:00,14.11,22.75,-11.5,5.18,1.19
2023-08-17,02:00,5.79,27.23,-41.61,2.15,58.86
2023-08-17,03:00,-10.59,10.84,11.07,11.27,-12.36
2023-08-17,04:00,32.86,-1.44,97.79,3.11,16.97
2023-08-17,05:00,13.9,13.46,-64.4,-1.41,-22.77
2023-08-17,06:00,44.5,40.26,86.82,0.02,-19.29
2023-08-17,07:00,4.3,28.76,40.42,2.94,-2.42
2023-08-17,08:00,62.14,-5.95,24.25,12.07,31.15
2023-08-17,09:00,54.58,32,9.4,17.18,83.91
2023-08-17,10:00,126,37.24,40.82,23.69,95.8
2023-08-17,11:00,135.88,-11.19,46.24,27.18,96.43
2023-08-17,12:00,8.97,3.12,13.44,17.12,62.37
2023-08-17,13:00,1.3,39.76,-27.84,25.75,112.46
2023-08-17,14:00,79.35,42.82,113.06,26.88,119.43
2023-08-17,15:00,36.41,-21.87,8.59,6.27,12.85
2023-08-17,16:00,48.76,9.01,-31.94,11.59,61.89
2023-08-17,17:00,47.08,37.3,-22.85,20.07,56
2023-08-17,18:00,19.81,-13.13,85.22,15.5,53.63
2023-08-17,19:00,62.11,25.54,80.52,-0.66,8.32
2023-08-17,20:00,29.86,52.22,115.62,10.84,87.69
2023-08-17,21:00,23.75,14.6,-4.17,3.39,57.49
2023-08-17,22:00,89.31,53.9,49.06,13.54,-7.49
2023-08-17,23:00,-5,31.67,0.47,2.1,78.3
2023-08-17,00:00,95.59,-0.89,26.32,10.18,69.54
2023-08-18,01:00,51.01,11.82,20.8,6.24,-11.79
2023-08-18,02:00,39.37,17.73,74.1,0.79,45.99
2023-08-18,03:00,-42.85,-22.58,44.3,-2.09,38
2023-08-18,04:00,-48.07,40.76,89.48,7.18,48.55
2023-08-18,05:00,-33.97,11.07,70.78,0.03,55.96
2023-08-18,06:00,27.12,11.65,-46.62,0.59,75.18
2023-08-18,07:00,106.15,16.69,-11.57,-0.93,-22.56
2023-08-18,08:00,43.38,14.97,-21.37,12.85,17.71
2023-08-18,09:00,40.86,-3.05,80.93,12.29,34.79
2023-08-18,10:00,33.2,25.73,14.33,22.9,19.87
2023-08-18,11:00,29.22,-3.56,-3.99,24.24,115.47
2023-08-18,12:00,27.77,9.96,-12.41,22.11,103.84
2023-08-18,13:00,46.83,12.52,2.88,24.13,23.38
2023-08-18,14:00,115.07,0.67,125,19.8,24.39
2023-08-18,15:00,56.29,31.06,99.28,19.03,109
2023-08-18,16:00,4.08,50.93,45.44,21.57,76.93
2023-08-18,17:00,44.58,30.35,63.12,13.37,80.42
2023-08-18,18:00,89.12,50.73,-35.44,18.72,59.27
2023-08-18,19:00,-3.14,19.32,13.43,16.04,68.07
2023-08-18,20:00,68.35,20.36,-4.3,4.57,7.72
2023-08-18,21:00,95.9,3.44,61.64,9.95,7.98
2023-08-18,22:00,-10.58,13.75,11.76,3.28,0.71
2023-08-18,23:00,49.71,7.8,45.35,-0.65,75.88
2023-08-18,00:00,-16.02,16.55,-33.18,7.23,-23.09
2023-08-19,01:00,-48.03,-5.62,-48.15,5.04,56.85
2023-08-19,02:00,28.29,-4.96,42.19,-4.04,49.85
2023-08-19,03:00,32.36,-25.28,74.44,6.81,-38.7
2023-08-19,04:00,-32.98,-8.05,111.3,-4.23,25.55
2023-08-19,05:00,51.13,-6.71,15.07,0.08,15.4
2023-08-19,06:00,73.59,-20.23,-50.05,3.48,41.73
2023-08-19,07:00,17.78,17.29,-54.2,7.27,-26.36
2023-08-19,08:00,-10.16,45.04,92.85,9.02,28.22
2023-08-19,09:00,57.59,31.76,116.52,1.87,48.23
2023-08-19,10:00,-5.84,40.65,-46.84,0.87,42.86
2023-08-19,11:00,27.09,-10.32,74.11,3.29,79.6
2023-08-19,12:00,59.32,-7.18,112.48,12.81,4.82
2023-08-19,13:00,123.12,-11.97,-28.27,6.64,54.6
2023-08-19,14:00,44.67,-5.3,91.63,7.62,33.95
2023-08-19,15:00,18.79,-16.95,85.86,3.45,82.75
2023-08-19,16:00,16.06,42.79,31.41,14.56,68.41
2023-08-19,17:00,49.93,49.79,14.36,2.28,55.31
2023-08-19,18:00,73.12,17.81,-8.01,6.45,91.61
2023-08-19,19:00,48.14,21.42,37.62,8.44,7.04
2023-08-19,20:00,73.08,15.23,-40.37,1.53,14.08
2023-08-19,21:00,-15.79,43.4,113.96,14.48,84.38
2023-08-19,22:00,18.17,-9.75,-44.19,12.94,32.43
2023-08-19,23:00,34.36,-13.33,-19.68,11.28,79.38
2023-08-19,00:00,-26.85,-0.59,106.46,7.92,58.62
2023-08-20,01:00,72.61,-5.74,82.52,-1.23,12.61
2023-08-20,02:00,27.51,43.38,12.07,11.96,38.19
2023-08-20,03:00,38.56,27.65,-40.38,12.08,-2.35
2023-08-20,04:00,84.27,5.13,21.58,10.22,17.36
2023-08-20,05:00,-20.25,1.26,-56.67,3.26,29.61
2023-08-20,06:00,-0.5,17.93,9.69,12.51,-22.89
2023-08-20,07:00,78.42,14.54,-15.81,9.45,52.87
2023-08-20,08:00,89.24,45.35,15.49,5.47,-31.44
2023-08-20,09:00,-6.48,-4.62,42.99,10.78,88.74
2023-08-20,10:00,-28.48,16.4,42.88,2.62,-3.16
2023-08-20,11:00,-18.91,10.35,2.57,2.33,9.03
2023-08-20,12:00,56.36,46.27,-5.91,18.69,-6.72
2023-08-20,13:00,67.88,23.97,-46.62,8.29,97.19
2023-08-20,14:00,99.15,-19.25,83.05,11.09,7.58
2023-08-20,15:00,-14.78,-9.27,119.59,1.72,95.76
2023-08-20,16:00,61.95,21.06,40.64,1.65,-6.5
2023-08-20,17:00,29.4,37.35,36.6,3.24,93.92
2023-08-20,18:00,55.11,-12.5,74.24,12.82,61.08
2023-08-20,19:00,101.98,24.33,-38.11,17.91,70.67
2023-08-20,20:00,100.76,24.04,22.15,10.12,16.56
2023-08-20,21:00,-15.83,2.7,78.06,4.78,93.51
2023-08-20,22:00,57.62,-21.59,-30.98,15.36,14.07
2023-08-20,23:00,32.64,8.66,18.17,18.29,1.05
2023-08-20,00:00,44.43,47.98,75.98,-0.66,-11.69
2023-08-21,01:00,63.61,5.68,-40.8,15.75,31.97
2023-08-21,02:00,-32.26,-17.5,-58.76,16.38,-23.63
2023-08-21,03:00,27.77,-7.92,38.32,6.24,19.02
2023-08-21,04:00,16.65,-22.75,-25.04,11.02,14.22
2023-08-21,05:00,-28.94,35.43,93.82,2.94,63.59
2023-08-21,06:00,-20.39,0.23,55.96,7.71,-18.35
2023-08-21,07:00,38.65,28.99,61.43,16.58,-7.25
2023-08-21,08:00,-8.63,25.69,93.67,26.05,57.56
2023-08-21,09:00,42.84,29.94,-23.65,30.49,14.72
2023-08-21,10:00,84.49,9.76,48.44,28.23,112.75
2023-08-21,11:00,91.05,35.77,77.78,25.99,51.66
2023-08-21,12:00,39.96,30.06,93.6,32.71,105.81
2023-08-21,13:00,10.11,42.16,16.21,29.58,51.66
2023-08-21,14:00,86.64,9.93,-28.59,16.6,81.06
2023-08-21,15:00,73.73,36.41,80.35,17.4,89.17
2023-08-21,16:00,18.95,-15.36,134.81,18.14,93.7
2023-08-21,17:00,65.52,-1.11,-21.88,22.06,34.97
2023-08-21,18:00,18.3,-7.77,127.3,16.25,97.24
2023-08-21,19:00,92.42,7.82,40.13,13.76,68.43
2023-08-21,20:00,51.86,44.33,-0.62,13.48,19.75
2023-08-21,21:00,12.69,-11.46,20.92,13.99,95.36
2023-08-21,22:00,21.64,-3.55,-26.23,14.06,51.74
2023-08-21,23:00,38.29,-8.47,52.13,14.35,77.16
2023-08-21,00:00,-14.89,29.36,69.49,11.55,15.49
2023-08-22,01:00,58.77,43.98,-61.55,-1.73,-4.59
2023-08-22,02:00,-3.16,23.74,-51.34,2.18,42.15
2023-08-22,03:00,-34.83,-16.98,36.44,8.57,9.59
2023-08-22,04:00,-0.66,-23.8,-3.34,3.54,-7.45
2023-08-22,05:00,-27.02,-23.49,83.96,11.96,40.11
2023-08-22,06:00,-19.36,1.45,-57.73,12.23,9.29
2023-08-22,07:00,30.48,19.55,-8.99,18.62,-22.39
2023-08-22,08:00,71.02,20.78,65.7,14.58,44.73
2023-08-22,09:00,9.75,-2.79,47.26,18.88,86.3
2023-08-22,10:00,122.42,14.72,56.82,17.83,52.5
2023-08-22,11:00,114.7,7.38,-9.63,26.26,88.41
2023-08-22,12:00,119.83,-15.24,104.93,33.13,86.36
2023-08-22,13:00,58.21,17.09,35.54,33.25,98.55
2023-08-22,14:00,74.33,21.19,128.3,35.67,79.08
2023-08-22,15:00,53.91,44.8,16.09,8.13,63.46
2023-08-22,16:00,0.81,-19,4.56,23.1,46.7
2023-08-22,17:00,106.34,20.19,83.94,18.96,99.27
2023-08-22,18:00,34.82,24.3,64.99,18.01,16.36
2023-08-22,19:00,116.43,29.63,39.03,4.45,95.79
2023-08-22,20:00,51.04,16.05,57.44,3.14,34.45
2023-08-22,21:00,89.73,53.67,41.86,12.79,54.17
2023-08-22,22:00,-18.47,9.7,113.72,10.56,56.96
2023-08-22,23:00,77.18,-18.64,106.72,2.44,53.24
2023-08-22,00:00,79.5,28.54,-31.92,13.14,-32.06
2023-08-23,01:00,85.64,3.25,-12.05,4.49,73.01
2023-08-23,02:00,-8.59,30.48,-6.03,-2.11,60.98
2023-08-23,03:00,-12.53,0.44,46,-2.22,-18.25
2023-08-23,04:00,12.22,-9.66,0.27,12.13,-22.83
2023-08-23,05:00,80.37,-5.74,101.89,5.19,30.64
2023-08-23,06:00,1.73,16.14,53.85,10.54,-4.51
2023-08-23,07:00,71.85,39.26,55.7,1.8,13.24
2023-08-23,08:00,14.6,31.59,55.78,23.28,70.47
2023-08-23,09:00,90.64,48.35,72.72,14.51,81.51
2023-08-23,10:00,35.39,53.94,-1.69,12.99,90.45
2023-08-23,11:00,30.72,-16.6,77.83,27.33,114
2023-08-23,12:00,107.79,17.8,-14.6,20.91,107.44
2023-08-23,13:00,22.87,-9.19,121.49,27.36,95.25
2023-08-23,14:00,106.84,25.83,133.71,17.62,71.13
2023-08-23,15:00,130.24,40.13,-26.57,21.67,26.08
2023-08-23,16:00,102.52,-11.73,67.28,10.96,73.26
2023-08-23,17:00,64.65,-13.65,-17.39,21.09,111.24
2023-08-23,18:00,-11.28,-22,37.93,8.47,89.69
2023-08-23,19:00,81.38,14.35,74.57,11.77,21.23
2023-08-23,20:00,85.59,-20.57,-25.09,5.7,25.42
2023-08-23,21:00,110.5,8.58,-22.11,11.82,39.49
2023-08-23,22:00,88.44,8.21,90.73,2.95,-4.19
2023-08-23,23:00,32.46,-21.4,-19.96,10.95,27.49
2023-08-23,00:00,51.67,2.4,100.38,12.6,-3.38
2023-08-24,01:00,29.02,14.75,25.61,25.52,-9.46
2023-08-24,02:00,-34.78,45.26,42.06,3.03,16.4
2023-08-24,03:00,74.03,17.38,73.75,12.93,49.85
2023-08-24,04:00,-14.36,2.99,8.15,-0.13,-37.41
2023-08-24,05:00,14.55,-27.61,109.12,0.19,9.96
2023-08-24,06:00,-46.47,15.98,71.65,-3.13,65.72
2023-08-24,07:00,93.21,-3.08,-1.78,5.47,23.55
2023-08-24,08:00,-3.14,20.09,107.2,13.47,58.28
2023-08-24,09:00,3.08,-1.6,-32.44,17.33,61.17
2023-08-24,10:00,36.6,-9.67,-6.59,19.51,66.35
2023-08-24,11:00,121.05,14.27,26.69,26.25,14.82
2023-08-24,12:00,35.71,-15.05,-19.58,10.47,118.58
2023-08-24,13:00,-4.63,19.11,140.78,22.96,72.69
2023-08-24,14:00,119.77,-18.84,105.27,11.09,62.07
2023-08-24,15:00,79.59,40.65,12.58,20.45,15.63
2023-08-24,16:00,85.54,-2.03,-15.16,11.87,54.55
2023-08-24,17:00,-6.01,14.26,101.18,16.08,24.91
2023-08-24,18:00,113.35,-3.01,45.52,18.85,48.06
2023-08-24,19:00,86.61,-17.24,-14.11,14.8,-2.4
2023-08-24,20:00,60.96,42.6,24.72,6.21,16.88
2023-08-24,21:00,59.07,21.99,-31.97,1.35,37.7
2023-08-24,22:00,28.9,29.08,20.53,15.4,71.54
2023-08-24,23:00,-8.57,13.36,-15.1,6.09,42.38
2023-08-24,00:00,16.84,44.29,57.06,-1.09,-4.16
2023-08-25,01:00,54.37,43.29,-5.14,-0.93,-29.05
2023-08-25,02:00,0.4,-14.52,-61.45,10.69,-32.25
2023-08-25,03:00,54.2,-25.78,-52.24,11.4,23.03
2023-08-25,04:00,54.12,25.98,-65.64,-4.19,-3.83
2023-08-25,05:00,-34.18,-23.79,-18.38,2.49,3.32
2023-08-25,06:00,40.13,38.31,67.91,-1.44,64.56
2023-08-25,07:00,97.9,30.56,13.98,2.95,64.61
2023-08-25,08:00,102.39,2.02,25.72,20.95,36.35
2023-08-25,09:00,85.73,51.5,80.05,14.71,106.01
2023-08-25,10:00,-1.02,-7.04,-26.82,26.22,108.42
2023-08-25,11:00,51.31,6.95,78.83,18.54,95.78
2023-08-25,12:00,102.86,39.3,-5.99,12.59,16.4
2023-08-25,13:00,46.14,16.68,-23,16.82,108.69
2023-08-25,14:00,71.54,50.34,127.81,13.52,101.48
2023-08-25,15:00,88.99,28.71,9.12,14.47,36.51
2023-08-25,16:00,13.76,0.06,112.21,17.34,26.24
2023-08-25,17:00,121.91,5,111.56,13.12,68.5
2023-08-25,18:00,46.42,0.87,28.11,21.46,86.59
2023-08-25,19:00,7.44,13.05,-27.88,3.43,-9.2
2023-08-25,20:00,17.25,27.35,127.78,13.1,67.16
2023-08-25,21:00,111,22.21,3.82,13.03,50.29
2023-08-25,22:00,60.92,34.53,102.49,9.95,-21.25
2023-08-25,23:00,99.45,-0.79,30.98,0.4,21.03
2023-08-25,00:00,-18.42,-12.9,23.79,2.9,46.87
2023-08-26,01:00,30.64,18.91,11.19,0.76,-41.81
2023-08-26,02:00,-4.57,16.09,16.66,3.43,49.51
2023-08-26,03:00,89.6,1.55,-51.04,1.35,30.93
2023-08-26,04:00,-9.82,30.05,3.13,10.06,59.74
2023-08-26,05:00,-13.53,-27.33,108.37,-3.3,-13.6
2023-08-26,06:00,61.86,18.96,95.89,5.2,12.29
2023-08-26,07:00,63.62,18.82,-49.22,2.57,-0.42
2023-08-26,08:00,15.28,-21.54,66.72,12.13,56.13
2023-08-26,09:00,11.81,-11.68,92.76,14.34,86.05
2023-08-26,10:00,49.25,-14.66,16.38,13.54,46.34
2023-08-26,11:00,-12.94,34.29,1.34,16.24,-7.83
2023-08-26,12:00,12.25,34.47,113.98,6.38,93.88
2023-08-26,13:00,-12.01,-11.73,-21.54,4.63,-6.99
2023-08-26,14:00,31.27,15.38,24.15,13.94,14.63
2023-08-26,15:00,47.21,37.45,41.21,8.74,13.09
2023-08-26,16:00,87.88,-5.1,-36.88,7.09,15.54
2023-08-26,17:00,35.65,-15.25,7.57,13.92,33.88
2023-08-26,18:00,70.07,42.77,10.23,5.91,15.45
2023-08-26,19:00,58.22,-21.18,7.91,7.89,19.89
2023-08-26,20:00,69.72,-18.6,19.52,3.39,38.68
2023-08-26,21:00,111.48,41.62,50.17,9.31,81.22
2023-08-26,22:00,72.17,-6.95,-8.25,6.92,31.86
2023-08-26,23:00,-38.75,12.93,63.05,9.09,40.43
2023-08-26,00:00,12.41,17.1,-27.4,6.85,46.98
2023-08-27,01:00,-6.64,12.03,84.94,2.47,57.9
2023-08-27,02:00,-9.01,22.69,-58.53,2.4,73.95
2023-08-27,03:00,5.69,36.52,-57.55,4.85,71.03
2023-08-27,04:00,46.86,0.17,0.79,2.98,-6.35
2023-08-27,05:00,-17.05,39.65,58.84,3.75,59.14
2023-08-27,06:00,39.81,-0.45,-11.68,-3.22,11.49
2023-08-27,07:00,75.81,-6.62,55.71,10.54,-24.1
2023-08-27,08:00,11.02,10.48,75.17,1.71,-22.14
2023-08-27,09:00,27.35,-21.94,76.77,2.48,2.39
2023-08-27,10:00,-27.77,38.71,41.99,-0.93,28.97
2023-08-27,11:00,35.47,30.78,34.7,2.67,54.86
2023-08-27,12:00,-21.29,5.26,4.6,0.8,85.54
2023-08-27,13:00,58.27,-22.13,25.28,9.11,55.42
2023-08-27,14:00,65.65,22.19,11.7,22.81,23.89
2023-08-27,15:00,69.33,-6.19,-12.02,19.84,-2.13
2023-08-27,16:00,53.81,36.71,51.37,19.92,44.87
2023-08-27,17:00,114.72,31.66,-14.18,2.85,80.2
2023-08-27,18:00,22.15,4.34,13.11,18.49,38.21
2023-08-27,19:00,43.03,48.77,-6.35,16.79,0.66
2023-08-27,20:00,109.38,-21.26,-13.39,3.18,35.2
2023-08-27,21:00,36.24,45.21,83.13,-1.88,55.61
2023-08-27,22:00,23.69,43.49,101.17,3.66,0.32
2023-08-27,23:00,80.63,-12.56,16.89,5.61,12.58
2023-08-27,00:00,-33.16,-8.49,72.34,-3.31,42.86
2023-08-28,01:00,88.35,0.09,-23.75,1.73,38.33
2023-08-28,02:00,53.76,-15.9,-6.57,9.67,32.4
2023-08-28,03:00,-4.9,27.35,41.26,9.17,-2.73
2023-08-28,04:00,86.31,8.97,-64.29,5.15,24.91
2023-08-28,05:00,5.17,25.39,-34.19,-0.45,-14.5
2023-08-28,06:00,64.55,7.8,37.36,8.69,49.2
2023-08-28,07:00,46.98,16.19,43.38,9.07,-23.43
2023-08-28,08:00,67.85,18.58,-30.91,18.11,26.1
2023-08-28,09:00,78.71,18.39,112.63,23.67,10.52
2023-08-28,10:00,50.65,3.79,71.59,22.06,82.91
2023-08-28,11:00,121.49,36.63,7.69,18.37,78.2
2023-08-28,12:00,43.38,-17.68,134.46,26.67,97.46
2023-08-28,13:00,-8.15,32.32,12.25,27.82,7.46
2023-08-28,14:00,27.42,16.22,132.94,22.92,7.86
2023-08-28,15:00,-0.79,18.69,-34.69,17.21,103.37
2023-08-28,16:00,109.57,2.52,65.15,19.19,70.58
2023-08-28,17:00,-2.96,19.46,133.3,26.07,98.69
2023-08-28,18:00,35.09,-12.76,-47.05,8.05,11.99
2023-08-28,19:00,111.23,25.24,-18.64,4.71,13.45
2023-08-28,20:00,34.75,18.8,35.21,-0.09,71.56
2023-08-28,21:00,22.51,32.68,5.84,0.6,12.15
2023-08-28,22:00,13.56,7.66,76.77,3.04,86.56
2023-08-28,23:00,41.15,-9.96,22.13,6.82,3.69
2023-08-28,00:00,38.81,13.38,-8.97,12.76,41.08
2023-08-29,01:00,-8.57,26.99,-31.46,2.54,22.41
2023-08-29,02:00,55.69,6.42,57.1,-2.18,0.75
2023-08-29,03:00,-14.45,-13.48,24.66,8.37,12.23
2023-08-29,04:00,-48.88,-25.82,93.39,4.51,-14.37
2023-08-29,05:00,60.2,13.92,4.54,0.47,35.3
2023-08-29,06:00,42.02,17.62,24.5,-3.05,19.47
2023-08-29,07:00,-25.98,17.83,37.5,8.46,60.18
2023-08-29,08:00,-6.34,-2.35,81.57,16.81,55.02
2023-08-29,09:00,61.16,35.63,0.75,23.51,26.63
2023-08-29,10:00,130.22,-19.54,68.19,25.93,44.97
2023-08-29,11:00,124.14,44.31,109.11,27.93,29.29
2023-08-29,12:00,127.68,21.39,142.27,29.22,40.1
2023-08-29,13:00,33.2,21.77,146.64,18.06,62.16
2023-08-29,14:00,123.81,14.51,70.24,23.78,53.73
2023-08-29,15:00,93.33,-17.89,142.33,13.21,35.66
2023-08-29,16:00,110.46,12.61,36.32,15.81,3.02
2023-08-29,17:00,58.29,-15.06,124.41,10.1,31.53
2023-08-29,18:00,51.92,2.95,53.13,16.07,95.28
2023-08-29,19:00,115.54,9.92,-36.93,15.55,40.1
2023-08-29,20:00,-0.26,25.83,-35.11,12.48,-18.89
2023-08-29,21:00,70.34,24.75,42.96,15.06,87.13
2023-08-29,22:00,31.08,0.4,103.17,11,63.02
2023-08-29,23:00,-22.95,15.33,-54.69,14.53,-12.27
2023-08-29,00:00,-25.57,1.49,79.31,9.02,62.25
2023-08-30,01:00,3.51,39.09,99.11,-2.05,21.73
2023-08-30,02:00,-21.05,-4.54,-52.99,7.98,61.96
2023-08-30,03:00,86.79,16.08,17.36,0.31,-23.6
2023-08-30,04:00,-7.31,7.84,50.2,2.75,-13.89
2023-08-30,05:00,68.18,40.14,4.35,0.74,6.52
2023-08-30,06:00,18.69,-1.27,50.85,5.56,-24.23
2023-08-30,07:00,37.1,41.86,-0.92,9.74,72.23
2023-08-30,08:00,52.97,46.02,-4.68,14.31,40.25
2023-08-30,09:00,21.85,-19.42,13.21,19.5,52.04
2023-08-30,10:00,46.82,46.07,63.4,8.14,104.2
2023-08-30,11:00,7.66,11.73,70.6,14.31,31.69
2023-08-30,12:00,52.19,-6.09,126.34,14.53,60.87
2023-08-30,13:00,88.49,49.11,72.45,21.97,96.53
2023-08-30,14:00,88.56,-9.87,120.13,22,2.44
2023-08-30,15:00,93.26,40.64,36.15,15.34,84.85
2023-08-30,16:00,121.86,9.81,-23.94,10.05,43.31
2023-08-30,17:00,17.55,-9.95,-18.44,19.95,97.51
2023-08-30,18:00,114.9,12.9,79.42,4.48,12.46
2023-08-30,19:00,-20.15,-17.29,39.92,9.32,80.53
2023-08-30,20:00,50.74,30.87,119.38,1.36,62.53
2023-08-30,21:00,-4.76,-17.31,69.16,-0.55,-8.1
2023-08-30,22:00,25.6,-20.16,-40.46,3.72,-26.43
2023-08-30,23:00,-5.67,-6.33,-36.22,0.28,-15.91
2023-08-30,00:00,38.42,17.49,-55.01,12.07,48.27
2023-08-31,01:00,-39.29,27.65,-49.79,2.2,55.23
2023-08-31,02:00,19.45,20.64,101.68,-2.53,-36.54
2023-08-31,03:00,-15.93,20.15,63.88,-3.85,6.27
2023-08-31,04:00,84.67,-4.86,-22.59,4.1,14.02
2023-08-31,05:00,-51.12,-10.42,4.99,4.26,-30.21
2023-08-31,06:00,34.46,3.81,62.01,1.02,-5.92
2023-08-31,07:00,-10.01,-10.9,-12.03,10.74,-11.07
2023-08-31,08:00,111.42,-14.03,44.68,11.96,24.37
2023-08-31,09:00,61.18,0.72,-28.71,19.05,94.72
2023-08-31,10:00,95.81,23.94,26.08,15.58,3.77
2023-08-31,11:00,10.36,35.93,59.17,20.24,54.87
2023-08-31,12:00,115.83,-1.4,51.07,26.51,19.42
2023-08-31,13:00,78.51,-2.07,26.28,21.44,72.31
2023-08-31,14:00,68.98,-21.51,141.9,16.96,37.72
2023-08-31,15:00,132.26,34.42,49.12,18.39,70.44
2023-08-31,16:00,46.05,13.83,83.49,18.43,1.6
2023-08-31,17:00,122.43,-0.63,-9.93,18.69,40.75
2023-08-31,18:00,79.52,47.34,123.59,16.27,63.8
2023-08-31,19:00,-3.96,-22.27,64.75,7.73,21.04
2023-08-31,20:00,82.4,9.31,-19.01,14.71,26.26
2023-08-31,21:00,97.39,37.87,16.43,8,4.11
2023-08-31,22:00,100.49,-8.2,-33.59,10.07,-8.67
2023-08-31,23:00,72.38,12.93,70.4,-1.42,74.81
2023-08-31,00:00,61.59,-19.31,-4.39,0.43,7.65
2023-09-01,01:00,6.04,27.37,105.1,3.17,16.97
2023-09-01,02:00,-9.81,37.51,-10.45,8.86,17.86
2023-09-01,03:00,-15.74,-14.05,73.21,4.36,-10.7
2023-09-01,04:00,-43.78,2.09,-47.8,8.21,39.73
2023-09-01,05:00,71,3.41,-69.7,-3.34,31.91
2023-09-01,06:00,0.86,35.87,68.93,-4.16,17.89
2023-09-01,07:00,26.29,37.51,60.85,13.8,-17.34
2023-09-01,08:00,59.85,8.28,-35.45,17.68,70.14
2023-09-01,09:00,43.54,-5.88,-6.53,15.27,35.47
2023-09-01,10:00,101.86,26.21,128.37,11.06,64.62
2023-09-01,11:00,113.05,15.58,-32.25,8.98,10.8
2023-09-01,12:00,74.16,24.55,53.34,18.96,32.47
2023-09-01,13:00,-7.23,33.29,69.84,14.4,44.4
2023-09-01,14:00,51.77,-20.01,-33.98,35.76,84.81
2023-09-01,15:00,72.8,48.89,76.3,0,6.21
2023-09-01,16:00,119.41,36.53,-7.09,22.11,63.46
2023-09-01,17:00,105.96,1.37,57.63,17.27,99.17
2023-09-01,18:00,103.48,8.46,101.13,18.25,85.83
2023-09-01,19:00,11.84,46.56,65.27,11.04,31.68
2023-09-01,20:00,8.5,50.11,100.15,0.23,-3.27
2023-09-01,21:00,75.3,29.13,28.97,-1.08,71.91
2023-09-01,22:00,113.57,30.17,-51.76,10.41,74.71
2023-09-01,23:00,15.28,-13.57,-42.14,14.85,-7.32
2023-09-01,00:00,94.61,29.63,79.53,10.75,-1.48
2023-09-02,01:00,3.27,26.01,45.87,12.15,5.95
2023-09-02,02:00,57.95,5.07,-54.69,11.69,38.05
2023-09-02,03:00,-21.69,-6.48,-66.62,0.87,-26.11
2023-09-02,04:00,9.86,6.56,72.26,4.4,-27.73
2023-09-02,05:00,60.71,-15.44,66.93,0.66,56.33
2023-09-02,06:00,21.54,-3.04,62.8,-3.16,-14.54
2023-09-02,07:00,15.39,9.34,-0.1,0.6,33.76
2023-09-02,08:00,-31.62,32.8,105.78,12.64,8.54
2023-09-02,09:00,26.36,33.6,104.08,14.57,51.06
2023-09-02,10:00,101.92,49.28,61.7,14.36,54.64
2023-09-02,11:00,100.5,36.65,96.75,13.25,95.99
2023-09-02,12:00,11.51,12.66,9.65,7.61,57.74
2023-09-02,13:00,-13.98,-0.37,-33.49,6.54,101.65
2023-09-02,14:00,97.46,-18.5,53.31,13.67,-8.73
2023-09-02,15:00,42.4,37.43,104.22,7.49,62.71
2023-09-02,16:00,62.99,21.27,40.44,9.57,11.11
2023-09-02,17:00,116.08,27.11,107.53,5.23,3.87
2023-09-02,18:00,-22.93,22.23,65.78,4.65,20.64
2023-09-02,19:00,66.31,8.1,-20.49,-1.86,-22.22
2023-09-02,20:00,1.67,36.5,-19.3,4.49,-8.47
2023-09-02,21:00,22.69,19.33,64.08,0.46,-15.42
2023-09-02,22:00,12.2,17.45,40.02,11.55,67.08
2023-09-02,23:00,54.12,43.57,54.33,12.09,63.41
2023-09-02,00:00,77.47,-5.34,101.17,8.17,61.02
2023-09-03,01:00,-28.2,-14.62,77.8,6.54,41.5
2023-09-03,02:00,54.14,0.92,19.39,6.67,-38.6
2023-09-03,03:00,70.84,27.25,-34.02,-1.89,-34.05
2023-09-03,04:00,29.86,28.46,-36.12,-3.52,33.84
2023-09-03,05:00,31.48,14.81,-57.52,7.95,66.41
2023-09-03,06:00,61.99,-7.01,78.6,-2.83,-13.83
2023-09-03,07:00,16.53,-3.24,54.64,13.75,15.96
2023-09-03,08:00,-35.27,4,29.4,-1.8,42.42
2023-09-03,09:00,-29.28,7.9,99.51,15.2,78.08
2023-09-03,10:00,-11.35,43.23,86.48,6.16,27.54
2023-09-03,11:00,112.6,34.6,-6.03,14.78,93.22
2023-09-03,12:00,117.34,-8.18,97.57,3.45,14.66
2023-09-03,13:00,99.69,43.14,-5.93,11.79,49.14
2023-09-03,14:00,4.89,-8.11,124.56,6.7,21.99
2023-09-03,15:00,34.88,-21.92,-2.94,14.43,73.6
2023-09-03,16:00,73.67,-20.64,105.45,8.19,73.72
2023-09-03,17:00,109.39,-3.88,109.92,1.05,39.44
2023-09-03,18:00,117.96,-0.67,107.23,5.89,18.68
2023-09-03,19:00,-3.17,35.71,-47.77,4.55,28.93
2023-09-03,20:00,87.14,-8.76,61.24,3.85,-1.72
2023-09-03,21:00,116.59,44.57,-28.16,2.65,10.72
2023-09-03,22:00,109.12,-15.55,0.01,4.1,2.94
2023-09-03,23:00,14.75,7.32,-57.14,12.97,-21.88
2023-09-03,00:00,95.62,20.63,64.71,10.07,10.5
2023-09-04,01:00,1.21,6.34,70.82,10.9,-19.44
2023-09-04,02:00,-17.07,21.74,-53.11,-3.77,26.61
2023-09-04,03:00,-26.1,0.3,19.29,12.82,-2.22
2023-09-04,04:00,-12.84,32.37,57.6,3.43,41.06
2023-09-04,05:00,-24.12,-17.17,26.87,2.37,-40.94
2023-09-04,06:00,-3.9,2.76,64.28,0.07,67.4
2023-09-04,07:00,-27.63,21.37,59.88,11.86,84.13
2023-09-04,08:00,0.28,24.93,73.11,18.37,93.55
2023-09-04,09:00,15.8,32.48,135.14,25.74,55.74
2023-09-04,10:00,6.01,32.73,-8.15,22.67,113.97
2023-09-04,11:00,29.21,-14.13,-8.05,26.54,65.24
2023-09-04,12:00,52.08,-4.52,96.59,32.42,42.61
2023-09-04,13:00,10.59,24.12,71.88,28.23,91.28
2023-09-04,14:00,134.3,15.01,13.67,24.64,105.96
2023-09-04,15:00,3.45,3.76,129.72,18.97,109.34
2023-09-04,16:00,49.64,49.53,7.15,19.32,114.56
2023-09-04,17:00,-3.94,0.01,37.07,21.12,113.1
2023-09-04,18:00,8.69,-11.33,34.18,18.89,59.75
2023-09-04,19:00,24.76,19.98,47.98,-0.77,97.05
2023-09-04,20:00,23.11,-7.92,-31.27,16.3,52.48
2023-09-04,21:00,122.35,9.49,98.67,12.36,44.38
2023-09-04,22:00,-4.99,-1.22,4.99,-1.59,19.95
2023-09-04,23:00,80.74,-5.83,52.51,12.91,76.82
2023-09-04,00:00,61.26,39.44,43.36,10.98,12.51
2023-09-05,01:00,-18.02,-10,-3.72,8.99,28.69
2023-09-05,02:00,13.08,5.52,7.84,17.77,-8.1
2023-09-05,03:00,36.93,23.01,-20.96,1.61,-38.64
2023-09-05,04:00,69.29,11.4,69.16,10.41,-4.66
2023-09-05,05:00,75.64,38.78,108.09,3.61,62.48
2023-09-05,06:00,38.68,8.82,-21.98,19.13,-15.46
2023-09-05,07:00,102.57,39.36,18.88,7.23,-16.12
2023-09-05,08:00,-7.65,46.21,75.39,13.33,16.26
2023-09-05,09:00,1.43,23.62,35.65,20.29,92.21
2023-09-05,10:00,81.36,34.81,-31.83,6.23,42.32
2023-09-05,11:00,100,-8.63,38.44,18.26,74.43
2023-09-05,12:00,31.47,28.38,106.09,20.7,18.88
2023-09-05,13:00,21.53,10.67,24.22,10.27,13.23
2023-09-05,14:00,109.84,28.72,69.54,15.6,120.07
2023-09-05,15:00,74.97,28,136.46,4.1,78
2023-09-05,16:00,94.59,-15.49,57.31,11.95,100.87
2023-09-05,17:00,6.3,24,42.46,4.09,65.85
2023-09-05,18:00,4.98,-7.09,-0.26,2.18,98.6
2023-09-05,19:00,117.55,44.64,0.45,19.55,63.78
2023-09-05,20:00,90.55,50.74,49.53,15.05,54.87
2023-09-05,21:00,88.57,24.71,109.42,16.67,29.16
2023-09-05,22:00,61.24,-0.27,95.97,3.94,18.82
2023-09-05,23:00,87.33,-10.97,62.78,7.35,59.79
2023-09-05,00:00,52.35,29.06,94.75,2.31,51.88
2023-09-06,01:00,-16.02,10.67,-40.79,-0.41,11.39
2023-09-06,02:00,17.8,28.6,41.6,-1.79,46.84
2023-09-06,03:00,-0.99,-24.73,14.69,6.38,31.61
2023-09-06,04:00,-48.95,-4.36,-66.31,4.67,1.98
2023-09-06,05:00,-45.17,13.46,56.75,8.06,-28.16
2023-09-06,06:00,2.14,31.41,-18.04,0.75,35.47
2023-09-06,07:00,25.12,23.63,35.67,9.31,8.81
2023-09-06,08:00,75.58,54.88,-13.6,23.97,83.17
2023-09-06,09:00,55.69,47.53,-14.34,24.58,90.22
2023-09-06,10:00,5.59,2.38,84.44,25.62,82.92
2023-09-06,11:00,4.47,37.2,93.45,20.74,72.98
2023-09-06,12:00,95.05,16.45,13.54,12.34,11.41
2023-09-06,13:00,36.99,42.1,-19.71,20.86,104.49
2023-09-06,14:00,10.96,-11.07,85.78,22.5,50.1
2023-09-06,15:00,65.14,47.81,49.28,8.34,113.16
2023-09-06,16:00,109.68,47.55,-37.79,14.07,92.12
2023-09-06,17:00,117.37,18.73,39.5,19.79,80.13
2023-09-06,18:00,18.72,41.44,122.25,6.42,58.17
2023-09-06,19:00,-1.29,-16.66,104.28,7.33,67.07
2023-09-06,20:00,24.46,36.03,-57.44,-1.6,76.57
2023-09-06,21:00,40.31,26.54,103.52,14.23,2.62
2023-09-06,22:00,5.46,21.46,-27.63,1.73,-12.87
2023-09-06,23:00,89.61,39.9,-30.7,-1.42,-27.9
2023-09-06,00:00,-36.85,4.14,40.13,-2.75,-9.32
2023-09-07,01:00,-9.76,23.45,-60.6,10.21,-23.83
2023-09-07,02:00,29.18,0.72,3.14,-3.09,71.1
2023-09-07,03:00,7.68,34.67,82,9.34,-1.86
2023-09-07,04:00,16.21,38.34,56.46,12.83,72.24
2023-09-07,05:00,36.4,5.63,-27.2,-4.27,-36.53
2023-09-07,06:00,42.09,-23.47,40.58,7.28,-17.73
2023-09-07,07:00,58.18,-1.8,122.43,14.32,44
2023-09-07,08:00,100.11,51.98,73.41,13.25,22.71
2023-09-07,09:00,62.09,56.26,106.52,13.88,28.71
2023-09-07,10:00,97.13,19.06,136.65,17.07,92.18
2023-09-07,11:00,45.56,9.04,118.17,22.8,68.22
2023-09-07,12:00,124.04,35.61,5.12,25.54,20.55
2023-09-07,13:00,119.1,9.13,5.88,20.29,91.63
2023-09-07,14:00,100.14,-1.16,-6.89,10.25,23.87
2023-09-07,15:00,60.83,-1.63,64.83,23.66,68.35
2023-09-07,16:00,89.22,-16.98,-2.83,10.12,14.26
2023-09-07,17:00,14.46,41.46,69.54,15.47,24.67
2023-09-07,18:00,65.36,7.21,-20.96,2.92,30.87
2023-09-07,19:00,45.81,-15.65,-38.08,8.39,15.16
2023-09-07,20:00,21.2,42.93,80.36,13.12,59.48
2023-09-07,21:00,93.93,27.1,120.93,2.13,86.51
2023-09-07,22:00,103.34,31.06,70.53,9.4,80
2023-09-07,23:00,93.62,10.27,70.88,5.22,-8.74
2023-09-07,00:00,85.14,8.23,-20.49,11.1,78.22
2023-09-08,01:00,43.39,7.79,99.34,6.11,11.27
2023-09-08,02:00,89.49,44.05,60.2,8.78,-24.52
2023-09-08,03:00,60.05,25.15,-35.87,3.31,35.62
2023-09-08,04:00,-37.63,16.62,-47.61,12.6,-16.51
2023-09-08,05:00,11.78,42.52,96.86,4.53,34.38
2023-09-08,06:00,64.27,33,-36.45,11.21,60.63
2023-09-08,07:00,-34.06,16.44,-57.52,9.92,61.91
2023-09-08,08:00,116.32,43.59,132.48,-0.18,51.85
2023-09-08,09:00,11.84,49.56,138.24,18.82,6.99
2023-09-08,10:00,-7.82,36.17,96.4,13.25,36.65
2023-09-08,11:00,33.47,30.64,41.37,15.18,50.42
2023-09-08,12:00,99.78,11.95,61.64,15.01,13.81
2023-09-08,13:00,-6.58,-20.12,-9.47,16.96,14.18
2023-09-08,14:00,97.7,-3.99,115.34,21.05,80.04
2023-09-08,15:00,-15.23,12.84,97.22,3.29,31.15
2023-09-08,16:00,120.66,-8.65,133.29,17.56,55.84
2023-09-08,17:00,-9.09,5.91,50.17,22.58,50.38
2023-09-08,18:00,14.87,24.87,66.01,4.62,57.5
2023-09-08,19:00,71.33,22.45,122.75,7.53,43.19
2023-09-08,20:00,28.88,44.04,4.06,7.46,70.35
2023-09-08,21:00,-18.46,34.85,116.87,2.46,30.18
2023-09-08,22:00,72.67,-15.36,77.09,15.78,72.41
2023-09-08,23:00,37.11,15.44,75.64,0.97,44.45
2023-09-08,00:00,-38.21,-13.7,29.24,13.1,-27.99
2023-09-09,01:00,-22.12,24.68,22.33,-0.33,8.33
2023-09-09,02:00,-25.79,-19.29,29.91,7.41,24.05
2023-09-09,03:00,-26.47,-16.61,80.46,-3.07,-9.32
2023-09-09,04:00,67.95,43.07,29.77,11.66,63.83
2023-09-09,05:00,73.67,0.57,18.98,5.01,-13.53
2023-09-09,06:00,67.78,3.32,88.42,5.54,42.22
2023-09-09,07:00,57.98,22.25,107.95,-3.53,53.95
2023-09-09,08:00,-0.79,-7.31,-22.7,-2.6,-29.73
2023-09-09,09:00,101.87,46.04,91.1,1.15,92.05
2023-09-09,10:00,-18.69,47.21,9.47,11.68,20.56
2023-09-09,11:00,5.24,43.27,96.63,0.08,97.47
2023-09-09,12:00,102.52,50.59,-47.69,11.14,4.38
2023-09-09,13:00,126.4,18.61,-12.94,11.35,97.8
2023-09-09,14:00,118.36,-5.61,-5.49,16.65,89.41
2023-09-09,15:00,20.27,13.35,-49.39,2.51,58.49
2023-09-09,16:00,42.13,19,12.6,7.9,-14.25
2023-09-09,17:00,19.73,1.5,102.67,-0.12,36.06
2023-09-09,18:00,95.61,5.49,-46.49,13.13,82.82
2023-09-09,19:00,-3.64,-1.6,66.73,-0.17,60.05
2023-09-09,20:00,48.65,32.86,78.33,3.34,20.01
2023-09-09,21:00,34.65,-11.33,115.43,6.15,25.41
2023-09-09,22:00,78.95,-10.8,-34.37,16.75,11.65
2023-09-09,23:00,24.63,-2.82,-54.17,15.36,51.53
2023-09-09,00:00,-28.63,41.72,100.59,2.93,49.82
2023-09-10,01:00,49.67,16.26,18.85,10.02,-22.42
2023-09-10,02:00,10.07,-7.61,88.29,2.06,-18.87
2023-09-10,03:00,-3.47,-8.08,3.05,1.82,14.7
2023-09-10,04:00,50.48,-13.76,-58.76,3.47,0.54
2023-09-10,05:00,-14.86,18.74,-28.02,5.22,58.45
2023-09-10,06:00,78.75,-23.54,3.23,13.08,-12.64
2023-09-10,07:00,-39.04,47.72,41,1.62,55.75
2023-09-10,08:00,-13.85,26.38,-42.86,7.01,53.87
2023-09-10,09:00,81.69,46.98,43.77,11.28,71.97
2023-09-10,10:00,104.95,32.4,39.2,5.7,94.86
2023-09-10,11:00,108.48,3,2.41,8.65,-6.98
2023-09-10,12:00,4.61,-18.92,18.47,14.83,29.81
2023-09-10,13:00,60.47,6.61,105.94,8.35,-13.71
2023-09-10,14:00,-16.19,46.49,-21.82,12.35,-14.63
2023-09-10,15:00,96.62,13.31,127.02,4.2,16.54
2023-09-10,16:00,45.3,30.14,5.74,4.87,-12.09
2023-09-10,17:00,-9.15,11.72,106.08,5.69,-11.73
2023-09-10,18:00,70.24,6.14,97.26,8.66,82.63
2023-09-10,19:00,8.76,27.55,100.53,12.92,79.56
2023-09-10,20:00,-22.56,34.31,12.46,7.17,58.78
2023-09-10,21:00,39.66,6.83,47.41,7,-12.76
2023-09-10,22:00,15.03,12.3,82.38,-1.66,59.67
2023-09-10,23:00,28.47,-0.8,81.6,7.44,38.6
2023-09-10,00:00,94.54,-23.82,65.74,10.36,-25.65
2023-09-11,01:00,11.63,-22.37,16.03,-1.38,36.14
2023-09-11,02:00,-2.95,18.98,19.22,2.95,24.4
2023-09-11,03:00,89.27,20.1,89.05,9.49,-5.99
2023-09-11,04:00,18.45,11.06,19.14,-2.19,35.77
2023-09-11,05:00,-5.26,14.25,-39.45,-4.28,71.13
2023-09-11,06:00,61.57,-18.89,4.97,9.18,59.81
2023-09-11,07:00,18.09,-13.37,33.73,13.07,81.07
2023-09-11,08:00,126.26,-0.63,6.81,8.47,13.6
2023-09-11,09:00,0.19,17.33,25.38,27.61,48.25
2023-09-11,10:00,32.89,8.3,17.84,11.42,20.49
2023-09-11,11:00,34.89,7.05,136.92,11.16,39.24
2023-09-11,12:00,31.03,19.26,101.99,20.48,43.92
2023-09-11,13:00,127.46,-7.44,127.19,12.04,100.13
2023-09-11,14:00,49.42,4.39,-14.33,28.38,28.65
2023-09-11,15:00,26.61,-6.91,54.09,12.79,17.5
2023-09-11,16:00,87.34,-20.02,44.9,16.48,65.32
2023-09-11,17:00,7.18,23.84,-13.91,8.49,72.74
2023-09-11,18:00,44.67,10.27,117.73,8.12,32.76
2023-09-11,19:00,111.03,36.31,61.64,4.46,76.21
2023-09-11,20:00,111.87,41.34,109.19,6.36,54.32
2023-09-11,21:00,44.34,12.64,107.89,0.72,41.19
2023-09-11,22:00,47.69,52.59,34.58,12.18,11.6
2023-09-11,23:00,83.17,-1.68,88.11,7.52,-27.97
2023-09-11,00:00,98.44,-15.52,99.75,10.58,51.69
2023-09-12,01:00,7.95,32.46,52.22,2.44,-14.14
2023-09-12,02:00,-50.64,-3.18,44.36,4.63,67.39
2023-09-12,03:00,33.05,3,22.85,-4.74,63.81
2023-09-12,04:00,31.96,3.33,44.36,9.79,-14.46
2023-09-12,05:00,23.14,-19.41,80.03,9.57,46.57
2023-09-12,06:00,-28.95,-18.13,47.74,-2.38,75.47
2023-09-12,07:00,15.05,15.42,38.58,-1.94,75.41
2023-09-12,08:00,94.34,41.16,-23.37,19.81,0.38
2023-09-12,09:00,18.72,24.66,73.15,4.74,47.7
2023-09-12,10:00,89.82,46.59,-27.32,19.05,101.99
2023-09-12,11:00,21.26,17.69,23.47,17.08,53.42
2023-09-12,12:00,58.05,48.25,-32.57,12.75,106.91
2023-09-12,13:00,108.62,21.65,20.88,20.28,85.27
2023-09-12,14:00,6.23,43.66,-1.39,11.85,91.13
2023-09-12,15:00,83.07,33.41,9.75,16.95,110.76
2023-09-12,16:00,95.53,32.01,130.63,13.64,27.32
2023-09-12,17:00,105.74,-16.67,55.39,23.58,98.41
2023-09-12,18:00,76.26,16.01,123.95,11.15,63.29
2023-09-12,19:00,61,33.25,50.34,6.19,81.9
2023-09-12,20:00,98.44,-17.15,28.15,2.73,83.77
2023-09-12,21:00,31.43,27.42,106.41,11.41,-23.57
2023-09-12,22:00,43.19,24.02,51.92,11.27,9.6
2023-09-12,23:00,-31.4,29.83,-35.55,6.81,17.43
2023-09-12,00:00,63.78,9.42,-17.07,12.15,-15.72
2023-09-13,01:00,77.29,36.64,-33.11,3.94,12.94
2023-09-13,02:00,30.69,-23.55,106.12,5.43,6.72
2023-09-13,03:00,-28.88,21.35,-9.9,8.57,1.69
2023-09-13,04:00,50,39.41,37.26,7.16,54.94
2023-09-13,05:00,39.29,36.58,59.8,11.68,33.46
2023-09-13,06:00,46.23,9.31,3.08,-2.18,-35.82
2023-09-13,07:00,-25.98,25.2,122.79,4.22,-25.45
2023-09-13,08:00,115.37,29.61,116.1,7.86,78.92
2023-09-13,09:00,31.82,17.62,137.34,15.12,96.02
2023-09-13,10:00,92.9,-17.61,99.18,4.18,54.7
2023-09-13,11:00,-5.89,43.94,127.84,8.33,23.32
2023-09-13,12:00,128.2,31.77,59.46,14.02,-0.47
2023-09-13,13:00,-8.93,21.15,38.51,8.44,5.83
2023-09-13,14:00,11.01,-9.06,113.04,11.98,49.47
2023-09-13,15:00,90.38,-4.66,56.77,18.93,20.22
2023-09-13,16:00,98.52,18.87,16.83,15.07,-2.21
2023-09-13,17:00,98.38,-18.82,-15.95,10.57,99.44
2023-09-13,18:00,82.69,49.81,-16.88,12.97,24.53
2023-09-13,19:00,2.18,37.8,16.16,6.15,31.91
2023-09-13,20:00,84.83,49.8,-39.18,10.2,28.25
2023-09-13,21:00,99.08,54.31,-28.1,10.37,36.99
2023-09-13,22:00,84.55,-15.52,88.54,-1.54,-12.54
2023-09-13,23:00,102.94,27.49,4.29,6.96,-22.22
2023-09-13,00:00,-21.61,-14.92,-7.89,2.22,41.97
2023-09-14,01:00,63.73,36.32,-34.03,11.57,-33.21
2023-09-14,02:00,13.26,16.3,1.87,10.23,-34.81
2023-09-14,03:00,22.86,-3.21,-5.9,12.84,48.85
2023-09-14,04:00,3.59,45.5,-43.19,-0.55,37.73
2023-09-14,05:00,55.97,6.35,-26.15,1.88,2.62
2023-09-14,06:00,30.6,-3.35,63.08,6.33,-17.58
2023-09-14,07:00,62.81,28.34,55.95,12.68,34.51
2023-09-14,08:00,66.86,23.32,115.07,19.91,56.2
2023-09-14,09:00,5.08,-8.89,130.41,13.62,68.04
2023-09-14,10:00,71.99,28.97,-26.49,8.26,8.43
2023-09-14,11:00,109.23,20.98,83.96,14,101.11
2023-09-14,12:00,72.83,20.77,53.4,7.72,6.7
2023-09-14,13:00,114.6,44.27,-31.01,12.78,13.75
2023-09-14,14:00,73.8,34.82,-6.18,20.03,98.12
2023-09-14,15:00,93.2,14.83,128.36,6.13,101.91
2023-09-14,16:00,34.24,12.21,1.89,10.91,84.76
2023-09-14,17:00,-8.05,21.7,45.92,8.03,104.01
2023-09-14,18:00,23.71,8.9,0.12,13.83,54.28
2023-09-14,19:00,32.97,-12.2,53.33,-0.85,40.26
2023-09-14,20:00,-13.79,36.14,9.01,7.91,22.53
2023-09-14,21:00,28.54,-11.26,67.67,10.1,93.86
2023-09-14,22:00,51.61,25.5,-30.17,9.87,3.66
2023-09-14,23:00,53.06,30.46,79.07,2.36,83.08
2023-09-14,00:00,85.06,28.64,-43.23,-2.43,-31.61
2023-09-15,01:00,72.4,-4.33,-14.25,2.73,49.4
2023-09-15,02:00,28.91,17.54,89.81,2.88,-38.5
2023-09-15,03:00,8.11,-15.05,38.79,14.58,-22.62
2023-09-15,04:00,52.62,34.11,21.55,0.62,-41.11
2023-09-15,05:00,-20.72,12.15,29.52,7.98,-31.7
2023-09-15,06:00,-15.13,-6.3,-25.51,15.43,21.74
2023-09-15,07:00,39.39,-10.56,12.52,19.08,54.35
2023-09-15,08:00,-9.89,-11.65,115.21,11.47,86.31
2023-09-15,09:00,-4.05,53.47,15.46,6.79,16.41
2023-09-15,10:00,128.02,-13.05,130.52,12.34,101.47
2023-09-15,11:00,13.1,21.57,92,3.29,75.64
2023-09-15,12:00,-11.82,0.94,109.07,13.47,58.03
2023-09-15,13:00,17.88,-8.87,96.14,2.02,30.64
2023-09-15,14:00,118.88,-1.55,10.2,1.83,33.01
2023-09-15,15:00,33.9,13.94,105.62,5.74,89.81
2023-09-15,16:00,76.51,4.85,-27.61,9.27,-0.67
2023-09-15,17:00,43.36,8.57,39.68,10.95,72.45
2023-09-15,18:00,-6.27,37.41,32.03,18.72,100.56
2023-09-15,19:00,101.62,14.61,42.67,6.26,53.53
2023-09-15,20:00,1.08,4.8,29.51,-0.52,-3.8
2023-09-15,21:00,64.8,3.57,87.63,3.34,0.15
2023-09-15,22:00,-26.03,51.49,-43.37,-2.01,83.4
2023-09-15,23:00,17.27,36.74,72.03,-1.23,61.81
2023-09-15,00:00,5.85,22.42,-12.69,9.37,63.7
2023-09-16,01:00,88.86,-8.67,18.27,5.14,50.07
2023-09-16,02:00,-52.63,-8.53,90.64,-2.7,67.84
2023-09-16,03:00,-22.33,-6.56,-23.98,11.39,70.15
2023-09-16,04:00,78.28,36.54,-6.66,2.72,45.83
2023-09-16,05:00,-11.02,-21.31,-4.62,-1.89,46.74
2023-09-16,06:00,11.5,-5.36,82.27,9.98,-31.02
2023-09-16,07:00,-31.01,31.03,-43.79,2.65,14.64
2023-09-16,08:00,71.34,25.67,84.72,-1.49,70.48
2023-09-16,09:00,-25.33,6.64,49.93,9.79,81.55
2023-09-16,10:00,29.97,5.76,34.4,7.73,82.29
2023-09-16,11:00,91.05,47.9,97.11,12.85,56.08
2023-09-16,12:00,92.16,34.92,109.74,6.06,39.48
2023-09-16,13:00,81.89,39.01,49.72,9.67,8.51
2023-09-16,14:00,74.66,12.92,97.12,3.06,11.52
2023-09-16,15:00,3.67,2.81,117.26,4.88,66.27
2023-09-16,16:00,-0.02,8.82,14.61,0.94,13.34
2023-09-16,17:00,-8.71,27.4,45.2,-0.95,29.61
2023-09-16,18:00,-27.15,33.79,-35.54,13.34,51.53
2023-09-16,19:00,15.19,41.7,64.66,8.25,59.96
2023-09-16,20:00,27.79,20.69,96.05,9.71,-6.41
2023-09-16,21:00,40.9,1.32,33.53,3.02,59.26
2023-09-16,22:00,49.84,39.99,-42.15,5.42,-12.12
2023-09-16,23:00,32.61,-11.25,-15.2,10.31,27.17
2023-09-16,00:00,-27.17,1.94,17.1,-1.46,-15.39
2023-09-17,01:00,5.33,37.54,90.59,9.27,10.86
2023-09-17,02:00,46.26,-7.66,-32.6,-3.66,-14.84
2023-09-17,03:00,42.86,-21.47,33.73,0.15,23.85
2023-09-17,04:00,-20.02,6.83,95.75,-2.78,-12.22
2023-09-17,05:00,-9.13,13.88,-50.68,-3.34,0.2
2023-09-17,06:00,30.16,7.9,62.69,-0.97,36.05
2023-09-17,07:00,-31.82,-2.69,80.18,-4.49,47.83
2023-09-17,08:00,71.91,10.79,-22.08,11.21,63.47
2023-09-17,09:00,27.15,30.57,-30.96,2.33,62.23
2023-09-17,10:00,74.11,-4,3.02,11.13,37.88
2023-09-17,11:00,113.86,46.18,32.46,13.6,-5.2
2023-09-17,12:00,7.27,5.85,65.17,11.61,22.51
2023-09-17,13:00,-20.94,32.71,33.83,0.73,83.93
2023-09-17,14:00,-10.47,19.82,48.67,7.15,62.2
2023-09-17,15:00,97.39,-2.01,-39.35,9,58.61
2023-09-17,16:00,59.41,18.37,76.07,12.82,13.54
2023-09-17,17:00,29.3,33.58,-3.81,14.56,21.34
2023-09-17,18:00,26.3,35.08,125.1,10.39,35.69
2023-09-17,19:00,8.88,-4.07,58.43,7.05,43.33
2023-09-17,20:00,114.96,21.59,22.77,0.84,11.3
2023-09-17,21:00,105.35,10.49,79.4,6.01,29.3
2023-09-17,22:00,30.21,-4.24,61.88,2.7,-2.35
2023-09-17,23:00,12.47,-2.96,110.55,0.7,66.89
2023-09-17,00:00,41.58,-11.13,61.97,-0.59,10.27
2023-09-18,01:00,7.66,25.86,10.15,4.04,44.19
2023-09-18,02:00,-33.87,12.67,-27.5,-3.96,62.24
2023-09-18,03:00,38.85,42.94,27.9,11.76,-7.14
2023-09-18,04:00,68.65,-20.61,29.66,12.42,42.2
2023-09-18,05:00,45.47,-10.97,-53.71,-3.33,26.85
2023-09-18,06:00,30.33,34.09,-56.44,10.3,74.43
2023-09-18,07:00,98.51,1.31,57.39,3.19,64.57
2023-09-18,08:00,75.06,57.54,80.01,11.3,61.18
2023-09-18,09:00,6.36,14.99,86,7.39,35.26
2023-09-18,10:00,-1.57,-11.89,79.61,13.91,79.1
2023-09-18,11:00,35.46,-15.74,37.29,15.47,62.04
2023-09-18,12:00,127.6,48.21,127.99,9.3,83.71
2023-09-18,13:00,118.51,53.38,70.99,12.92,79.85
2023-09-18,14:00,121.76,11.86,72.32,26.67,61.57
2023-09-18,15:00,89.39,9.28,18.24,14.14,33.18
2023-09-18,16:00,27.57,-1.03,70.93,14.21,13.28
2023-09-18,17:00,83.03,15.92,18.28,12.09,-4.62
2023-09-18,18:00,70.77,-2.87,-27.72,13.65,31.16
2023-09-18,19:00,93.05,49.66,101.41,9.84,42.61
2023-09-18,20:00,-6.25,18.41,26.33,7.55,-9.85
2023-09-18,21:00,0.74,55.33,35.56,6.01,86.38
2023-09-18,22:00,95.2,41.55,-23.12,4.88,66.77
2023-09-18,23:00,60.9,35.66,-33.69,9.28,57.38
2023-09-18,00:00,54.49,47.08,77.74,-1.25,59.17
2023-09-19,01:00,-36.17,-3.12,-36.86,7.37,56.45
2023-09-19,02:00,-12.07,20.55,19.42,10.87,68.29
2023-09-19,03:00,-49.51,25.18,-65.01,-0.77,63.53
2023-09-19,04:00,18.72,-12.33,83.35,-4.13,9.01
2023-09-19,05:00,79.81,5.53,-24.94,-2.58,-23.1
2023-09-19,06:00,-6.18,-0.99,-3.38,7.47,5.55
2023-09-19,07:00,97.98,14.63,112.7,13.13,65.03
2023-09-19,08:00,-11.38,32.15,-20.94,3.11,-4.64
2023-09-19,09:00,26.5,4.63,-39.92,6.19,106.03
2023-09-19,10:00,69.81,-11.62,-1.43,4.78,67.74
2023-09-19,11:00,45.26,12.72,72.97,11.95,89.66
2023-09-19,12:00,121.62,-9.55,88.59,18.77,96.1
2023-09-19,13:00,76.68,-19.81,68.99,11.7,69.94
2023-09-19,14:00,124.19,-9,86.33,17.28,86.99
2023-09-19,15:00,5.54,44.28,-37.8,20.58,72.83
2023-09-19,16:00,77.04,19.74,54.2,20.83,77.11
2023-09-19,17:00,58.13,11.79,118.35,17.4,98.49
2023-09-19,18:00,89.82,48.75,-45.36,18.97,-3.83
2023-09-19,19:00,1.01,51.73,36.17,5.93,91.32
2023-09-19,20:00,40.89,-2.21,35.05,2.88,41.65
2023-09-19,21:00,81.01,-3.09,-31.53,-0.83,54.65
2023-09-19,22:00,28.79,-3.02,91.61,1.34,9.56
2023-09-19,23:00,39.47,21.03,3.68,9.97,64.28
2023-09-19,00:00,-36.18,30.31,27.62,14.79,7.27
2023-09-20,01:00,41.53,37.19,-13.89,7.01,19.09
2023-09-20,02:00,92.61,27,93.39,0.07,68.15
2023-09-20,03:00,-39.37,-10.52,0.35,10.28,38.15
2023-09-20,04:00,5.9,6.32,53.17,11.98,-19.27
2023-09-20,05:00,-40.48,-27.93,-40.65,4.32,51.53
2023-09-20,06:00,21.97,9.27,54.27,7.63,-31.43
2023-09-20,07:00,10.89,10.53,2.14,8.38,77.37
2023-09-20,08:00,-2.52,23,98.2,17.75,86.58
2023-09-20,09:00,55.35,18.08,3.03,14.32,14.68
2023-09-20,10:00,49.57,49.43,46.05,3.71,18.36
2023-09-20,11:00,65.65,46.83,9.8,19.2,55.43
2023-09-20,12:00,-7.68,-2.62,89.65,4.75,89.93
2023-09-20,13:00,110.67,-18.76,7.58,17.77,47.37
2023-09-20,14:00,8.24,2.51,92.38,0.11,15.46
2023-09-20,15:00,47.94,43.99,31.06,11.68,79.66
2023-09-20,16:00,25.36,-11.55,-22.27,16.2,79.83
2023-09-20,17:00,-24.23,-20.86,113.66,22.09,17.2
2023-09-20,18:00,-7.02,4.2,16.02,5.2,28.44
2023-09-20,19:00,54.6,40.95,123.79,19.12,16.21
2023-09-20,20:00,-21.01,43.07,-44.61,10.1,55.92
2023-09-20,21:00,69.31,49.82,33.93,2.8,4.38
2023-09-20,22:00,112.65,46.65,-17.85,11.42,36.26
2023-09-20,23:00,57.82,-10.96,72.2,7.28,-9.9
2023-09-20,00:00,100.71,-1.13,-45.22,2.8,62.28
2023-09-21,01:00,41.76,44.78,30.94,11.56,-28.84
2023-09-21,02:00,38.32,11.91,-50.1,14.3,11.13
2023-09-21,03:00,-39.01,1.91,-40.95,8.33,60.38
2023-09-21,04:00,43.76,23.13,69.6,3.16,50.45
2023-09-21,05:00,40.98,44.63,0.6,-0.87,-37.75
2023-09-21,06:00,-32.93,2.35,-29.69,10.7,62.41
2023-09-21,07:00,-40.45,29.7,-21.99,7.69,77.85
2023-09-21,08:00,1.95,7.17,47.8,18.72,82.01
2023-09-21,09:00,27.74,11.28,50.87,13.12,36.5
2023-09-21,10:00,19.28,2.86,16.73,5.44,90.97
2023-09-21,11:00,95.79,40.96,-33.55,11.56,20.55
2023-09-21,12:00,62.84,9.18,-30.32,3.79,31.7
2023-09-21,13:00,-19.85,48.2,62.26,10.82,-6.41
2023-09-21,14:00,27.77,39.36,78.22,13.21,79.14
2023-09-21,15:00,42.02,11.87,125.95,18.86,33.1
2023-09-21,16:00,-17.13,-7.65,-15.26,10.01,68.6
2023-09-21,17:00,-8.44,-23.67,-15.63,5.89,66.48
2023-09-21,18:00,0.19,-21.55,79.88,-0.94,78.06
2023-09-21,19:00,81.58,17.6,0.36,-1.64,33.92
2023-09-21,20:00,3.03,23.66,82.03,11.22,-8.52
2023-09-21,21:00,100.95,37.15,-10.98,0.29,75.06
2023-09-21,22:00,42.89,3.6,22.5,12.36,42.62
2023-09-21,23:00,41.86,41.64,51.1,8.74,62.76
2023-09-21,00:00,-15.6,-22.45,26.27,7.27,-1.17
2023-09-22,01:00,-44.26,-15.61,-31.04,8.22,24.81
2023-09-22,02:00,-36.42,45.17,52.48,6.52,13.87
2023-09-22,03:00,35.14,3.03,-24.85,-0.99,-9.59
2023-09-22,04:00,69.69,41.56,56.85,-3.19,-14.9
2023-09-22,05:00,16.57,1.13,102.35,5.81,51.11
2023-09-22,06:00,49.2,-12.33,-40.95,13.55,-8.11
2023-09-22,07:00,96.15,-15.65,-40.78,15.87,-2.35
2023-09-22,08:00,60.08,-4.34,105.65,4.8,18.59
2023-09-22,09:00,-2.34,39.03,34.69,13.07,36.75
2023-09-22,10:00,7.25,-11.85,103.13,13.93,14.39
2023-09-22,11:00,104.63,-22.13,-12.53,12.9,72.56
2023-09-22,12:00,53.59,31.67,13.25,8.5,-3.81
2023-09-22,13:00,113.81,-1.8,1.11,14.98,-4.89
2023-09-22,14:00,55.76,25.45,-21.76,12.99,94.29
2023-09-22,15:00,62.62,9.87,133.06,12.52,45.14
2023-09-22,16:00,96.36,-3.23,84.74,19.14,69.1
2023-09-22,17:00,92.76,45.28,11.86,4.65,67.01
2023-09-22,18:00,42.89,41.27,-30.3,18.75,29.32
2023-09-22,19:00,65.89,7.71,45.09,3.93,65.72
2023-09-22,20:00,0.02,18.77,37.91,11.72,56.64
2023-09-22,21:00,48.23,2.63,7.25,8.22,1.46
2023-09-22,22:00,-26.91,45.1,25.28,13.07,44.64
2023-09-22,23:00,-2.74,-20.58,66.05,4.98,65.19
2023-09-22,00:00,-10.68,46.94,101.6,10.25,-4.01
2023-09-23,01:00,-13.77,25.64,77.94,5.21,26.84
2023-09-23,02:00,44.16,-8.32,-8.98,6.56,24.85
2023-09-23,03:00,60.4,19.74,72.94,-2.56,-22.44
2023-09-23,04:00,-49.32,-17.5,3.28,-2.02,24.2
2023-09-23,05:00,70.06,30.43,58.47,4.46,11.12
2023-09-23,06:00,28.43,18.16,-56.51,6.68,52.62
2023-09-23,07:00,95.43,14.17,112.3,4.48,-32.56
2023-09-23,08:00,-14.41,-9.8,-39.39,4.68,79.47
2023-09-23,09:00,-6.27,-11.53,41.33,8.17,-23.91
2023-09-23,10:00,42.16,21.09,-8.36,8.85,73.61
2023-09-23,11:00,27.54,-4.69,-2.23,1.9,31.64
2023-09-23,12:00,75.75,15.18,80.5,8.35,51.73
2023-09-23,13:00,70.02,16.71,118.79,12.06,-15.42
2023-09-23,14:00,68.81,6.92,87.59,-0.67,2.67
2023-09-23,15:00,71.04,16.86,-24.11,14.38,82.86
2023-09-23,16:00,33.12,-10.87,73.45,11.95,80.7
2023-09-23,17:00,0.04,-4.29,-32.06,0.63,0.22
2023-09-23,18:00,0.66,-21.85,90.87,2.59,91.57
2023-09-23,19:00,31.25,-6.11,-16.8,-0.27,-5.29
2023-09-23,20:00,-27.44,43.76,101.98,1.86,40.52
2023-09-23,21:00,-1.5,3.81,48.55,1.82,23.52
2023-09-23,22:00,48.45,-9.38,67.98,-1.09,8.11
2023-09-23,23:00,3.61,1.78,17.48,4.07,71.06
2023-09-23,00:00,46.12,5.92,101.81,4.23,-2.03
2023-09-24,01:00,-25.52,2.55,103.07,3.95,75.71
2023-09-24,02:00,88.5,34.81,-62.95,4.13,57.59
2023-09-24,03:00,68.02,-14.32,-26.95,0.27,-18.82
2023-09-24,04:00,57.73,-20.8,61.94,0.14,42.18
2023-09-24,05:00,35.05,-19.07,2.25,5.35,-0.14
2023-09-24,06:00,-5.05,35.86,72.99,11.91,18.44
2023-09-24,07:00,28.86,14.12,86.25,-1.8,-21.31
2023-09-24,08:00,88.44,-6.1,39.24,8.69,-8.32
2023-09-24,09:00,59.33,15.62,107.15,11.04,70.92
2023-09-24,10:00,-11.14,6.3,103.58,1.1,72.98
2023-09-24,11:00,89.2,44.14,-6.45,9.51,57.48
2023-09-24,12:00,-3.84,32.46,-39.17,3.02,8.42
2023-09-24,13:00,-22.59,15.68,0.63,5.58,-21.41
2023-09-24,14:00,-23.98,28.47,99.58,6.66,28.77
2023-09-24,15:00,-21.62,29.94,-17.33,2.42,75.37
2023-09-24,16:00,110.74,-1,20.25,-2.56,76.37
2023-09-24,17:00,-2.3,4.46,-13.21,3.58,76.77
2023-09-24,18:00,2.1,51.74,81.86,10.82,-0.43
2023-09-24,19:00,99.19,-16.15,-43.67,12.26,80.17
2023-09-24,20:00,55.07,-4.37,-8.87,11.68,89.08
2023-09-24,21:00,57.07,22.39,-9.68,12.62,4.73
2023-09-24,22:00,99.4,54.55,7.84,5.12,-9.3
2023-09-24,23:00,96.29,30.8,8.49,1.84,24.27
2023-09-24,00:00,-31.22,-5.03,-14.85,-1.24,78.84
2023-09-25,01:00,59.1,17.51,30.55,9.1,28.79
2023-09-25,02:00,53.82,-20.31,81.45,12.08,48.35
2023-09-25,03:00,48.1,-23.88,65.46,-1.87,-9.37
2023-09-25,04:00,67.49,-10.27,-44.99,9.46,16.9
2023-09-25,05:00,5.18,21.41,-1.46,12.58,-33.82
2023-09-25,06:00,44.42,26.71,63.63,15.79,66.66
2023-09-25,07:00,-8.39,8.7,-24.38,18.25,-17.73
2023-09-25,08:00,82.53,53.42,-16.97,5.8,93.43
2023-09-25,09:00,95.94,39.5,137.41,16.1,84.08
2023-09-25,10:00,75.07,-6.17,138.6,18.53,79.41
2023-09-25,11:00,65.64,22.81,80.75,16.05,88.62
2023-09-25,12:00,57.66,27.43,17.75,7.97,60.32
2023-09-25,13:00,33.29,0.57,71.81,7.35,93.8
2023-09-25,14:00,1.41,50.16,59.3,3.89,18.55
2023-09-25,15:00,31.78,45.34,-22.93,9.34,100.39
2023-09-25,16:00,99.79,-1.99,1.93,22.58,1.9
2023-09-25,17:00,-20.53,-16.75,63.74,5.21,72.68
2023-09-25,18:00,41.38,28.29,16.3,4.66,83.48
2023-09-25,19:00,58.41,18.28,30.48,2.74,45.95
2023-09-25,20:00,21.08,26.74,51.67,15.61,18.64
2023-09-25,21:00,84.62,32.68,114.73,11.88,21.18
2023-09-25,22:00,107.65,-6.27,-8.07,14.36,85.26
2023-09-25,23:00,30.08,15.71,16.67,-1.3,25.32
2023-09-25,00:00,10.36,35.28,92.99,8.41,20.81
2023-09-26,01:00,-44.92,-11.33,103.01,4.47,10.94
2023-09-26,02:00,9.94,-0.25,105.49,5.84,-5.97
2023-09-26,03:00,-10.02,-3.47,-56.59,8.84,-0.42
2023-09-26,04:00,68.18,-14.63,-12.34,-4.18,30.05
2023-09-26,05:00,43.6,-14.25,57.01,1.1,29.7
2023-09-26,06:00,53.08,-22.28,-53.11,7.13,7.84
2023-09-26,07:00,79.67,-8.85,107.3,10.87,50.36
2023-09-26,08:00,-5.41,9.78,85.55,5.14,12.83
2023-09-26,09:00,44.45,-14.29,41.4,12.36,32.93
2023-09-26,10:00,117.39,-4.24,44.57,12.59,-3.91
2023-09-26,11:00,98.4,11.73,-32.9,18.92,-3.45
2023-09-26,12:00,101.71,36.39,-15.69,7.38,16.89
2023-09-26,13:00,44.42,-16.88,15.77,6.54,-15.81
2023-09-26,14:00,-6.3,3.52,98.12,14.84,91.98
2023-09-26,15:00,90.39,47.98,90.25,15.43,83.65
2023-09-26,16:00,31.88,9.13,72.74,6.8,-6.74
2023-09-26,17:00,58.39,1.49,106.06,6.13,74.15
2023-09-26,18:00,116.41,49.29,90.49,4.63,-8.7
2023-09-26,19:00,43.56,1.27,120.5,9.99,22.8
2023-09-26,20:00,45.93,-4.6,0.87,6.94,75.17
2023-09-26,21:00,19.68,15.59,130.74,5.45,30.15
2023-09-26,22:00,25.66,53.81,78.59,6.47,80.31
2023-09-26,23:00,56.4,-13.2,131.45,3.68,55.06
2023-09-26,00:00,56.87,46.34,24.57,2.39,-13.29
2023-09-27,01:00,43.36,22.94,85.49,7.86,50.93
2023-09-27,02:00,-37.86,23.68,106.97,-6.79,-17.11
2023-09-27,03:00,20.47,9.12,91.23,9.44,9.39
2023-09-27,04:00,2.48,4.08,-33.83,0.32,-16.19
2023-09-27,05:00,-39.95,30.43,80.22,8.56,56.1
2023-09-27,06:00,92.51,15.35,-2.77,-2.07,-35.49
2023-09-27,07:00,30.08,47.87,111.43,-0.04,49.52
2023-09-27,08:00,44.58,-3.33,111.32,11.47,27.72
2023-09-27,09:00,90.43,6.22,118.36,8.01,4.43
2023-09-27,10:00,48.76,33.75,36.69,4.3,4.75
2023-09-27,11:00,107.06,34.88,65.9,7.84,-10.02
2023-09-27,12:00,-8.1,-19.43,34.26,6.56,9.23
2023-09-27,13:00,51.25,23.93,5.06,3.22,68.44
2023-09-27,14:00,-5.07,15.42,-24.04,3.45,18.67
2023-09-27,15:00,93.57,25.46,118.21,19.59,25.16
2023-09-27,16:00,-20.71,-7.22,6.68,8.45,64.04
2023-09-27,17:00,7.15,49.86,118.58,12.99,44.51
2023-09-27,18:00,14.31,52.85,73.15,16.49,21.37
2023-09-27,19:00,121.78,10.57,67.12,2.88,91.07
2023-09-27,20:00,19.31,41.56,79.91,8.58,19.26
2023-09-27,21:00,67.68,48.65,119.85,11.88,-14.94
2023-09-27,22:00,64.75,11.29,43.81,13.96,37.6
2023-09-27,23:00,-20.44,26.32,61.13,-0.6,75.1
2023-09-27,00:00,24.29,-5.56,45.66,7.21,73.06
2023-09-28,01:00,96.37,15.3,-21.96,0.52,49.6
2023-09-28,02:00,41.24,-8.28,72.05,8.79,74.25
2023-09-28,03:00,-7.98,-8.84,-18.72,3.03,-28.57
2023-09-28,04:00,-24.77,32.6,17.95,-2.36,-22.99
2023-09-28,05:00,38.14,3.35,-9.21,10.34,-20.82
2023-09-28,06:00,95.17,39.26,99.95,0.31,-4.24
2023-09-28,07:00,-29.66,49.73,-42.18,8.64,69.95
2023-09-28,08:00,-15.93,40.46,45.59,0.67,-6.92
2023-09-28,09:00,-39.02,16.71,85.74,12.02,86.23
2023-09-28,10:00,71.83,57,125.05,9.63,13.9
2023-09-28,11:00,-4.26,50.58,112.41,-2.22,83.66
2023-09-28,12:00,-3.09,45.86,-35.28,15.81,41.69
2023-09-28,13:00,-25.76,12.35,108.18,14.11,75.35
2023-09-28,14:00,109.71,-11.85,39.18,1.74,80.35
2023-09-28,15:00,77.33,23.32,70.99,-3.54,19.02
2023-09-28,16:00,-2.83,-13.74,-52.92,10.18,1.34
2023-09-28,17:00,37.97,31.24,33.03,7.16,49.57
2023-09-28,18:00,105.75,-17.92,25.79,6.87,60.12
2023-09-28,19:00,81.76,-2.81,-49.67,5.72,18.34
2023-09-28,20:00,-19.43,46.79,127.22,3.65,10.31
2023-09-28,21:00,79.81,14.49,-47.05,-0.3,43.94
2023-09-28,22:00,34.3,50.3,51.35,9.06,54.65
2023-09-28,23:00,83.19,34.28,-30.86,-3.39,68.45
2023-09-28,00:00,5.16,33.24,25.58,-3.92,29.4
2023-09-29,01:00,28.24,14.65,-28.41,5.75,-0.96
2023-09-29,02:00,-27.81,29.97,108.56,5.1,-13.01
2023-09-29,03:00,36.81,42.57,-0.56,-3.99,24.03
2023-09-29,04:00,9.9,21.57,-44.23,0.33,6.61
2023-09-29,05:00,-2.76,-20.79,59.86,-4.55,64.54
2023-09-29,06:00,-45.41,44.35,29.14,11.99,21.47
2023-09-29,07:00,-40.96,24.81,-65.94,-3.95,76.91
2023-09-29,08:00,38.08,55.78,43.45,-0.27,76.09
2023-09-29,09:00,11.06,0.91,-9.59,4.49,17.15
2023-09-29,10:00,27.92,14.02,94.15,2.49,67.62
2023-09-29,11:00,20.9,22.01,38.15,2.57,-19.25
2023-09-29,12:00,5.36,30.59,72.68,-2.11,15.94
2023-09-29,13:00,103.94,27.56,26.29,7.68,52.44
2023-09-29,14:00,39.01,36.74,-7.89,6.51,29.88
2023-09-29,15:00,-36.14,28.75,57.21,10.95,-25.7
2023-09-29,16:00,-32.45,-1.55,86.45,14.16,15.5
2023-09-29,17:00,76.3,-20.94,-15.19,5.9,63.24
2023-09-29,18:00,84.56,-10.77,108.33,5.47,79.88
2023-09-29,19:00,41.8,21.93,35.92,-1.43,27.25
2023-09-29,20:00,16.24,7.22,38.14,10.95,17.3
2023-09-29,21:00,99.16,52.2,119.53,4.97,-14.07
2023-09-29,22:00,58.48,-9.54,111.97,2.69,46.88
2023-09-29,23:00,-34.97,43.61,-17.7,9.32,-16.41
2023-09-29,00:00,-25.02,-11.47,29.58,13.4,37.15
2023-09-30,01:00,54.69,28.72,-47.81,7.18,45.88
2023-09-30,02:00,16.36,-24.17,11.85,4.34,23.64
2023-09-30,03:00,22.43,41.94,-5.83,10.35,12.19
2023-09-30,04:00,86.2,13.67,20.16,8.18,59.01
2023-09-30,05:00,21.13,35.08,66.53,10.22,25.7
2023-09-30,06:00,-2.07,-19.39,39.01,3.24,69.86
2023-09-30,07:00,-16.78,-14.07,91.85,11.32,-29.19
2023-09-30,08:00,57.74,39.71,62.44,12.96,-31.61
2023-09-30,09:00,83.22,56.88,38.73,14.26,53.45
2023-09-30,10:00,-6.29,12.9,-20,11.42,5.22
2023-09-30,11:00,8.31,-14.72,69.25,2.77,24.82
2023-09-30,12:00,49.29,45.2,50.53,9.49,16.77
2023-09-30,13:00,30.78,24.08,102,7.69,56.98
2023-09-30,14:00,21.25,40.42,17.23,-0.87,21.45
2023-09-30,15:00,98,-1.03,84.66,14.45,64.89
2023-09-30,16:00,86.03,-8.4,70.04,-1.68,-25.4
2023-09-30,17:00,107.35,50.13,23.12,5.38,-10.4
2023-09-30,18:00,108.12,31.15,27.82,6.06,22.46
2023-09-30,19:00,114.38,-6.14,8.76,0.4,12.74
2023-09-30,20:00,115.4,20.79,92.56,2.96,2.54
2023-09-30,21:00,42.28,47.2,0.12,0.68,10.5
2023-09-30,22:00,69.78,57.28,60.03,2.9,39.93
2023-09-30,23:00,15.21,14.96,88.03,12.07,-4.99
2023-09-30,00:00,0.12,56.25,36.39,7.8,31.63
2023-10-01,01:00,-33.84,13.35,-7.11,-2.23,42.83
2023-10-01,02:00,32.15,-8.95,58.29,0.99,-28.15
2023-10-01,03:00,-39.12,-10.79,-48.34,-2.37,43.99
2023-10-01,04:00,-20.16,-5.84,107.08,3.19,23.67
2023-10-01,05:00,-45.45,47.83,89.27,11.96,74.21
2023-10-01,06:00,85.6,-12.97,92.39,-3.74,58.74
2023-10-01,07:00,51.45,-0.05,104.34,-1.93,57.08
2023-10-01,08:00,6.62,14.98,93.9,-3.37,13.8
2023-10-01,09:00,110.71,-15.32,66.28,-2.89,45.53
2023-10-01,10:00,33.97,16.68,57.42,-1.01,-3.85
2023-10-01,11:00,-27.9,43.27,6.45,5.35,11.17
2023-10-01,12:00,-16.89,9.15,41.24,6.93,70.97
2023-10-01,13:00,91.8,43.68,-29.1,2.69,34.04
2023-10-01,14:00,46.42,7.83,-21.84,-0.25,56.95
2023-10-01,15:00,26.19,-5.74,-9.13,-0.18,27.03
2023-10-01,16:00,84.4,6.8,25.58,7.42,82.64
2023-10-01,17:00,8.41,9.1,2.72,-1.5,-23.46
2023-10-01,18:00,106.47,-8.3,-53.8,8.47,77.99
2023-10-01,19:00,96.73,50.28,44.08,9.92,82.5
2023-10-01,20:00,-15.21,-6.44,-17.23,13.89,48.63
2023-10-01,21:00,-8.4,4.72,46.4,6.5,15.84
2023-10-01,22:00,8.09,20.31,-30.84,5.33,-8.04
2023-10-01,23:00,-25.06,17.9,99.05,5.14,61.04
2023-10-01,00:00,43.35,37.91,-45.48,1.25,33.18
2023-10-02,01:00,27.87,40.26,7.35,0,45.63
2023-10-02,02:00,-44.37,-10.07,107.95,-2.5,-23.34
2023-10-02,03:00,39.86,-20.02,-31.79,-2.55,25.9
2023-10-02,04:00,10.03,7.99,15.22,-0.29,40.77
2023-10-02,05:00,62.4,10.04,83.91,-2.22,14.4
2023-10-02,06:00,-20.84,36.92,37.48,8.81,53.81
2023-10-02,07:00,-10.3,-15.81,50.9,4.78,72.29
2023-10-02,08:00,90.74,-11.97,-61.53,12.83,18.58
2023-10-02,09:00,11.14,48.81,94.27,6.56,-24.43
2023-10-02,10:00,1.79,-9.54,97.02,8.53,82.16
2023-10-02,11:00,57.47,10.02,121.31,3.3,10.81
2023-10-02,12:00,93.91,41.31,26.54,0.87,41.36
2023-10-02,13:00,-10.72,55.89,21.51,8.95,-14.69
2023-10-02,14:00,74.05,42.36,-14.46,6.8,61.65
2023-10-02,15:00,-16.72,10.27,-22.11,3.58,-19.79
2023-10-02,16:00,61.19,1.15,-27.9,9.87,82.57
2023-10-02,17:00,34.47,-6.42,17.86,9.47,73.85
2023-10-02,18:00,75.87,9.23,111.78,13,34.87
2023-10-02,19:00,31.3,36.03,55.85,13.47,32.18
2023-10-02,20:00,100.8,34.09,95.32,2.96,28.6
2023-10-02,21:00,32.56,-10.57,-21,6.33,27.35
2023-10-02,22:00,51.74,9,68.61,14.49,41.39
2023-10-02,23:00,103.49,29.56,62.91,14.8,3.98
2023-10-02,00:00,42.35,30.88,25.08,-0.24,34.56
2023-10-03,01:00,39.12,8.78,-58.21,14.38,32.89
2023-10-03,02:00,-32.96,22.32,-17.1,8.47,-28.22
2023-10-03,03:00,25.13,-14.18,-8.45,12.21,73.76
2023-10-03,04:00,14.77,-21.58,-44.07,-4.38,-18.76
2023-10-03,05:00,-28.05,21.38,108.88,-0.25,-0.81
2023-10-03,06:00,27.81,-5.81,32.09,6.74,-21.18
2023-10-03,07:00,1.62,-16.22,46.35,8.28,-6.27
2023-10-03,08:00,20.82,25.22,22.74,11.48,-23.54
2023-10-03,09:00,37.25,-14.42,53.16,10.74,20.77
2023-10-03,10:00,10.35,-15,101.81,13.72,73.21
2023-10-03,11:00,-13.55,4.03,23.58,11.68,31.07
2023-10-03,12:00,61.3,35.66,98.98,3.61,-7.54
2023-10-03,13:00,111.95,-12.62,-41.89,5.36,10.24
2023-10-03,14:00,39.67,6.33,24.05,9.64,-17.88
2023-10-03,15:00,40.54,-2.19,-43.13,-0.99,63.6
2023-10-03,16:00,25.25,54.8,18.45,6.21,-18.79
2023-10-03,17:00,33.33,51.82,118.32,-1.12,40.84
2023-10-03,18:00,81.76,-5.29,123.43,9.2,-21.23
2023-10-03,19:00,-22.99,15.84,92.61,16.76,-4.29
2023-10-03,20:00,18.87,9.18,106.31,9.78,-3.41
2023-10-03,21:00,100.55,53.9,-25.54,11.19,65.04
2023-10-03,22:00,57.31,-11.29,-26.35,2.95,82.67
2023-10-03,23:00,-12.67,48.72,-12.12,13.09,45.16
2023-10-03,00:00,31.35,19.87,85.38,13.65,5.37
2023-10-04,01:00,75.52,-15.01,-30.5,0,-10.03
2023-10-04,02:00,-0.61,11.65,-23.21,-0.97,-1.13
2023-10-04,03:00,-26.31,18.39,71.86,6.45,-37.6
2023-10-04,04:00,79.5,45.74,0.73,-2.71,71.99
2023-10-04,05:00,93.78,15.51,4.35,6.65,5.47
2023-10-04,06:00,49.39,45.05,11.66,-1.18,-12.59
2023-10-04,07:00,-15.31,17.02,-27.7,11.17,-11.77
2023-10-04,08:00,85.57,2.75,106.3,8.02,86.78
2023-10-04,09:00,37.5,0.84,117.84,11.33,19.42
2023-10-04,10:00,116.24,41.12,72.77,5.64,-15.11
2023-10-04,11:00,30.33,-20.79,28.2,-0.23,29.51
2023-10-04,12:00,44.89,-3.24,62.84,12.78,52.57
2023-10-04,13:00,24.8,8.36,16.77,11.64,-6.46
2023-10-04,14:00,-0.38,31.29,87.45,17.3,90.55
2023-10-04,15:00,-11.16,32.41,-29.55,15.11,77.23
2023-10-04,16:00,96.51,12.6,123.77,16.55,-19.19
2023-10-04,17:00,81.55,52.45,95.97,14.1,67.3
2023-10-04,18:00,5.57,39.8,59.03,12.32,31.6
2023-10-04,19:00,87.1,47.2,76.09,12.04,-1.29
2023-10-04,20:00,56.63,33.49,33.29,7.98,60.92
2023-10-04,21:00,53.57,49.02,89.68,7.18,23.89
2023-10-04,22:00,42.38,35.99,107.95,1.84,96.74
2023-10-04,23:00,49.17,8.81,108.26,-0.47,3.34
2023-10-04,00:00,7.6,56.41,-3.21,3.11,14.45
2023-10-05,01:00,-6,39.11,48.74,12.86,-16.19
2023-10-05,02:00,57.52,28.22,114.97,10.34,72.69
2023-10-05,03:00,47.82,-4.79,65.37,-0.36,46.71
2023-10-05,04:00,63.71,1.97,110.92,8.5,63.64
2023-10-05,05:00,94.05,37.94,-13.11,1.96,-6.63
2023-10-05,06:00,43.19,10.53,67.09,-0.07,17.14
2023-10-05,07:00,101.16,-4.42,55.69,14.62,28.52
2023-10-05,08:00,23.19,9.49,-4.84,20.01,85.21
2023-10-05,09:00,115.57,24.74,25.7,15.87,53.89
2023-10-05,10:00,80.75,44.83,104.9,-0.52,45.97
2023-10-05,11:00,6,33.53,-14.44,8.51,14.86
2023-10-05,12:00,-10.55,50.18,-10.34,9.35,66.31
2023-10-05,13:00,84.11,14.32,82.38,-1.44,68.61
2023-10-05,14:00,3.27,18.41,76.09,2.37,49.99
2023-10-05,15:00,19.79,45.88,96.33,15.4,-17.41
2023-10-05,16:00,28.93,-4.82,1.11,-1.88,-28.77
2023-10-05,17:00,93.85,49.63,110.71,2.67,65.49
2023-10-05,18:00,-1.47,53.91,140.05,2.54,73.97
2023-10-05,19:00,75.8,-9.69,79.04,14.84,17.08
2023-10-05,20:00,18.47,12.06,78,14.16,80.06
2023-10-05,21:00,84.29,29.94,118.53,4.06,89.12
2023-10-05,22:00,14.72,7.29,48.73,8.56,34.22
2023-10-05,23:00,-0.84,25.14,146.27,0.75,39.67
2023-10-05,00:00,43.29,58.02,92.22,-1.34,96.77
2023-10-06,01:00,76.11,48.13,100.53,-1.51,39.46
2023-10-06,02:00,78.05,26.79,-10.82,7.51,65.6
2023-10-06,03:00,-13.02,-2.08,-9.43,3.24,40.55
2023-10-06,04:00,78.27,25.08,39.81,-0.98,20.87
2023-10-06,05:00,92.02,56.77,-32.8,0.73,-11.59
2023-10-06,06:00,64.48,-9.19,116.91,6.36,32.18
2023-10-06,07:00,3.27,15,-13.14,1.44,44.1
2023-10-06,08:00,-2.44,39.67,50.61,12.82,100.82
2023-10-06,09:00,-10.36,44.49,126.34,0.69,60.34
2023-10-06,10:00,113.16,37.05,-30.45,7.04,22.4
2023-10-06,11:00,14.01,31.5,127.48,10.85,54.77
2023-10-06,12:00,44.68,14.36,42.5,12.96,-11.4
2023-10-06,13:00,61.9,35.91,-8.37,1.67,51.1
2023-10-06,14:00,92.07,36.97,79.32,-2.29,60.53
2023-10-06,15:00,96.15,20.79,-29.74,-0.3,60.36
2023-10-06,16:00,99.7,44.01,-7.72,0.25,44.11
2023-10-06,17:00,-12.63,-15.2,33.11,-2.67,64.85
2023-10-06,18:00,111.5,53.95,98.51,8.84,-2.68
2023-10-06,19:00,-12.89,12.33,-47.44,8.55,12.79
2023-10-06,20:00,94.56,15.63,37.18,5.76,10.78
2023-10-06,21:00,53.52,8.63,87.88,15.97,14.37
2023-10-06,22:00,131.65,40.21,116.94,11.62,26
2023-10-06,23:00,-9.13,40.64,10.81,14.16,55.45
2023-10-06,00:00,53.97,6.05,-31.66,7.26,7.5
2023-10-07,01:00,39.5,33.37,118.04,-2,12.97
2023-10-07,02:00,5.83,40.62,78.84,8.8,-0.24
2023-10-07,03:00,-28.21,-9.2,23.9,-4.83,49.91
2023-10-07,04:00,-19.21,39.83,42.1,11.61,5.22
2023-10-07,05:00,28.49,-13.07,-24.14,-3.8,58.67
2023-10-07,06:00,16.35,38.19,60.28,-3.63,-5.6
2023-10-07,07:00,-0.66,46.93,121.54,-0.79,4.65
2023-10-07,08:00,111.04,24.79,101.83,5.11,20.64
2023-10-07,09:00,68.76,6.24,26.56,3.96,78.22
2023-10-07,10:00,116.77,37.47,118.84,10.69,0.43
2023-10-07,11:00,42.51,11.72,59.67,14.14,64.63
2023-10-07,12:00,28.07,35.05,33.98,15.83,53.41
2023-10-07,13:00,53.88,46.95,15.27,14.27,34.22
2023-10-07,14:00,-0.92,16.71,3.21,12.95,6.07
2023-10-07,15:00,8.69,18.7,24.1,4.42,12.87
2023-10-07,16:00,83.16,-12.38,44.07,5.49,76.84
2023-10-07,17:00,70.55,-12.82,-2.38,8.16,40.47
2023-10-07,18:00,88.92,6.88,126.58,10.54,18.02
2023-10-07,19:00,-5.8,2.33,33.66,4.19,76.86
2023-10-07,20:00,92.2,55.17,-18.17,12.94,75.23
2023-10-07,21:00,49.91,42.78,56.87,7.44,-2.56
2023-10-07,22:00,107.66,11.98,88.65,13.52,22.35
2023-10-07,23:00,1.13,46.02,-33.37,8.44,2.59
2023-10-07,00:00,28.49,41.7,122.88,3.26,7.42
2023-10-08,01:00,102.86,15.85,44.73,1.23,29.71
2023-10-08,02:00,15.95,54.15,93.6,5.09,33.28
2023-10-08,03:00,16.24,39.86,104.85,9.09,16.67
2023-10-08,04:00,80.78,-5.76,93.73,2.11,59.96
2023-10-08,05:00,-20.19,44.31,74.07,1.75,51.89
2023-10-08,06:00,0.31,-16.22,105.11,-2.52,3.3
2023-10-08,07:00,1.88,50.4,31.88,14.45,-1.09
2023-10-08,08:00,32.33,14.94,127.5,4.55,-6.88
2023-10-08,09:00,44.6,55.4,26.98,7.56,9.02
2023-10-08,10:00,62.62,46.33,29.97,10.49,3.89
2023-10-08,11:00,14.6,16.24,90.16,7.57,85.39
2023-10-08,12:00,64.1,43.5,-13.87,14.15,31.75
2023-10-08,13:00,53.75,42.86,119.96,3.52,15.04
2023-10-08,14:00,89.41,58.83,-33.86,2.79,66.15
2023-10-08,15:00,87.13,-11.63,-41.25,11.81,47.21
2023-10-08,16:00,73.82,-10.93,28.86,5.52,5.57
2023-10-08,17:00,110.16,14.26,78.79,6.65,61.86
2023-10-08,18:00,17.99,54.02,-26.52,10.57,1.78
2023-10-08,19:00,25.02,27.48,52.47,12.66,-4.84
2023-10-08,20:00,21.61,56.48,63.07,4.1,27.08
2023-10-08,21:00,90.33,9.95,82.67,14.25,12.92
2023-10-08,22:00,-3.34,49.58,83.11,10.89,68.23
2023-10-08,23:00,41.11,25.34,139.43,5.77,36.67
2023-10-08,00:00,43.94,44.87,-27.68,4.11,-11.47
2023-10-09,01:00,-4.07,40.83,-18.99,5.42,82.55
2023-10-09,02:00,-0.95,51.99,110.38,9.3,-17.82
2023-10-09,03:00,96.38,-1.89,16.26,1.08,0.13
2023-10-09,04:00,71.3,8.53,-34.07,-0.01,11.75
2023-10-09,05:00,7.31,52.01,42.79,0.9,11.55
2023-10-09,06:00,63.5,36.15,-2.97,-3.33,57.18
2023-10-09,07:00,13.1,1.84,-3.75,-2.16,22.27
2023-10-09,08:00,108.83,-5.09,119.24,6.2,75.81
2023-10-09,09:00,4.34,20.93,2.66,9.29,12.9
2023-10-09,10:00,-6.12,46.61,102.14,15.4,32.74
2023-10-09,11:00,106.27,55.64,88.17,8.33,6.49
2023-10-09,12:00,36.62,57.11,29.64,2.24,34.24
2023-10-09,13:00,47.01,33.18,15.81,15.2,1.91
2023-10-09,14:00,71.89,12.76,44.28,0.47,55.31
2023-10-09,15:00,7.61,-16.43,-13.03,13.84,6.87
2023-10-09,16:00,34.98,28.26,87.92,-0.11,-21.46
2023-10-09,17:00,113.36,40.83,-37.48,13.42,75.18
2023-10-09,18:00,-16.78,21.99,-35.16,-2.53,58.85
2023-10-09,19:00,61.06,-10.15,107.44,10.28,19.44
2023-10-09,20:00,120.67,13.34,26.66,5.46,87.03
2023-10-09,21:00,37.46,2.44,47.73,18.42,55.05
2023-10-09,22:00,104.71,32.83,-14.5,15.23,75.68
2023-10-09,23:00,92.96,-2.7,128.08,6.53,58.35
2023-10-09,00:00,71.87,43.32,-6.35,7.78,-17.23
2023-10-10,01:00,26.42,-14.21,80.65,2.9,-10.36
2023-10-10,02:00,79.45,14.93,16.05,9.67,24.93
2023-10-10,03:00,95.03,42.41,111.9,11.72,-14.54
2023-10-10,04:00,86.11,44.32,32.85,1.4,-20.24
2023-10-10,05:00,77.69,-15.78,70.4,9.44,68.78
2023-10-10,06:00,-7.12,38.54,26.54,9.9,44.64
2023-10-10,07:00,104.26,-6.49,143.17,6.53,-13.59
2023-10-10,08:00,108.95,43.39,133.01,13.56,52.07
2023-10-10,09:00,53.45,10.51,17.34,17.86,13.28
2023-10-10,10:00,15.94,42.6,73.13,4.92,61.98
2023-10-10,11:00,108.6,-3.87,-29.78,16.39,10.3
2023-10-10,12:00,-7.98,-1.56,105.42,10.12,17.52
2023-10-10,13:00,33.33,24.71,81.47,15.22,22.32
2023-10-10,14:00,52.65,-5.84,-18.82,5.43,21.21
2023-10-10,15:00,93.9,50.37,-45.57,-1.38,-0.04
2023-10-10,16:00,87.02,46.82,80.44,7.35,-2.81
2023-10-10,17:00,81.91,-2.7,18.41,9.97,40.7
2023-10-10,18:00,20.97,57.42,95.29,13.43,77.92
2023-10-10,19:00,94.73,38,31.28,14.96,88.03
2023-10-10,20:00,-1.72,50.44,87.69,8.36,62.58
2023-10-10,21:00,81.32,65.01,90.53,7.17,79.1
2023-10-10,22:00,47.86,9.08,137.22,11.02,78.78
2023-10-10,23:00,-14.2,4.63,78.51,3.57,14.6
2023-10-10,00:00,67.9,-5.51,140.41,13.94,49.8
2023-10-11,01:00,-19.58,50.01,-17.85,2.42,73.71
2023-10-11,02:00,113.41,17.65,86,3.16,-26.27
2023-10-11,03:00,1.95,19.83,104.51,-0.4,32.52
2023-10-11,04:00,101.63,1.52,121.45,4.27,-5.72
2023-10-11,05:00,80.2,10.2,83.94,1.08,67.48
2023-10-11,06:00,77.8,30.15,66.53,-2,45.09
2023-10-11,07:00,26.49,22.78,-7.9,5.31,9.32
2023-10-11,08:00,105.19,67.16,49.94,16.06,86.11
2023-10-11,09:00,30.69,-1.71,-16.51,6.49,-8.15
2023-10-11,10:00,97.15,4.03,71.74,8.2,-21.09
2023-10-11,11:00,120.11,42.25,105.82,3.65,60.5
2023-10-11,12:00,106.55,-6.9,-26.5,-0.9,16.64
2023-10-11,13:00,39.66,40.37,116.87,3.46,40.64
2023-10-11,14:00,-2.32,12.95,68.27,13.53,14.3
2023-10-11,15:00,40.53,-2.91,58.83,13.22,81.43
2023-10-11,16:00,-15.64,34.13,4.74,5.54,-8.64
2023-10-11,17:00,79.64,39.23,-45.39,6.9,86.46
2023-10-11,18:00,53.54,8.22,72.25,5.36,61.46
2023-10-11,19:00,72.19,53.18,-20.95,-0.67,59.79
2023-10-11,20:00,99.04,6.81,48.18,9.63,-0.6
2023-10-11,21:00,6.18,60.91,118.33,16.7,98.73
2023-10-11,22:00,112.14,20.85,13.4,0.88,7.01
2023-10-11,23:00,29.79,56.97,88.72,0.55,40.17
2023-10-11,00:00,114.17,37.43,22.7,-0.17,64.08
2023-10-12,01:00,-6.01,32.12,-9.85,12.07,-12.05
2023-10-12,02:00,-28.01,30.97,73.94,-1.12,19.89
2023-10-12,03:00,76.1,9.21,31.36,-1.52,-15.61
2023-10-12,04:00,98.77,15.6,39.56,-1.42,-11.9
2023-10-12,05:00,49.75,3.32,108.34,10.37,38.33
2023-10-12,06:00,68.55,-1.46,17.01,-0.69,22.04
2023-10-12,07:00,44.19,14.25,87.65,-0.17,-5
2023-10-12,08:00,59.24,24.39,90.3,12.67,77.57
2023-10-12,09:00,77.06,-6.24,152.38,6.6,84.57
2023-10-12,10:00,103.94,16.93,134.63,1.72,92.56
2023-10-12,11:00,70.33,11.58,111.81,3.7,13.47
2023-10-12,12:00,25.89,2.69,59.1,3.53,22.31
2023-10-12,13:00,17.71,33.56,83.66,6.62,-10.52
2023-10-12,14:00,-5.89,-9.09,78.51,0.33,55.92
2023-10-12,15:00,47.52,41.39,69.18,13.52,14.07
2023-10-12,16:00,37.07,47.71,-45.7,17.25,-0.7
2023-10-12,17:00,75.69,16.41,110.18,15.47,53.45
2023-10-12,18:00,112.94,21.86,82.11,11.65,13.03
2023-10-12,19:00,6.46,6.79,-7.67,8.34,50.63
2023-10-12,20:00,1.18,11.31,17.08,10.28,57.83
2023-10-12,21:00,84.67,12.34,59.39,12.25,88.95
2023-10-12,22:00,25.57,-1.63,67.5,8.09,1.22
2023-10-12,23:00,82.95,47.24,130.52,16.82,-6.72
2023-10-12,00:00,6.81,45.01,59.01,6.97,36.62
2023-10-13,01:00,82.16,16.49,-4.52,10.35,54.26
2023-10-13,02:00,29.36,19.3,65.31,7.25,62.31
2023-10-13,03:00,3.92,50.11,-26.94,3.83,23.98
2023-10-13,04:00,99.82,24.69,-34.98,10.75,17.6
2023-10-13,05:00,23.02,16.47,51.23,5.71,23.54
2023-10-13,06:00,100.52,2.71,21.91,10.15,19.61
2023-10-13,07:00,62.45,29.84,-24.89,5.28,48.02
2023-10-13,08:00,102.13,30.13,-29.52,10.96,36.91
2023-10-13,09:00,124.02,29.02,43.17,2.13,92.71
2023-10-13,10:00,32.23,30.86,12.47,14.74,75.82
2023-10-13,11:00,-14.41,55.52,-38.17,-2.7,36.85
2023-10-13,12:00,19.5,36.85,76.8,-2.71,85.59
2023-10-13,13:00,-2.63,37.47,32.77,14.16,28.98
2023-10-13,14:00,36.65,53.09,-22.7,14.71,72.29
2023-10-13,15:00,18.61,3.96,-36.94,11.01,84.22
2023-10-13,16:00,3.05,28.26,-28.54,11.05,73.47
2023-10-13,17:00,89.07,0.04,89.56,-1.1,75.96
2023-10-13,18:00,22.32,-3.25,-22.49,8.82,22.78
2023-10-13,19:00,55.6,18.38,66.99,12.06,58.81
2023-10-13,20:00,23.05,10.5,112.23,13.77,106.34
2023-10-13,21:00,104.15,14.39,105.62,10.55,4.06
2023-10-13,22:00,124.83,43.31,102.6,14.32,90.04
2023-10-13,23:00,117.1,-2.6,42.2,12.95,60.39
2023-10-13,00:00,64.07,4.3,4.18,8.36,18.8
2023-10-14,01:00,16.9,58.91,81.41,6.03,71.55
2023-10-14,02:00,54.73,22.97,96.77,11.09,-14.55
2023-10-14,03:00,-27.13,33.97,31.07,10.68,-0.79
2023-10-14,04:00,-33.36,23.06,10.13,5.38,52.8
2023-10-14,05:00,1.1,-10.52,-33.57,12.41,44.02
2023-10-14,06:00,105.03,45.77,-31.68,7.53,55.95
2023-10-14,07:00,39.44,19.17,121.79,-1.42,50.25
2023-10-14,08:00,86.01,32.15,53.03,1.28,15.77
2023-10-14,09:00,85.63,40.36,68.04,7.65,30.71
2023-10-14,10:00,88.27,-2.26,-30.29,14.03,63.45
2023-10-14,11:00,-13.42,-7.56,99.31,13.99,60.17
2023-10-14,12:00,7.08,42.23,78.58,16.14,43.38
2023-10-14,13:00,37.65,36.88,5.94,-1.72,67.83
2023-10-14,14:00,48.6,32.26,-7.59,12.85,86.75
2023-10-14,15:00,113.91,-8.41,121.03,15.56,73.92
2023-10-14,16:00,77.73,-15.19,122.77,5.76,39.92
2023-10-14,17:00,73.07,-4.98,47.46,14.67,2.69
2023-10-14,18:00,7.6,29.06,68.63,0.85,35.77
2023-10-14,19:00,89.91,59.19,131.58,9.53,15.23
2023-10-14,20:00,64.18,56.37,92.22,1.79,5.81
2023-10-14,21:00,87.29,45.69,145.54,-0.6,16.03
2023-10-14,22:00,57.22,5.93,-8.89,12.54,88.01
2023-10-14,23:00,105.15,57.41,156.83,13.95,88.47
2023-10-14,00:00,4.52,53.15,18.2,7.86,21.92
2023-10-15,01:00,115.69,58.92,62.67,15.71,81.22
2023-10-15,02:00,108.22,-14.59,-39.25,3.83,57.94
2023-10-15,03:00,51.32,15.9,124,-1.84,70.38
2023-10-15,04:00,103.28,20.33,123.77,3.71,46.71
2023-10-15,05:00,87.44,36,40.88,6.18,-18.35
2023-10-15,06:00,-6.47,26.64,40.41,3.28,-5.31
2023-10-15,07:00,84.36,47.96,47.84,-1.71,-1.52
2023-10-15,08:00,84.08,23.06,34.44,2.83,67.22
2023-10-15,09:00,104.56,23.41,112,5.83,66.62
2023-10-15,10:00,64.9,-2.06,59.97,9.17,22.67
2023-10-15,11:00,26.39,1.5,42.64,6.72,97.5
2023-10-15,12:00,111.24,51.56,74.56,16.51,44.36
2023-10-15,13:00,-15.18,44.13,117.61,0.57,-0.68
2023-10-15,14:00,49.43,11.92,129.22,13.17,39.38
2023-10-15,15:00,69.13,30.48,73.96,2.18,62.9
2023-10-15,16:00,39.84,-11.98,-10.23,-0.13,-4.05
2023-10-15,17:00,-1.18,-14.79,63.03,-0.47,50.94
2023-10-15,18:00,110.27,12.48,30.16,12.53,-3.47
2023-10-15,19:00,108.63,6.68,1.5,15.41,88.31
2023-10-15,20:00,68.67,19.66,92.38,14.47,59.68
2023-10-15,21:00,143.82,51.21,101.67,16.72,70.64
2023-10-15,22:00,123.76,52.67,123.66,4.5,92.72
2023-10-15,23:00,133.89,33.19,41.69,6.82,14.16
2023-10-15,00:00,7.18,18.26,130.79,8.01,88.14
2023-10-16,01:00,40.84,-5.83,25.11,6.7,37.08
2023-10-16,02:00,62.73,0.02,57.82,14.59,-14.22
2023-10-16,03:00,38.41,16.25,140.5,2.85,56.04
2023-10-16,04:00,14.16,21.09,49.25,1.28,40.29
2023-10-16,05:00,88.03,51.27,83.81,2.3,-3.32
2023-10-16,06:00,111.24,-3.5,21.8,-1.76,81.6
2023-10-16,07:00,31.7,12.75,-22.8,11.38,40
2023-10-16,08:00,1.51,22.8,78.04,21.07,5.81
2023-10-16,09:00,81.65,29.02,113.49,8.95,41.46
2023-10-16,10:00,48.84,22.03,132.78,1.92,-20.55
2023-10-16,11:00,-17.34,54.2,38.38,0.77,57.4
2023-10-16,12:00,-14.16,17.9,130.62,2.03,67.07
2023-10-16,13:00,38.54,2.63,118.86,3.19,16.45
2023-10-16,14:00,11.34,39.85,78.7,16.95,27.53
2023-10-16,15:00,9.84,-8.16,112.71,11.75,68.72
2023-10-16,16:00,101.81,0.42,-4.04,6.36,36.57
2023-10-16,17:00,-7.3,-16.7,-0.51,12.16,44.44
2023-10-16,18:00,49.68,8.82,-28.99,15.92,5.69
2023-10-16,19:00,70.44,60.96,74.95,0.56,44.52
2023-10-16,20:00,50.14,22.62,0.81,15.1,106.15
2023-10-16,21:00,57.09,62.45,122.79,4.8,43.75
2023-10-16,22:00,85.28,72.74,126.49,8.31,68.96
2023-10-16,23:00,122.01,57.36,187.22,16.71,21.5
2023-10-16,00:00,117.16,31.49,114.32,0.61,9.89
2023-10-17,01:00,18.15,-13.69,78.09,2.86,24.11
2023-10-17,02:00,12.12,-7.53,113.88,3.03,33.48
2023-10-17,03:00,-2.75,60.23,4.29,10.84,-1.19
2023-10-17,04:00,83.33,32.37,77.31,1.38,64.23
2023-10-17,05:00,99.16,35.91,122.97,-0.54,-7.86
2023-10-17,06:00,5.71,13.86,118.12,14.37,17.32
2023-10-17,07:00,43.26,-0.14,29.06,13.27,97.63
2023-10-17,08:00,139.48,72.08,65.26,22.86,76.23
2023-10-17,09:00,46.31,0.44,94,5.08,4.35
2023-10-17,10:00,49.6,2.97,147.3,10.82,91.56
2023-10-17,11:00,100.51,-11.79,107.34,13.3,-7.64
2023-10-17,12:00,62.02,-13.52,46.99,1.52,79.03
2023-10-17,13:00,90.1,35.16,33.06,2.14,-16.33
2023-10-17,14:00,82.39,-14.42,9.94,7.66,60.99
2023-10-17,15:00,88.59,41.02,65.26,5.25,22.26
2023-10-17,16:00,5.47,-0.01,99.38,3.08,71.22
2023-10-17,17:00,-14.05,26.29,-3.9,4.16,55.21
2023-10-17,18:00,42.7,-5.85,18.6,13.26,-3.95
2023-10-17,19:00,91.47,39.96,138.65,16.46,79.92
2023-10-17,20:00,3.05,-1.75,81.98,11.13,112.59
2023-10-17,21:00,40.64,56.1,87.24,8.57,13.23
2023-10-17,22:00,11.86,17.62,80.16,17.89,46.32
2023-10-17,23:00,51.96,70.34,43.86,3.86,5.81
2023-10-17,00:00,60.03,13.94,40.33,10.62,0.78
2023-10-18,01:00,85.47,65.75,-15.05,15.83,28.51
2023-10-18,02:00,93.93,24.6,87.43,9.53,91.91
2023-10-18,03:00,120.53,31.04,109.54,13.21,56.63
2023-10-18,04:00,26.84,15.4,121.3,6.31,37.45
2023-10-18,05:00,63.47,18.27,60.31,3.87,24.73
2023-10-18,06:00,88.5,57.19,29.62,13.18,50.82
2023-10-18,07:00,116.33,53.95,45.21,3.2,68.6
2023-10-18,08:00,127.23,25.1,20.23,16.07,13.73
2023-10-18,09:00,10.61,-2.1,51.13,6.33,75.95
2023-10-18,10:00,105.93,44.36,44.2,12.06,-15.24
2023-10-18,11:00,24.25,-6.51,81.57,-2.61,84.2
2023-10-18,12:00,110.6,21.95,77.18,4.01,32.96
2023-10-18,13:00,95.87,3.37,78.21,-1.08,6.06
2023-10-18,14:00,-9.34,-5.12,55.6,10.38,-6.15
2023-10-18,15:00,111.03,30.49,74.58,-0.37,18.29
2023-10-18,16:00,83.82,41.95,13.68,7.27,48.2
2023-10-18,17:00,84.81,41.23,-26.35,6.1,59.23
2023-10-18,18:00,33.16,34.79,-38.64,1.82,62.78
2023-10-18,19:00,51.09,46.57,36.36,5.72,7.73
2023-10-18,20:00,24.71,67.23,75.68,14.41,18.7
2023-10-18,21:00,124.84,65.6,13.21,17.22,19.05
2023-10-18,22:00,15.56,5.19,130.35,6.8,30.03
2023-10-18,23:00,116.57,48.24,88.49,9.03,82.07
2023-10-18,00:00,17.78,22.53,149.86,10.96,38.94
2023-10-19,01:00,117.22,48.58,134.97,-1.54,26.87
2023-10-19,02:00,80.98,28.84,83.01,11.15,17.76
2023-10-19,03:00,84.35,29.96,68.58,10.22,49.45
2023-10-19,04:00,108.25,-6.21,59.48,6.53,3.37
2023-10-19,05:00,-9.51,-16.03,-2.67,0.03,74.41
2023-10-19,06:00,-18.69,34.71,56.15,11.94,89.71
2023-10-19,07:00,114.19,51.7,96.06,7.57,78.36
2023-10-19,08:00,63.62,38.83,30.73,4.69,32.06
2023-10-19,09:00,128.8,24.96,104.71,17.91,46.53
2023-10-19,10:00,-11.39,17.54,14.35,10.39,-6.69
2023-10-19,11:00,44.46,41.92,119.78,2.81,85.68
2023-10-19,12:00,-1.24,39.82,89.04,8.36,45.71
2023-10-19,13:00,-9.35,-1.14,-12.51,-1.32,51.2
2023-10-19,14:00,113.52,20.43,-24.08,3.89,19.04
2023-10-19,15:00,19.82,-6.71,101.88,11.5,78.52
2023-10-19,16:00,48.55,52.89,89.52,-1.71,45.49
2023-10-19,17:00,6.17,16.56,-38.02,5.82,68.96
2023-10-19,18:00,108.37,38.25,97.37,12.21,69.38
2023-10-19,19:00,138.58,-2.92,70.53,8.9,65.24
2023-10-19,20:00,22.48,-1.64,86.18,16.7,39.4
2023-10-19,21:00,131.05,43.03,81.08,11.58,109.5
2023-10-19,22:00,59.09,67.57,29.23,16.31,116.22
2023-10-19,23:00,110.11,28.66,172.21,3.23,92.07
2023-10-19,00:00,75.7,48.91,60.38,8.18,50.35
2023-10-20,01:00,24.62,63.97,129.9,5.18,84.24
2023-10-20,02:00,48.02,7.45,3.57,2.29,83.69
2023-10-20,03:00,57.67,46.09,81.68,1.86,92.11
2023-10-20,04:00,106.33,-2.59,-6.49,0.94,40.22
2023-10-20,05:00,-13.08,47.71,146.39,7.42,2.33
2023-10-20,06:00,2.27,55.39,78.3,-0.61,-11.32
2023-10-20,07:00,55.37,47.71,175.54,5.86,90.84
2023-10-20,08:00,118.91,21.89,109.87,6.06,10.79
2023-10-20,09:00,15.33,44.65,43.97,5.5,60.21
2023-10-20,10:00,105.01,14.94,9.63,6.15,32.15
2023-10-20,11:00,9.43,38.75,28.5,3.43,23.17
2023-10-20,12:00,21.5,-1.72,-22.98,-0.39,40.17
2023-10-20,13:00,27.78,16.05,3.54,1.59,-7.99
2023-10-20,14:00,112.51,-0.2,-3.81,14.36,20.21
2023-10-20,15:00,88.44,33.58,120.65,7.47,24.11
2023-10-20,16:00,-17.19,0.73,64.91,4.34,13.64
2023-10-20,17:00,13.27,-13.07,37.18,13.3,65.67
2023-10-20,18:00,-14.26,-2.37,16.91,16.17,14.9
2023-10-20,19:00,126.1,21.63,100.79,11.62,86.18
2023-10-20,20:00,95.77,25.28,89.37,3.57,118.31
2023-10-20,21:00,66.12,41.46,199.84,19.86,79.28
2023-10-20,22:00,117.23,19.47,175.61,4.42,30.7
2023-10-20,23:00,78.88,62.91,178,13.71,91.24
2023-10-20,00:00,123.8,57.52,147.62,8.96,38.94
2023-10-21,01:00,110.38,39.84,60.56,4.81,36.13
2023-10-21,02:00,39.15,57.2,131.39,12.91,17.66
2023-10-21,03:00,37.96,-1.18,57.55,3.49,44.68
2023-10-21,04:00,121.31,63.52,114.53,12.14,100.35
2023-10-21,05:00,13.93,57.53,184.63,8.91,-6.74
2023-10-21,06:00,118.44,8.75,145.25,14.41,39.04
2023-10-21,07:00,48.88,61.1,44.34,14.92,38.89
2023-10-21,08:00,12.03,51.78,54.44,15.24,92.53
2023-10-21,09:00,66.91,5.62,18.86,4.56,87.55
2023-10-21,10:00,101.09,8.01,109.51,9.48,10
2023-10-21,11:00,56.53,23.7,113.38,11.94,104.41
2023-10-21,12:00,41.01,47.23,145.17,-1.01,16.56
2023-10-21,13:00,128.49,-6.16,93.17,7.06,42.65
2023-10-21,14:00,38.07,11.31,135.7,13.23,29.39
2023-10-21,15:00,91.79,33.98,75.29,3.4,53.84
2023-10-21,16:00,120.22,4.05,62.96,15.56,48.35
2023-10-21,17:00,14.91,37.02,64.64,15.35,15.68
2023-10-21,18:00,94.19,25.47,32.49,14.81,-2.87
2023-10-21,19:00,54.8,18.4,26.25,1.5,69.61
2023-10-21,20:00,18.11,17.37,70.31,11.09,34.77
2023-10-21,21:00,111.55,15.73,151.39,1.08,52.65
2023-10-21,22:00,131.35,47.71,35.83,3.56,67.94
2023-10-21,23:00,68.6,51.61,40.02,11.35,18.15
2023-10-21,00:00,78.02,36.76,164.86,16.16,82.34
2023-10-22,01:00,131.41,49.48,36.73,-3.78,0.94
2023-10-22,02:00,57.33,36.1,90.55,4.16,70.52
2023-10-22,03:00,23.01,25.07,98.2,1.95,36.45
2023-10-22,04:00,48.43,9.25,37.79,16.75,44.25
2023-10-22,05:00,123.02,55.42,65.24,12.37,47.08
2023-10-22,06:00,63.8,-0.6,174.19,7.01,36.49
2023-10-22,07:00,120.63,0.55,77.92,13,107.95
2023-10-22,08:00,30.7,2.51,46.24,8.23,78.77
2023-10-22,09:00,51.54,32.21,73.15,16.95,75.55
2023-10-22,10:00,70.11,15.02,103.46,11.58,41.56
2023-10-22,11:00,115.49,48.03,141.5,9.98,31.54
2023-10-22,12:00,94.58,32.87,110.04,11.33,9.32
2023-10-22,13:00,124.39,-6.64,142.67,9.38,-20.55
2023-10-22,14:00,27.56,21.55,42.03,12.77,5.07
2023-10-22,15:00,5.84,26.18,-25.24,8.42,52.82
2023-10-22,16:00,-21.93,33.58,13.92,2.81,89.73
2023-10-22,17:00,106.66,33.07,46.06,-2.88,54.23
2023-10-22,18:00,4.1,16.06,5.08,4.72,-2.94
2023-10-22,19:00,138.94,22.26,61.97,15.55,19.11
2023-10-22,20:00,159.71,35.62,159.91,6.99,84.44
2023-10-22,21:00,149.62,43.98,28.89,7.12,107.83
2023-10-22,22:00,98.71,71.63,141.41,20.65,101.9
2023-10-22,23:00,89.31,73.58,111.62,6.96,70.14
2023-10-22,00:00,74.96,36.67,172.01,6.33,4.83
2023-10-23,01:00,-1.76,52.33,2.77,4.46,77.72
2023-10-23,02:00,107.54,17.37,8.21,1.41,12.97
2023-10-23,03:00,47.83,20.21,50.16,1.76,49.34
2023-10-23,04:00,11.86,-0.67,2.61,13.34,25.32
2023-10-23,05:00,81.03,23.72,35.45,3.02,42.94
2023-10-23,06:00,24.61,16.22,55.57,15.84,-2.8
2023-10-23,07:00,102.24,66.66,111.43,5.2,2.4
2023-10-23,08:00,114.2,22.66,14.6,25.39,91.79
2023-10-23,09:00,60.09,55.58,12.04,6.66,100.62
2023-10-23,10:00,37.24,39.97,85.91,11.78,-7.14
2023-10-23,11:00,57.72,28.78,105.16,18.36,4.47
2023-10-23,12:00,16.98,-0.05,58.87,7.86,19.43
2023-10-23,13:00,106.66,-0.41,-28.92,9.18,-18.83
2023-10-23,14:00,59,20.87,20.23,5.43,21.95
2023-10-23,15:00,91.84,-7.99,-0.62,16.28,-7.05
2023-10-23,16:00,42.77,29.83,14.03,10.05,49.52
2023-10-23,17:00,20.84,48.06,19.78,0.68,-21.07
2023-10-23,18:00,89.97,9.69,-18.5,4.29,46.19
2023-10-23,19:00,81.92,72.05,51.17,18.08,92.74
2023-10-23,20:00,144.74,21.22,44.53,5.08,88.42
2023-10-23,21:00,135.25,23.27,21.86,5.18,106.56
2023-10-23,22:00,62.61,47.55,111.05,20.94,127.03
2023-10-23,23:00,83.66,65.8,156.47,18.77,103.92
2023-10-23,00:00,109.78,2.25,157,13.54,67.07
2023-10-24,01:00,57.63,12.94,108.15,14.04,50.2
2023-10-24,02:00,27.84,16.77,30.66,5.91,73.07
2023-10-24,03:00,5.01,56.69,22.04,16.55,23.07
2023-10-24,04:00,86.15,19.1,79.44,9.69,75.72
2023-10-24,05:00,95.92,24.26,29.64,13.67,33.46
2023-10-24,06:00,14.33,36.19,2.45,10.17,42.18
2023-10-24,07:00,2.12,22.87,61.86,13.35,25.89
2023-10-24,08:00,9.43,62.06,123.75,21.27,39.03
2023-10-24,09:00,75.87,20.97,78.08,19.51,53.15
2023-10-24,10:00,31.85,46.93,76.63,13.69,20.79
2023-10-24,11:00,9.22,44.47,2.92,6.25,33.81
2023-10-24,12:00,76.59,27.17,136.54,1.78,-13.72
2023-10-24,13:00,107.72,52.84,-24.8,14.62,64.66
2023-10-24,14:00,-16.69,4.44,101.4,9.79,40.35
2023-10-24,15:00,102.97,12.76,34.42,1.21,1.76
2023-10-24,16:00,23.99,0.83,15.04,9.37,63.19
2023-10-24,17:00,25.79,8.79,125.58,5.21,50.81
2023-10-24,18:00,-6.79,-5.88,140.89,4.38,31.78
2023-10-24,19:00,137.7,64.25,6.47,5.6,28.49
2023-10-24,20:00,129.89,71.28,103.2,2.74,106.73
2023-10-24,21:00,42.19,36.89,62.5,16.27,50.13
2023-10-24,22:00,75.35,39.38,195.03,6.94,123.56
2023-10-24,23:00,127.44,63.49,55.98,7.54,11.73
2023-10-24,00:00,55.04,48.26,93.39,14.59,72.87
2023-10-25,01:00,130.22,14.77,134.04,11.53,93.88
2023-10-25,02:00,-9.82,19.03,61.53,4.06,28.35
2023-10-25,03:00,5.16,4.71,81.94,1.07,10.53
2023-10-25,04:00,19.03,-0.25,19.86,0.16,51.15
2023-10-25,05:00,106.3,59.96,36.93,-0.86,17.03
2023-10-25,06:00,50.83,34.37,31.25,5.49,-7.24
2023-10-25,07:00,104.16,12.33,113.81,1.48,32.8
2023-10-25,08:00,21.52,40.38,5.9,8.21,25.42
2023-10-25,09:00,64.59,3.09,78.74,3.5,9.93
2023-10-25,10:00,80.72,57.06,153.39,16.65,55.62
2023-10-25,11:00,44.7,35.9,27.56,1.52,66.14
2023-10-25,12:00,-11.9,-12.18,30.96,11.23,44.68
2023-10-25,13:00,78,59.61,75.06,8.75,-19.26
2023-10-25,14:00,25.95,-14.14,58.39,4.45,27.37
2023-10-25,15:00,69.36,49.48,79.85,-0.03,19.93
2023-10-25,16:00,97.95,-19.35,68.93,9.04,63.57
2023-10-25,17:00,106.81,59.03,-28.61,-0.65,-10.09
2023-10-25,18:00,36.28,50.14,111.8,12.2,83.05
2023-10-25,19:00,10.14,48.46,8.05,14.12,97.66
2023-10-25,20:00,52.68,50.25,87.58,9.96,110.72
2023-10-25,21:00,41.99,25.76,45.23,14.14,65.42
2023-10-25,22:00,20.09,31.51,96.36,11.66,68.1
2023-10-25,23:00,17.84,7.78,44.03,12.12,115.92
2023-10-25,00:00,13.8,71.64,149.99,2.55,42.56
2023-10-26,01:00,1.61,65.3,134.62,14.52,75.47
2023-10-26,02:00,110.02,12.46,40.39,14.77,76.88
2023-10-26,03:00,89.3,7.77,41.9,-2.7,-3.75
2023-10-26,04:00,-20.86,51.47,68.33,14.55,73.12
2023-10-26,05:00,114.99,33.64,29.96,-1.7,91.83
2023-10-26,06:00,1.06,36.78,67.2,12.27,46.59
2023-10-26,07:00,94.68,58.29,152.69,3.55,-4.01
2023-10-26,08:00,40.83,43.34,135.79,23.19,12.74
2023-10-26,09:00,119.46,55.59,134.43,14.08,68.79
2023-10-26,10:00,67.27,11.75,12.92,6.33,73.34
2023-10-26,11:00,47.59,16.34,-3.17,8.66,1.61
2023-10-26,12:00,102.13,31.7,-7.64,11.76,83.86
2023-10-26,13:00,-24.02,35,6.45,1.99,68.82
2023-10-26,14:00,95.3,13.3,-33.39,0.83,12.16
2023-10-26,15:00,37.11,2,3.3,11.76,-11.01
2023-10-26,16:00,-25.2,-10.21,39.2,7.4,-21.01
2023-10-26,17:00,102.03,54.33,6.47,4.83,-11.81
2023-10-26,18:00,1.8,40.88,98.97,6.54,58.88
2023-10-26,19:00,78.74,42.72,-17.42,13.77,7.11
2023-10-26,20:00,126.02,3.69,128.09,11.96,4.32
2023-10-26,21:00,47.45,54.11,48.56,4.44,53.2
2023-10-26,22:00,50.01,26.17,65.13,3.44,68.32
2023-10-26,23:00,74.4,13.51,178,17.13,66.33
2023-10-26,00:00,18.14,68.81,166.82,8.83,71.29
2023-10-27,01:00,23.49,24.91,119.92,5.3,63.1
2023-10-27,02:00,35.21,41.47,36.65,-1.38,50.9
2023-10-27,03:00,100.42,-2.15,-0.83,-1.07,10.29
2023-10-27,04:00,-17.08,-1.31,103.2,2.54,-16.41
2023-10-27,05:00,45.98,61.24,94.68,0.45,8.32
2023-10-27,06:00,14.11,37.54,53.52,0,5.11
2023-10-27,07:00,50.66,6.72,58.11,13.77,74.08
2023-10-27,08:00,70.17,48.7,17.21,9.99,17.72
2023-10-27,09:00,50.62,14.08,92.01,8.95,11.19
2023-10-27,10:00,105.09,56.74,140.07,14.99,97.69
2023-10-27,11:00,71.92,1.65,31.16,4.16,-6.13
2023-10-27,12:00,113.49,10.28,19.78,7.21,36.9
2023-10-27,13:00,60.01,-6.83,-30.71,13.26,2.31
2023-10-27,14:00,53.91,24.82,23.64,7.87,3.63
2023-10-27,15:00,71.15,16.37,-11.06,14.28,56.83
2023-10-27,16:00,73.89,6.27,10.05,3.38,13.26
2023-10-27,17:00,112.97,16.41,47.9,8.79,69.42
2023-10-27,18:00,99.66,37.98,-2.89,1.56,43.52
2023-10-27,19:00,9.79,64.46,55.5,6.4,21.22
2023-10-27,20:00,51.34,54.56,3.88,8.42,57.97
2023-10-27,21:00,106.42,39,78.74,10.25,36.41
2023-10-27,22:00,157.43,53.33,51.52,14.56,45.37
2023-10-27,23:00,121.76,49.07,84.41,17.32,93.44
2023-10-27,00:00,38.67,71.78,123.54,14.65,87.14
2023-10-28,01:00,91.82,74.81,67.5,4.12,80.04
2023-10-28,02:00,-8.75,44.24,64.88,15.9,19.12
2023-10-28,03:00,124.89,33.1,10.12,9.04,13.13
2023-10-28,04:00,72.32,64.37,42.86,16.62,-17.99
2023-10-28,05:00,-12.97,3.22,34.5,11.33,91.48
2023-10-28,06:00,-6.46,46.73,110.32,0.28,2.57
2023-10-28,07:00,115.47,70.06,41.39,15.52,28.56
2023-10-28,08:00,3.61,58.91,84.68,11.71,34.87
2023-10-28,09:00,108.54,20.91,-7.56,13.61,31.29
2023-10-28,10:00,70.15,22.61,130.71,10.47,50.05
2023-10-28,11:00,98.69,18.56,59.8,5.49,65.88
2023-10-28,12:00,97.81,64.9,122.35,15.94,56.18
2023-10-28,13:00,52.96,41.85,18.54,11.04,85.77
2023-10-28,14:00,28.96,35.47,69.88,7.52,42.53
2023-10-28,15:00,1.4,22.94,49.98,2.45,73
2023-10-28,16:00,81.07,-12.96,87.79,7.16,-14.16
2023-10-28,17:00,50.45,21.4,76.93,2.54,80.39
2023-10-28,18:00,96,2.38,72.03,1.47,16.43
2023-10-28,19:00,41.38,52.47,71.82,1.57,29.26
2023-10-28,20:00,75.7,53.48,51.17,3.02,88.21
2023-10-28,21:00,82.82,10.03,38.53,7.51,40.89
2023-10-28,22:00,109.6,23.54,59.94,3,8.78
2023-10-28,23:00,110.24,42.54,78.05,9.49,115.72
2023-10-28,00:00,113.6,54.52,84.64,10.7,104.73
2023-10-29,01:00,67.57,42.07,48.7,13.55,0.68
2023-10-29,02:00,124.27,34.15,60.44,12.32,72.29
2023-10-29,03:00,39.42,2.06,47.56,15.7,79.25
2023-10-29,04:00,72.09,-9.02,77.04,2.46,20.02
2023-10-29,05:00,37.15,13.54,66.43,5.85,56.67
2023-10-29,06:00,55.73,4.24,147.3,17.28,101.29
2023-10-29,07:00,-11.94,24.44,64.16,9.09,64.24
2023-10-29,08:00,36.56,49.18,70.13,19,59.88
2023-10-29,09:00,43.83,6.14,112.07,16.92,30.15
2023-10-29,10:00,20.25,32.49,145.81,9.28,74.78
2023-10-29,11:00,110.41,68,118.81,0,97.57
2023-10-29,12:00,78.93,-3.23,156.92,3.77,32.54
2023-10-29,13:00,68.43,38.7,109.46,-2.25,28.3
2023-10-29,14:00,28.74,3.06,47.15,3.48,48.4
2023-10-29,15:00,112.75,13.26,138.89,-1.89,0.76
2023-10-29,16:00,9.37,-8.8,61.46,8.01,34.18
2023-10-29,17:00,21.33,-10.91,135.27,1.6,-20.22
2023-10-29,18:00,119.07,30.73,149.7,11.21,99.52
2023-10-29,19:00,132.48,18.17,116.66,13.02,105.45
2023-10-29,20:00,15.61,22.7,152.16,13.37,109.37
2023-10-29,21:00,73.48,30.33,32.48,13.27,39.93
2023-10-29,22:00,139.89,16.41,34.91,8.26,62.3
2023-10-29,23:00,24.88,22.79,98.3,13.93,63.83
2023-10-29,00:00,27.23,41.75,80.82,13.83,-0.05
2023-10-30,01:00,87.35,18.23,55.95,11.26,46.88
2023-10-30,02:00,71.08,58.89,7.83,8.54,26.3
2023-10-30,03:00,83.82,8.11,32.73,-1.15,68.35
2023-10-30,04:00,103.55,23.78,144.24,-1.57,-0.79
2023-10-30,05:00,-21.17,23.02,133.1,4.13,41.11
2023-10-30,06:00,102.79,57.22,147.01,10.13,18.71
2023-10-30,07:00,55.65,2.77,169.69,16.74,93.1
2023-10-30,08:00,131.6,70.4,-0.87,23.63,78.26
2023-10-30,09:00,60.66,37.59,149.87,5.44,4.35
2023-10-30,10:00,80.86,32.2,137.29,1.31,16.93
2023-10-30,11:00,15.34,-1.04,32.25,10.03,50.88
2023-10-30,12:00,67.2,32.69,68.67,15.37,2.54
2023-10-30,13:00,16.55,28.93,106.44,14.99,59.14
2023-10-30,14:00,116.63,44.41,51.94,13.64,7.68
2023-10-30,15:00,68.41,-7.69,93.92,4.76,32.81
2023-10-30,16:00,12,25.23,24.39,0.76,-26.11
2023-10-30,17:00,48.63,38.89,85.07,9.12,-24.96
2023-10-30,18:00,-5.92,24.25,27.92,11.25,77.77
2023-10-30,19:00,93.21,64.53,134.75,5.69,63.05
2023-10-30,20:00,151.13,79.51,130.78,18.09,103.25
2023-10-30,21:00,68.64,69.39,114.17,3,111.69
2023-10-30,22:00,148.49,48.93,111.96,18.21,66.07
2023-10-30,23:00,22.23,72.79,165.35,15.92,11.83
2023-10-30,00:00,26.64,19.38,55.23,17.96,108.94
2023-10-31,01:00,45.4,16.93,130.21,6.3,83.65
2023-10-31,02:00,47.89,44.91,151.53,-1.95,34.95
2023-10-31,03:00,38.22,3.24,62.35,-0.76,-14.19
2023-10-31,04:00,-21.55,33.38,87.48,5.39,35.07
2023-10-31,05:00,58.23,17.35,104.4,0.27,30.63
2023-10-31,06:00,-3.87,6.24,105.18,10.78,63.56
2023-10-31,07:00,98.08,62.76,20.7,8.79,14.27
2023-10-31,08:00,82.52,10.47,158.2,21.33,47.33
2023-10-31,09:00,105.95,3.24,43.71,18.46,55.64
2023-10-31,10:00,17.61,64.17,50.77,5.48,71.59
2023-10-31,11:00,50.03,47.34,105.87,3.7,86.52
2023-10-31,12:00,33.88,56.73,75.02,3.12,36.01
2023-10-31,13:00,70.58,-7.29,116.72,-1.19,9.49
2023-10-31,14:00,-20.52,12.06,-0.86,14.92,-11.33
2023-10-31,15:00,68.87,39.28,94.26,-1.25,71.48
2023-10-31,16:00,74,51.68,9.73,8.8,-21.24
2023-10-31,17:00,-5.93,28.75,13.36,8.67,7.52
2023-10-31,18:00,54.45,16.35,76.35,-0.76,87.15
2023-10-31,19:00,1.53,71.33,-7.75,17.47,47.01
2023-10-31,20:00,104.16,11.1,72.11,7.27,32.85
2023-10-31,21:00,101.38,67.92,32.39,9.1,35.61
2023-10-31,22:00,53.09,31.29,94.58,3.26,63.35
2023-10-31,23:00,62.94,51.17,97.72,13,23.29
2023-10-31,00:00,97.84,53.25,37.75,4.97,96.73
2023-11-01,01:00,30.72,2.76,72.03,2.99,46.16
2023-11-01,02:00,27.09,-4.95,141.04,13.6,-8.62
2023-11-01,03:00,-4.49,60.82,42.36,8.87,89.78
2023-11-01,04:00,58.34,20.51,22.71,0.87,56.45
2023-11-01,05:00,114.29,-2.35,131.39,8.4,66.34
2023-11-01,06:00,103.17,61.4,120.59,15.77,81.16
2023-11-01,07:00,47.93,47.89,-3.35,0.96,81.42
2023-11-01,08:00,49.98,50.26,163.15,16.45,0
2023-11-01,09:00,82.34,37.44,155.87,15.83,75.51
2023-11-01,10:00,-12.18,48.08,-2.44,9.25,71.11
2023-11-01,11:00,55.95,61.36,-10.78,8.18,42.53
2023-11-01,12:00,28.64,-6.63,129.79,-0.45,41.66
2023-11-01,13:00,25.08,10.22,-11.39,10.5,-6.04
2023-11-01,14:00,109.4,-4.8,-9.15,-1.43,-21.43
2023-11-01,15:00,5.21,7.43,7.29,0.19,4.27
2023-11-01,16:00,-0.83,9.03,20.91,0.84,44.01
2023-11-01,17:00,26.01,3.54,97.74,12.64,66.24
2023-11-01,18:00,123.79,63.44,101.26,1.58,89.6
2023-11-01,19:00,110.25,63.96,74.77,11.59,87.81
2023-11-01,20:00,92.58,52.3,88.94,5.2,29.76
2023-11-01,21:00,26.92,16.65,121.11,17.87,89.08
2023-11-01,22:00,111.14,63.31,79.43,18.97,121.9
2023-11-01,23:00,22.2,34.8,78.59,18.79,43.2
2023-11-01,00:00,21.37,4.09,104.48,14.32,40.34
2023-11-02,01:00,40.95,-4.18,4.95,9.8,1.42
2023-11-02,02:00,76.54,0.8,18.11,6.86,-8.79
2023-11-02,03:00,52.43,43.38,-20.52,14.54,16.55
2023-11-02,04:00,9.74,12.6,81.51,8.89,46.01
2023-11-02,05:00,87.6,47.73,81.81,-2.18,30.66
2023-11-02,06:00,65.45,29.48,-15.25,0.41,0.01
2023-11-02,07:00,31.33,67.9,94.41,-0.2,89.65
2023-11-02,08:00,16.11,35.47,-3.57,21.21,115.97
2023-11-02,09:00,55.44,47.44,141.57,17.83,100.6
2023-11-02,10:00,99.61,62.45,142.89,5.48,10.15
2023-11-02,11:00,57.42,-2.29,91.92,12.59,18.4
2023-11-02,12:00,-12.39,6.83,89.76,9.75,67.51
2023-11-02,13:00,61.2,23.08,66.04,2.54,30.59
2023-11-02,14:00,103.21,27.79,112.85,12.24,24.61
2023-11-02,15:00,45.27,7.92,55.38,13.45,-18.44
2023-11-02,16:00,111.07,11.62,56.51,5.43,0.83
2023-11-02,17:00,-22.57,18.66,-2.65,13.33,26.61
2023-11-02,18:00,38.97,15.21,60.46,-0.66,75.58
2023-11-02,19:00,71,58.66,67.75,13.87,-14.72
2023-11-02,20:00,128.37,56.9,143.7,3.55,62.98
2023-11-02,21:00,55.26,70.18,150.43,1.73,90.98
2023-11-02,22:00,83.84,46.45,77.73,19.85,11.34
2023-11-02,23:00,19.38,63.54,31.22,15.19,44.25
2023-11-02,00:00,109.8,36.62,66.81,5.54,70.75
2023-11-03,01:00,39.32,36.9,42,3.93,92.59
2023-11-03,02:00,-25.31,16.24,-18.12,8.3,59.65
2023-11-03,03:00,-22,-4.46,110.02,10.68,-6.9
2023-11-03,04:00,29.85,10.83,22.18,8.91,25.11
2023-11-03,05:00,-8.63,9.58,140.85,12.71,33.62
2023-11-03,06:00,76.56,31.4,126.48,11.41,-10.13
2023-11-03,07:00,-9.06,59.71,22.61,-1.5,31.31
2023-11-03,08:00,97.12,61.03,111.6,8.12,117.65
2023-11-03,09:00,68.35,50.08,0.35,11.14,105
2023-11-03,10:00,100.86,49.65,31.78,13.42,20.77
2023-11-03,11:00,117.34,-3.19,38.82,7.83,12.03
2023-11-03,12:00,90.93,29.03,98.27,4.18,67.7
2023-11-03,13:00,-22.52,54.13,9.74,5.31,12.6
2023-11-03,14:00,50.02,53.98,69.38,4.17,-19.61
2023-11-03,15:00,18.12,3.65,109.85,-2.95,71.41
2023-11-03,16:00,100.98,-6.09,63.25,6.08,68.28
2023-11-03,17:00,-8.88,29.58,36.23,11.55,-10.96
2023-11-03,18:00,40.63,38.18,16.42,5.11,56.2
2023-11-03,19:00,107.33,56.29,21.41,11.7,13.49
2023-11-03,20:00,31.02,43.18,156.5,9.49,54.16
2023-11-03,21:00,7.51,54.83,7.59,9.63,81.79
2023-11-03,22:00,135.37,66.16,155.23,6.91,110.63
2023-11-03,23:00,139.08,11.45,133.22,17.21,92.68
2023-11-03,00:00,24.45,19.34,100.11,2.22,-2.58
2023-11-04,01:00,97.75,59.22,-10.08,11.62,0.33
2023-11-04,02:00,25.62,3.77,-25.51,1.35,0.27
2023-11-04,03:00,-12.15,29.11,-6.4,-0.66,2.32
2023-11-04,04:00,-22.4,33.96,64.97,6.56,48.01
2023-11-04,05:00,-8.79,-10.94,17.38,8.64,51.74
2023-11-04,06:00,35.56,-14.16,138.88,4.95,51.42
2023-11-04,07:00,90.06,58.59,4.26,-0.77,63.12
2023-11-04,08:00,110.6,36.65,53.73,-1.87,-11.79
2023-11-04,09:00,64.58,24.26,77,-1.25,36.93
2023-11-04,10:00,76.13,9.87,-19.62,11.36,71.2
2023-11-04,11:00,100.87,41.63,-9.68,1.77,44.67
2023-11-04,12:00,101.93,0.01,7.72,1.03,49.34
2023-11-04,13:00,56.31,42.06,110.78,-0.96,34.11
2023-11-04,14:00,84.8,23.07,40.3,2.07,74.08
2023-11-04,15:00,-13.14,48.59,78.03,14.31,-15.29
2023-11-04,16:00,48.49,22.97,81.06,-2.65,79.97
2023-11-04,17:00,8.31,-5.52,74.44,11.19,48.37
2023-11-04,18:00,-13.28,0.23,60.13,9.6,1.14
2023-11-04,19:00,80.57,7.04,113.58,11.13,17.39
2023-11-04,20:00,145.63,11.19,-23.19,5.76,50.53
2023-11-04,21:00,102.14,-3.51,-0.21,14.62,57.52
2023-11-04,22:00,13.82,9.42,104,4.28,20.68
2023-11-04,23:00,127.06,-0.72,108.18,4.42,41.02
2023-11-04,00:00,103.12,42.94,84.48,4.08,14.74
2023-11-05,01:00,61.56,44.38,49.7,11.11,89.33
2023-11-05,02:00,99.47,51.92,38.28,8.21,72.51
2023-11-05,03:00,37.77,20.98,116.08,12.77,36.85
2023-11-05,04:00,47.28,-11.91,79.48,-1.6,56.39
2023-11-05,05:00,9.75,36.89,83.34,6.45,33.87
2023-11-05,06:00,81.14,8.29,-12.91,1.08,-2.65
2023-11-05,07:00,107.47,41.6,66.04,9.62,60.82
2023-11-05,08:00,-20.68,27.26,28.39,10.84,86.7
2023-11-05,09:00,75.94,49.6,54.46,1.72,5.23
2023-11-05,10:00,77.63,-3.94,98,5.89,56.06
2023-11-05,11:00,-9.47,43.97,84.62,7.66,-11.52
2023-11-05,12:00,82.61,15.19,-18.24,6.67,-3.62
2023-11-05,13:00,13.36,13.78,80.25,4.83,26.33
2023-11-05,14:00,1.53,-13.42,87.36,4.68,56.86
2023-11-05,15:00,91.61,49.41,98.55,6.2,24.17
2023-11-05,16:00,58.97,11.62,44.12,12.37,41.3
2023-11-05,17:00,93.7,26.64,102.96,8.86,48.05
2023-11-05,18:00,61,53.15,25.04,2.22,74.85
2023-11-05,19:00,46.29,-0.96,108.5,7.33,62.59
2023-11-05,20:00,88.26,58.32,-20.6,1.55,25.75
2023-11-05,21:00,129.24,53.75,163.24,5.15,59.67
2023-11-05,22:00,36.05,3.97,162.35,16.43,94.72
2023-11-05,23:00,127.87,-3.46,75.9,10.52,43.31
2023-11-05,00:00,102.2,4.62,123.93,10.31,1.95
2023-11-06,01:00,57.59,33.25,85.7,0.66,36.52
2023-11-06,02:00,10.06,42.86,14.54,6.36,22.28
2023-11-06,03:00,-23.85,55.53,-33.38,5.39,31.17
2023-11-06,04:00,80.92,26.34,97.54,6.9,4.05
2023-11-06,05:00,-26.68,-14.89,136.21,7.67,-2.57
2023-11-06,06:00,95.88,1.64,90.63,9.99,63
2023-11-06,07:00,48.24,3.96,65.41,13.37,35.38
2023-11-06,08:00,127.4,7.35,102.5,9.87,114.29
2023-11-06,09:00,58.41,4.2,57.83,10.14,45.61
2023-11-06,10:00,40.81,-9.45,26.81,7.64,76.57
2023-11-06,11:00,69.76,-13.89,37.93,10.9,74.54
2023-11-06,12:00,92.71,11.55,21.33,-1.68,75.55
2023-11-06,13:00,24.69,34.52,14.84,8.39,46.93
2023-11-06,14:00,65.46,51.98,64.92,12.99,24.71
2023-11-06,15:00,59,-5.8,89.33,6.58,92.42
2023-11-06,16:00,84.19,48.43,100.48,11.44,65.88
2023-11-06,17:00,96.71,32.17,100.61,6.97,76.43
2023-11-06,18:00,54.65,62.86,146.88,4.91,-1.81
2023-11-06,19:00,72.84,65.76,177.58,10.25,62.87
2023-11-06,20:00,129.7,25.8,108.07,6.52,89.08
2023-11-06,21:00,134.4,29.79,164.28,18.53,97.78
2023-11-06,22:00,70.9,10.85,139.27,13.63,24.38
2023-11-06,23:00,156.59,41.15,156.01,7.43,125.76
2023-11-06,00:00,51.01,53.54,215.72,6.16,12.49
2023-11-07,01:00,22.67,44.28,118.8,13.39,23.62
2023-11-07,02:00,40.62,42.27,101.38,2.1,51.01
2023-11-07,03:00,99.14,43.91,168.87,-1.7,89.78
2023-11-07,04:00,16.67,11.85,64.07,7.42,7.44
2023-11-07,05:00,132.22,20.89,119.76,7.49,-13.72
2023-11-07,06:00,96.73,0.83,117.41,4.16,43.76
2023-11-07,07:00,45.92,44.54,81.02,17.82,36.52
2023-11-07,08:00,150.8,27.14,215.61,13.74,66.06
2023-11-07,09:00,75.3,70.63,75.75,8.96,66.15
2023-11-07,10:00,95.18,28.37,195.5,11.56,84.08
2023-11-07,11:00,114.27,53.48,143.96,7.7,15.27
2023-11-07,12:00,78.4,48.07,66.63,0.63,41.63
2023-11-07,13:00,36.82,44.19,174.66,3.46,54.11
2023-11-07,14:00,86.53,50.24,73.12,-0.36,-10.46
2023-11-07,15:00,-13.39,44.42,114.66,9.42,66.36
2023-11-07,16:00,26.23,17.9,68.41,7.5,31.6
2023-11-07,17:00,7.9,40.22,25.81,12.19,-12.18
2023-11-07,18:00,108.5,39.77,72.57,14.17,55.51
2023-11-07,19:00,89.85,32.52,108.18,4.01,2.95
2023-11-07,20:00,99.69,79.28,123.14,10.4,94.63
2023-11-07,21:00,165.33,42.43,82.84,19.58,111.72
2023-11-07,22:00,190.39,44.15,126.34,16.36,43.2
2023-11-07,23:00,92.42,56.93,226.71,19.36,58.61
2023-11-07,00:00,150.46,28.95,93.46,13.91,41.58
2023-11-08,01:00,48,20.37,118.32,17.41,10.19
2023-11-08,02:00,108.08,10.42,188.51,0.66,88.02
2023-11-08,03:00,58.38,-2.05,173.24,11.77,0.39
2023-11-08,04:00,89.79,11.97,110.16,9.34,59.9
2023-11-08,05:00,40.09,50.48,150.31,-0.23,72.71
2023-11-08,06:00,142.33,5.29,207.85,16.7,19.74
2023-11-08,07:00,161.16,37.5,95.3,9.62,92.23
2023-11-08,08:00,193.57,66.74,97.82,14.64,114.79
2023-11-08,09:00,40.48,50.36,217.16,7.33,63.47
2023-11-08,10:00,82.07,62.14,155.36,3.13,104.62
2023-11-08,11:00,58.93,39.42,98.4,15.89,63.83
2023-11-08,12:00,131.44,51.77,59.9,15.59,95.46
2023-11-08,13:00,118.88,-0.06,73.85,-1.03,30.61
2023-11-08,14:00,50.69,13.77,108.72,10.3,30.94
2023-11-08,15:00,103.09,10.95,78.7,11.51,75.08
2023-11-08,16:00,21,13.58,135.06,10.36,-9.86
2023-11-08,17:00,-7.9,35.28,149.89,12.24,41.52
2023-11-08,18:00,141.69,1.48,22.34,14.43,82.18
2023-11-08,19:00,115.4,14.16,149.45,12.61,27.15
2023-11-08,20:00,40.25,25.15,183.97,8.52,62.17
2023-11-08,21:00,110.68,82.96,86.7,17.46,117.82
2023-11-08,22:00,180.08,68.08,87.62,19.32,121.92
2023-11-08,23:00,128.81,62.41,106.91,5.65,82.87
2023-11-08,00:00,150.28,64.29,186.45,18.37,91.73
2023-11-09,01:00,90.32,75.18,66.36,11.17,62.01
2023-11-09,02:00,14.43,46.79,88.35,0.71,96.65
2023-11-09,03:00,129.52,40.53,185.06,14.15,106.82
2023-11-09,04:00,127.09,8.92,98.11,11.83,54.66
2023-11-09,05:00,57.74,19.95,125.08,16.58,91.24
2023-11-09,06:00,28.47,14.16,72.91,9.2,102.18
2023-11-09,07:00,73.36,62.23,211.83,7.7,75.09
2023-11-09,08:00,95.9,24.75,145.02,16.4,139.75
2023-11-09,09:00,134.86,16.69,47.12,15.05,41.33
2023-11-09,10:00,48.92,45.57,102.83,6.39,103.26
2023-11-09,11:00,-0.17,61.95,28.53,8.62,84.79
2023-11-09,12:00,36.98,26.96,2.5,13.75,42.6
2023-11-09,13:00,35.94,-8.43,51.61,7.98,74.64
2023-11-09,14:00,128.39,52.96,66.87,13.37,87.85
2023-11-09,15:00,51.86,56.1,15.85,8.48,-18.18
2023-11-09,16:00,109.98,23.54,132.28,0.57,85.82
2023-11-09,17:00,4.06,18.87,128.4,0.95,71.86
2023-11-09,18:00,66.04,57.65,67.1,2.01,104.32
2023-11-09,19:00,18.33,21.02,60.49,8.71,68.11
2023-11-09,20:00,71.83,12.48,99.66,3.5,16.1
2023-11-09,21:00,55.4,9.58,128.83,14.14,115.51
2023-11-09,22:00,97.88,44.31,71.79,14.44,19.99
2023-11-09,23:00,137.38,76.39,137.87,19.09,69.88
2023-11-09,00:00,74.7,39.22,74.09,7.37,62.96
2023-11-10,01:00,82.11,63.52,201.71,17.19,6.07
2023-11-10,02:00,92.18,2.5,101.94,7.41,98.63
2023-11-10,03:00,44.63,5.37,144.69,2.32,45.21
2023-11-10,04:00,56.48,24.95,70.48,10.58,8.36
2023-11-10,05:00,35.11,7.75,95.11,5.42,47.68
2023-11-10,06:00,119.02,20.53,172.86,7.09,17.93
2023-11-10,07:00,58.54,42.63,152.32,18.53,81.13
2023-11-10,08:00,178.67,26.94,104.61,19.25,152.75
2023-11-10,09:00,123.56,45.1,97.26,17.77,87.14
2023-11-10,10:00,182.34,26.56,211.65,1.78,33.31
2023-11-10,11:00,100.57,34.56,138.29,11.27,67.25
2023-11-10,12:00,157.26,15.47,78.17,1.38,90.75
2023-11-10,13:00,35.36,6.59,191.22,12.84,49.37
2023-11-10,14:00,90.33,43.23,26.65,3.1,61.87
2023-11-10,15:00,51.4,59.51,93.95,11.04,67.49
2023-11-10,16:00,21.3,31.37,123.72,2.02,32.72
2023-11-10,17:00,120.22,46.9,161.23,8.08,55.8
2023-11-10,18:00,118.69,27.06,219.16,19.99,104.73
2023-11-10,19:00,108.13,51.24,91.71,9.26,136.24
2023-11-10,20:00,103.71,56.68,162.91,20.77,121.4
2023-11-10,21:00,182.8,76.76,171.25,8.89,97.08
2023-11-10,22:00,155.57,27.72,272.45,13.66,104.87
2023-11-10,23:00,138.5,97,187.86,20.1,100.02
2023-11-10,00:00,177.32,27.14,180.4,19.73,104.33
2023-11-11,01:00,135.61,62.29,127.44,7.84,61.03
2023-11-11,02:00,200.06,88.7,184.79,15.65,122.16
2023-11-11,03:00,179,55.39,180.32,17.36,53.12
2023-11-11,04:00,182.96,68.89,133.61,18.05,54.69
2023-11-11,05:00,138.44,60.28,196.96,5.55,101.32
2023-11-11,06:00,63.95,27.27,238.35,16.32,123.46
2023-11-11,07:00,89.26,15.82,208.68,9.88,73.6
2023-11-11,08:00,85.18,47.22,82.36,17.08,93.81
2023-11-11,09:00,149.68,18.29,88.37,18.49,85.29
2023-11-11,10:00,156.85,43.44,156.57,19.92,67.76
2023-11-11,11:00,92.84,70.38,105,8.57,123.74
2023-11-11,12:00,85.06,63.79,85.67,18.15,105.45
2023-11-11,13:00,176.02,74.2,217.8,14.9,33.1
2023-11-11,14:00,51.91,13.39,80.81,15.69,119.62
2023-11-11,15:00,153.93,8.78,32.62,13.32,13.91
2023-11-11,16:00,48.95,29.47,46.4,4.36,86.48
2023-11-11,17:00,71.45,74.44,177.46,15.29,67.95
2023-11-11,18:00,88.41,66.47,142.55,20.8,86.89
2023-11-11,19:00,113.16,86.6,141.42,21.01,51.83
2023-11-11,20:00,233.67,64.75,262.24,13.84,136.58
2023-11-11,21:00,112.37,54,125.73,7.41,157.66
2023-11-11,22:00,185.24,91.68,199.68,8.52,148.55
2023-11-11,23:00,152.12,106.79,274.18,22.64,143.52
2023-11-11,00:00,206.05,68.6,232.41,7.61,147.72
2023-11-12,01:00,147.26,55.28,140.95,9.45,144.18
2023-11-12,02:00,183.32,88.79,165.74,7.93,75.18
2023-11-12,03:00,203.69,51.17,215.73,6.77,98.68
2023-11-12,04:00,67.43,42.23,90.79,18.77,111.79
2023-11-12,05:00,167.21,47.35,108.35,20.84,64.17
2023-11-12,06:00,181.71,30.56,121.94,16.51,151.99
2023-11-12,07:00,87.35,46.03,262.66,17.57,103.6
2023-11-12,08:00,215.17,47.79,224.59,17.42,75.88
2023-11-12,09:00,196.52,84.44,264.84,6.8,157.28
2023-11-12,10:00,106.25,79.49,221.84,10.97,87.6
2023-11-12,11:00,121.31,71.89,116.3,13.53,126.99
2023-11-12,12:00,171.25,71.78,123.72,8.15,110.24
2023-11-12,13:00,57.14,29.81,130.53,16.63,33.58
2023-11-12,14:00,57.37,7.88,75.78,10.29,100.83
2023-11-12,15:00,52.84,52.13,169.79,19.03,126.38
2023-11-12,16:00,125.47,71.39,79.51,8.81,67.49
2023-11-12,17:00,116.04,64.58,86.95,16.48,111.43
2023-11-12,18:00,183.07,34.08,85.08,15.6,129.17
2023-11-12,19:00,217.91,100.63,118.61,17.36,150.11
2023-11-12,20:00,242.91,73.63,147.37,26,121.24
2023-11-12,21:00,128.3,62.15,315.1,29.87,150.01
2023-11-12,22:00,150.32,86.74,243.6,21.99,181.4
2023-11-12,23:00,113.73,111.91,232.35,18.33,157.8
2023-11-12,00:00,198.78,55.63,122.3,14.18,79.03
2023-11-13,01:00,217.71,83.99,190.44,12.04,91.45
2023-11-13,02:00,119.23,91.76,94,21.68,94.85
2023-11-13,03:00,189.92,47.33,133.36,14.93,147.34
2023-11-13,04:00,147.06,81.11,202.5,17.65,156.31
2023-11-13,05:00,194.56,27.91,112.37,21.27,96.29
2023-11-13,06:00,93.03,95.95,140.4,15.55,124.66
2023-11-13,07:00,229.68,108.9,198.32,21.66,124.47
2023-11-13,08:00,227.07,59.85,168.67,19.01,207.75
2023-11-13,09:00,142.32,64.67,154.31,11.26,151.62
2023-11-13,10:00,175.97,83.13,256.73,22.99,85.47
2023-11-13,11:00,136.46,53.48,179.03,21.24,130.46
2023-11-13,12:00,185.84,25.57,138.44,18.66,87.94
2023-11-13,13:00,75.23,45.3,122.32,3.51,30.54
2023-11-13,14:00,75.95,18.92,216.27,10.95,113.89
2023-11-13,15:00,116.3,51.25,74.08,11.05,78.34
2023-11-13,16:00,32.53,35.7,120.71,17.55,100.51
2023-11-13,17:00,145.07,81.74,179.05,3.53,124.67
2023-11-13,18:00,195.89,31.58,95.01,14.28,58.32
2023-11-13,19:00,125.61,97.4,152.68,27.69,62.88
2023-11-13,20:00,112.73,85.66,280.32,26.67,120.94
2023-11-13,21:00,219.71,123.33,330.37,20.78,187.13
2023-11-13,22:00,223.4,101.12,253.16,20.57,176.4
2023-11-13,23:00,252.96,70.24,306.57,28.33,92.5
2023-11-13,00:00,251.22,51.93,187.38,17.6,124.3
2023-11-14,01:00,134.86,105.45,210.24,21.18,98.94
2023-11-14,02:00,102.94,36.49,126.5,19.34,148.86
2023-11-14,03:00,74.78,90.75,190.84,20.05,108.24
2023-11-14,04:00,172.13,33.25,227.52,21.89,125.15
2023-11-14,05:00,195.06,34.86,136.4,24.92,141.85
2023-11-14,06:00,81.12,89.26,175.63,17.41,63.42
2023-11-14,07:00,139.53,45.7,261.02,11.48,128.69
2023-11-14,08:00,127.26,90.69,244.09,28.48,135.04
2023-11-14,09:00,181.69,71.16,293.29,21.41,182.03
2023-11-14,10:00,101.25,49.46,84.09,23.36,79.8
2023-11-14,11:00,71.11,88.86,126.71,10.41,126.64
2023-11-14,12:00,152.88,61.26,57.59,3.04,78.15
2023-11-14,13:00,76.85,29.48,62.99,20.5,92.85
2023-11-14,14:00,85.18,59.32,103.4,4.64,23.51
2023-11-14,15:00,97.29,37.21,113.33,18.02,31.51
2023-11-14,16:00,121.3,11.82,49.71,11.88,53.69
2023-11-14,17:00,172.87,41.88,188.63,22.59,117.9
2023-11-14,18:00,171.1,26.08,68.95,12.93,90.49
2023-11-14,19:00,175.77,70.02,112.61,25.79,157.19
2023-11-14,20:00,127.28,74.59,245.48,24.39,170.14
2023-11-14,21:00,173.14,122.85,137.46,13.46,96.31
2023-11-14,22:00,129.87,100.5,180.67,22.11,164.34
2023-11-14,23:00,175.6,117.75,288.73,16.96,163.06
2023-11-14,00:00,133.31,91.25,226.89,16.59,124.88
2023-11-15,01:00,89.49,105.73,110.03,17.95,132.23
2023-11-15,02:00,65.17,70.38,122.14,25.47,150.96
2023-11-15,03:00,66.88,49.87,137.8,22.31,124.2
2023-11-15,04:00,83.55,53.38,177.53,17.44,109.33
2023-11-15,05:00,141.43,74.03,210.15,16.54,107.01
2023-11-15,06:00,134.57,62.94,128.79,20.77,107.1
2023-11-15,07:00,190.88,112.79,192.75,28.43,124.69
2023-11-15,08:00,177.18,77.68,249.19,18.47,127.27
2023-11-15,09:00,111.34,105.09,133.99,23.84,158.7
2023-11-15,10:00,134.84,70.43,100.21,18.05,112.09
2023-11-15,11:00,156.42,63.39,175.02,19.04,57.36
2023-11-15,12:00,99.48,62.4,52.11,16.08,30.88
2023-11-15,13:00,138.5,21.89,206.76,3.78,11.36
2023-11-15,14:00,135.73,16.55,186.84,6.8,115.83
2023-11-15,15:00,73.74,36.87,134.03,15.29,81.48
2023-11-15,16:00,107.46,8.05,89.14,17.48,37.19
2023-11-15,17:00,150.33,74.89,142.27,18.41,41.58
2023-11-15,18:00,135.15,22.75,45.29,21.98,38.79
2023-11-15,19:00,136.05,48.9,79.16,13.94,79.2
2023-11-15,20:00,138.43,77.59,191.97,24.83,68.01
2023-11-15,21:00,167.02,64.11,236.78,23.42,79.92
2023-11-15,22:00,157.99,64.9,291.82,28.98,153.47
2023-11-15,23:00,130.1,119.36,193.51,22.01,116.39
2023-11-15,00:00,130.66,76.49,100.75,25.24,165.87
2023-11-16,01:00,150.3,104.04,237.57,17.56,55.6
2023-11-16,02:00,93.56,54.11,85.1,13.27,100.16
2023-11-16,03:00,76.52,64.55,102.64,23.21,112.45
2023-11-16,04:00,82.13,57.81,127.26,15.65,131.58
2023-11-16,05:00,151.42,96.47,85.15,10.92,64.66
2023-11-16,06:00,65.03,71.7,246.28,18.16,96.87
2023-11-16,07:00,198.31,74.05,251.38,23.97,89.86
2023-11-16,08:00,188.59,75.75,262.46,17.26,137.48
2023-11-16,09:00,141.42,114.73,113.77,27.93,78.47
2023-11-16,10:00,165.05,59.91,85.48,23.47,79.96
2023-11-16,11:00,182.52,50.39,80.26,20.36,129.26
2023-11-16,12:00,109.77,20.16,63.34,12.08,86.34
2023-11-16,13:00,190.86,42.55,99.1,9.93,45.35
2023-11-16,14:00,112.39,68.37,143.62,7.73,64.15
2023-11-16,15:00,101.6,46.85,131.71,23.62,44.26
2023-11-16,16:00,171.93,49.37,218.55,11.93,117.63
2023-11-16,17:00,147.68,25.43,92.22,26.34,56.66
2023-11-16,18:00,90.08,57.9,103.25,22.18,128.11
2023-11-16,19:00,108.49,65.89,133.6,23.93,133.11
2023-11-16,20:00,150.88,130.48,235.15,24.81,95.39
2023-11-16,21:00,120.22,95.94,279.81,24.3,76.97
2023-11-16,22:00,152.5,66.77,290.01,29.43,81.45
2023-11-16,23:00,155.13,72.78,219.94,32.42,159.9
2023-11-16,00:00,138.7,91.77,238.21,16.66,148.7
2023-11-17,01:00,106.79,53.1,134.13,19.35,136.54
2023-11-17,02:00,212.28,85.01,249.29,18.12,168.9
2023-11-17,03:00,151.31,42.94,113.36,16.74,81.49
2023-11-17,04:00,123.26,82.34,177.42,18.79,131.96
2023-11-17,05:00,150,93.32,126.7,19.22,102.57
2023-11-17,06:00,144.67,102.98,191.6,23.74,95.17
2023-11-17,07:00,143.84,38.64,135.96,18.61,189.4
2023-11-17,08:00,227.63,64.09,187.05,26.73,170.1
2023-11-17,09:00,241.14,87.67,164.61,19.36,112.67
2023-11-17,10:00,224.72,68.39,191.24,13.88,161.52
2023-11-17,11:00,165.07,77.29,238.03,22.47,121.7
2023-11-17,12:00,123.67,21.49,227.95,17.54,51.54
2023-11-17,13:00,134.52,75.88,86.63,20.8,128.03
2023-11-17,14:00,159.43,17.56,74.85,17.28,96.75
2023-11-17,15:00,75.57,33.58,159.89,8.47,89.89
2023-11-17,16:00,116.9,77.79,224.86,13.61,140.54
2023-11-17,17:00,154.88,92.21,152.91,25.76,95.49
2023-11-17,18:00,173,83.33,147.37,22.85,155.12
2023-11-17,19:00,158.58,60.51,311.73,14.87,192.05
2023-11-17,20:00,163.36,100.83,292.06,18.6,120.75
2023-11-17,21:00,215.57,101.92,257.98,18.81,218.18
2023-11-17,22:00,190.25,123.42,225.11,31.25,211.98
2023-11-17,23:00,234.28,85.21,314.93,32.05,146
2023-11-17,00:00,235.96,98.76,267.57,30.78,124.46
2023-11-18,01:00,214.2,74.55,309.2,30.36,102.26
2023-11-18,02:00,200.16,106.36,295.68,31.68,113.11
2023-11-18,03:00,250.93,69.07,179.71,21.97,132.84
2023-11-18,04:00,151.11,68.79,169.67,30.45,181.19
2023-11-18,05:00,114.09,61.45,209.52,29.2,144.37
2023-11-18,06:00,246.09,50.67,291.67,23.32,114.23
2023-11-18,07:00,180.59,98.23,149.26,17.87,101.59
2023-11-18,08:00,247.77,86.53,133,27.07,99.21
2023-11-18,09:00,216.15,70.38,234.39,29.33,106.68
2023-11-18,10:00,233.42,120.52,170.06,12.39,156.03
2023-11-18,11:00,97.47,40.44,123.95,10.37,116.63
2023-11-18,12:00,93,68.59,194.3,17.44,137.79
2023-11-18,13:00,139.35,86.71,160.38,23.24,83.64
2023-11-18,14:00,196.24,43.03,93.04,15.81,152.07
2023-11-18,15:00,143.39,80.74,156.39,17.84,54.25
2023-11-18,16:00,188.14,44.69,70.62,18.08,73.78
2023-11-18,17:00,131.51,84.59,164.26,21.07,76.36
2023-11-18,18:00,139.83,44.63,240.38,22.47,83.98
2023-11-18,19:00,237.46,120.91,123.99,22.42,144.1
2023-11-18,20:00,158.85,77.01,236.09,20.42,191.14
2023-11-18,21:00,191.39,68.18,246.34,20.81,162.39
2023-11-18,22:00,264.06,124.23,194.44,13.06,192.62
2023-11-18,23:00,237.72,101.18,255.53,19.97,196.31
2023-11-18,00:00,203.09,82.77,266.27,20.98,120.66
2023-11-19,01:00,219.95,60.87,174.11,19.92,170.35
2023-11-19,02:00,188.41,94.25,196.25,15.45,170.64
2023-11-19,03:00,128.48,59.24,234.38,12.03,178.59
2023-11-19,04:00,165.37,82.71,188.8,16.94,130.92
2023-11-19,05:00,101.64,91.05,240.98,19.58,143.73
2023-11-19,06:00,173.14,90.26,154.37,27.9,123.47
2023-11-19,07:00,93.85,54.98,178.21,25.39,165.87
2023-11-19,08:00,127.95,84.5,277.32,16.85,127.6
2023-11-19,09:00,231.34,79.06,183.62,21.58,168.3
2023-11-19,10:00,239.21,92.92,150.25,10.83,109.32
2023-11-19,11:00,160.6,45.3,194.08,25.52,139.67
2023-11-19,12:00,71.87,32.22,217.8,5.23,103.19
2023-11-19,13:00,63.75,59.58,134.24,3.83,76.85
2023-11-19,14:00,152.9,37.64,142.31,14.15,81.83
2023-11-19,15:00,97.81,38.96,151.64,12.5,100.27
2023-11-19,16:00,165.18,48.56,207.95,19.19,74.32
2023-11-19,17:00,49.28,33.53,182.6,15.32,136.57
2023-11-19,18:00,73.99,94.6,129.87,18.63,67.4
2023-11-19,19:00,177.58,93.01,167.16,16.76,132.84
2023-11-19,20:00,173.03,113.96,142.56,20.9,119.8
2023-11-19,21:00,191.8,55.47,177.42,29.68,154.3
2023-11-19,22:00,130,78.04,192.72,23.4,185.68
2023-11-19,23:00,189.87,94.26,189.27,18.46,86.16
2023-11-19,00:00,223.3,47.24,284.83,20.5,104.05
2023-11-20,01:00,208.65,109,199.48,13.48,90.97
2023-11-20,02:00,195.2,55.32,104.94,27.03,160.15
2023-11-20,03:00,118.41,93.27,198.31,11.33,137.57
2023-11-20,04:00,193.08,90.45,111.51,18.19,135.45
2023-11-20,05:00,193.64,74.63,174.95,20.62,104.43
2023-11-20,06:00,178.72,61.26,149.57,16.84,163.26
2023-11-20,07:00,141.99,107,238.54,29.59,166.03
2023-11-20,08:00,248.49,69.76,151.87,24.19,160.77
2023-11-20,09:00,226.24,67.18,232.56,22.91,115.09
2023-11-20,10:00,181.14,79.05,183.55,8.59,79.07
2023-11-20,11:00,182.21,54.9,232.21,20.74,96.07
2023-11-20,12:00,106.5,63.01,206.8,20,69.83
2023-11-20,13:00,117.49,11.52,124.21,2.96,52.94
2023-11-20,14:00,149.06,80.5,78.25,9.7,103.82
2023-11-20,15:00,154.98,49.5,134.94,9.92,45.29
2023-11-20,16:00,145.49,62.44,90.56,11.67,39.17
2023-11-20,17:00,99.29,20.21,51.72,4.87,123.14
2023-11-20,18:00,131.75,40.71,121.83,9.73,66.88
2023-11-20,19:00,152.22,39.92,123.47,25.94,117.01
2023-11-20,20:00,145.91,99.53,141.86,11.71,93.76
2023-11-20,21:00,144,123.2,204.19,29.09,166.89
2023-11-20,22:00,128.21,115.32,219.32,18.74,179.6
2023-11-20,23:00,188.55,105.33,187.28,25.16,190.56
2023-11-20,00:00,129.84,99.82,223.51,25.5,99.84
2023-11-21,01:00,196.32,55.05,199.94,20.33,84.61
2023-11-21,02:00,167.08,54.05,132.64,11.23,97.7
2023-11-21,03:00,140.04,69.43,251.25,26.43,80.65
2023-11-21,04:00,123.86,37.04,207.65,23.03,146.54
2023-11-21,05:00,199.47,52.53,102.68,22.88,124.68
2023-11-21,06:00,78.92,50.73,167.52,21.67,80.18
2023-11-21,07:00,197.14,102.48,289.49,16.99,100.81
2023-11-21,08:00,146.11,118.45,248.37,26.39,159.16
2023-11-21,09:00,200.74,63.81,232.4,17.05,177.26
2023-11-21,10:00,192.37,62.34,143.51,24.61,158.32
2023-11-21,11:00,95.87,40.19,97.95,9.5,90.86
2023-11-21,12:00,45.68,42.32,104.34,17.28,69.72
2023-11-21,13:00,53.64,20.14,152.07,9.25,33.62
2023-11-21,14:00,141.41,63.31,113.37,7.89,97.93
2023-11-21,15:00,52.57,53.49,120.42,7.74,35.11
2023-11-21,16:00,116.36,14.1,18.32,13.19,122
2023-11-21,17:00,44.08,46.16,114.83,18.74,91.45
2023-11-21,18:00,70.37,55.57,86.32,5.42,86.64
2023-11-21,19:00,134.46,44.34,228.09,18.95,141.55
2023-11-21,20:00,220.04,100.48,158.63,18.14,138.17
2023-11-21,21:00,207.85,86.88,219.78,23.39,176.86
2023-11-21,22:00,185.26,95.62,212.49,15.56,130.9
2023-11-21,23:00,152.16,56.64,160.65,24.84,76.27
2023-11-21,00:00,147.68,54.6,129.35,16.01,87.54
2023-11-22,01:00,192.02,99.5,190.35,19.64,137.88
2023-11-22,02:00,87.15,63.2,98.99,17.9,130.78
2023-11-22,03:00,110.23,75.18,195.55,10.05,64.47
2023-11-22,04:00,91.77,69.49,225.43,10.28,157.82
2023-11-22,05:00,99.58,86.26,132.69,23.44,67.68
2023-11-22,06:00,160.78,102.75,142.15,21.76,126.32
2023-11-22,07:00,148.92,72.56,155.93,26.57,123.38
2023-11-22,08:00,206.6,109.6,265.63,23.89,188.05
2023-11-22,09:00,182.07,71.16,218.16,28.97,149.23
2023-11-22,10:00,145.64,84.22,87.01,19.84,48.09
2023-11-22,11:00,134.75,61.26,169.31,26.14,82.88
2023-11-22,12:00,140.05,48.53,85.05,20.92,96.79
2023-11-22,13:00,157.66,32.98,42.37,9.33,60.46
2023-11-22,14:00,20.58,9.84,75.56,13.02,86.35
2023-11-22,15:00,77.88,56.86,58.43,11.61,105.92
2023-11-22,16:00,150.79,21.85,113.22,18.38,73.06
2023-11-22,17:00,66.68,5.78,76.81,19.14,120.25
2023-11-22,18:00,155.93,101.41,166.94,21.51,65.74
2023-11-22,19:00,155.92,109.67,133.93,10.25,82.17
2023-11-22,20:00,125.69,38.06,97.25,5.25,98.01
2023-11-22,21:00,146.14,76.5,196.98,16.3,72.9
2023-11-22,22:00,153.93,117.46,148.5,7.65,143.29
2023-11-22,23:00,218.8,86.85,145.77,20.41,80.87
2023-11-22,00:00,203.74,86.43,122.9,6.46,105.33
2023-11-23,01:00,164.53,41.83,57.8,21.29,99.98
2023-11-23,02:00,142.06,81.65,141.97,17.3,96.46
2023-11-23,03:00,108.75,19.59,142.81,5.53,103.01
2023-11-23,04:00,68.51,74.29,83.22,7.85,88.37
2023-11-23,05:00,145.5,49.36,122.88,18.12,111.3
2023-11-23,06:00,117.06,56.95,166.56,18.03,126.84
2023-11-23,07:00,133.98,38.84,126.23,14.8,107.01
2023-11-23,08:00,206.58,63.32,136.03,23,120.72
2023-11-23,09:00,134.19,70.38,252.7,19.2,89.53
2023-11-23,10:00,55.65,51.46,194.82,19.38,84.58
2023-11-23,11:00,62.26,45,139.05,8.11,82.68
2023-11-23,12:00,83.9,73.3,117.17,14.98,93.9
2023-11-23,13:00,56.98,5.96,63.12,1.38,10.03
2023-11-23,14:00,147.8,70.7,173.68,16.43,110.24
2023-11-23,15:00,81.44,64.44,84,6.09,100.61
2023-11-23,16:00,161.31,64.01,51.8,5.64,69.9
2023-11-23,17:00,26.12,56.75,193.4,7.38,33.61
2023-11-23,18:00,78.11,57.39,116.36,17.79,54.13
2023-11-23,19:00,198.57,71.16,254.35,9.01,37.48
2023-11-23,20:00,103.1,53.28,209.01,9.8,79.67
2023-11-23,21:00,199.13,100.79,265.57,28.65,119.47
2023-11-23,22:00,237.78,77.95,263.04,16.33,180.8
2023-11-23,23:00,247.13,83.38,313.26,25.35,127.4
2023-11-23,00:00,168.81,61.22,284.65,11.5,65.85
2023-11-24,01:00,160.44,41.6,196.85,10.15,102.51
2023-11-24,02:00,210.52,78.32,172.32,14.78,137.6
2023-11-24,03:00,224.98,76.24,220.17,20.58,154.15
2023-11-24,04:00,168.33,25.46,176.22,12.56,158.24
2023-11-24,05:00,184.09,70.25,288.71,15.33,62.18
2023-11-24,06:00,162.61,60.88,253.44,25.38,108.98
2023-11-24,07:00,232.92,103.43,208.48,13.64,80.85
2023-11-24,08:00,234.53,110.04,195.28,26.49,107.86
2023-11-24,09:00,233.64,71.49,274.7,32.07,155.21
2023-11-24,10:00,172.78,34.14,305,26.53,146.42
2023-11-24,11:00,117.88,25.64,159.77,11.55,160.41
2023-11-24,12:00,98.86,55.33,160.34,22.95,103.11
2023-11-24,13:00,88.29,71.98,99.96,12.9,83.05
2023-11-24,14:00,178.19,40.92,155.1,9.44,74.03
2023-11-24,15:00,179.73,82.35,116.83,13.27,86.96
2023-11-24,16:00,86.83,40.83,110.62,22.95,127.35
2023-11-24,17:00,122.86,70.09,250.92,18.41,99.74
2023-11-24,18:00,198.35,37.65,197.01,16.35,133.62
2023-11-24,19:00,165.43,125.15,281.41,17.62,135.86
2023-11-24,20:00,207.47,65.48,172.02,16.87,181.94
2023-11-24,21:00,205.56,66.2,240.37,24.93,136.35
2023-11-24,22:00,171.85,111.96,354.12,22.76,194.86
2023-11-24,23:00,200.71,88.28,232.11,17.11,192.37
2023-11-24,00:00,209.71,132.73,335.8,31.48,113.36
2023-11-25,01:00,165.38,105.7,312.15,16.4,103.51
2023-11-25,02:00,205.66,109.17,246.69,30.7,107.01
2023-11-25,03:00,200.18,98,250.87,16,151.07
2023-11-25,04:00,245.01,109.72,155.15,20.55,100.75
2023-11-25,05:00,123.34,108.47,262.56,22,154.15
2023-11-25,06:00,164.06,120.49,283.01,26.86,97.77
2023-11-25,07:00,223.39,58.57,145.68,15.75,144.93
2023-11-25,08:00,238.41,73.62,299.53,15.95,106.34
2023-11-25,09:00,216.88,80.96,171.92,22.16,138.79
2023-11-25,10:00,179.52,79.8,154.4,20.55,124.99
2023-11-25,11:00,208.01,63.38,187.32,25.45,114.06
2023-11-25,12:00,184.31,83.06,201.89,7.19,153.43
2023-11-25,13:00,141.65,62.7,217.59,20.73,141.01
2023-11-25,14:00,82.07,56.75,131.92,6.38,30.14
2023-11-25,15:00,151.41,18.92,89.1,12.24,63.26
2023-11-25,16:00,90.14,78.32,144.28,7.48,74.94
2023-11-25,17:00,102.48,69.87,220.14,11,51.03
2023-11-25,18:00,158.99,68.34,227.5,15.55,169.88
2023-11-25,19:00,251.44,75.23,238.66,24.43,183.95
2023-11-25,20:00,176.21,70.58,176.36,24.94,145.55
2023-11-25,21:00,162.03,139.99,182.28,26.76,186.81
2023-11-25,22:00,290.73,109.99,235.57,24.66,182.27
2023-11-25,23:00,160.04,87.51,214.34,19,131.78
2023-11-25,00:00,144.31,124.35,271.89,27.98,130.68
2023-11-26,01:00,179.31,113.54,298.71,19,192.72
2023-11-26,02:00,165.59,72.23,249.79,14.61,144.1
2023-11-26,03:00,205.81,60.8,176.84,16.2,142.03
2023-11-26,04:00,191.9,71.07,120.96,29.43,119.27
2023-11-26,05:00,151.35,73.37,150.65,17.67,181.05
2023-11-26,06:00,113.47,62.67,202.67,16.82,159.26
2023-11-26,07:00,163.32,101.62,199.79,17.8,101.67
2023-11-26,08:00,203.39,58.84,149.04,15.67,108.03
2023-11-26,09:00,138.88,68.05,186.17,21.11,181.81
2023-11-26,10:00,144.83,81.03,136.33,27.5,84.01
2023-11-26,11:00,190.58,105.35,156.55,27.83,77.96
2023-11-26,12:00,125.55,65.17,223.05,25.64,85.94
2023-11-26,13:00,121.48,34.73,234.9,17.4,126.98
2023-11-26,14:00,169.45,48.29,246.42,16.53,79.94
2023-11-26,15:00,74.36,49.3,172.95,20.61,137.52
2023-11-26,16:00,175.5,41.13,88.95,15.84,59
2023-11-26,17:00,207.19,47.43,197.5,22.29,148.94
2023-11-26,18:00,227.38,85.57,220.23,20.01,134.7
2023-11-26,19:00,120,114.34,161.08,25.1,182.89
2023-11-26,20:00,151.76,125.07,312.54,14.05,191.94
2023-11-26,21:00,185.83,95,321.54,28.85,129.96
2023-11-26,22:00,174.78,67.01,150.43,26.79,99.55
2023-11-26,23:00,211.98,122.96,275.7,28.69,95.4
2023-11-26,00:00,135.81,125.31,115.26,25.83,145.28
2023-11-27,01:00,200.9,58.33,140.45,32.69,164.97
2023-11-27,02:00,178.89,104.74,228.15,21.02,103.86
2023-11-27,03:00,121.22,50.06,180.46,11.68,112.03
2023-11-27,04:00,99.59,80.21,140.26,24.93,102.61
2023-11-27,05:00,97.93,72.79,238.55,13.79,94.11
2023-11-27,06:00,212.05,72.62,229.65,22.26,92.72
2023-11-27,07:00,198.14,109.95,187.96,20.47,124.23
2023-11-27,08:00,172.38,124.22,212.83,30.58,160.72
2023-11-27,09:00,230.34,109.57,237.06,18.9,137.62
2023-11-27,10:00,152.82,53.17,239.94,30.69,102.71
2023-11-27,11:00,125.41,62.63,207.46,17.93,175.53
2023-11-27,12:00,131.26,67.45,221.33,16.02,115.96
2023-11-27,13:00,97.46,38.98,160.87,20.04,103.72
2023-11-27,14:00,201.05,46.51,85.67,16.59,97.06
2023-11-27,15:00,192.36,87.3,185.36,23.66,147.06
2023-11-27,16:00,86.58,17.58,130.35,8.48,116.2
2023-11-27,17:00,169.55,35.25,99.03,11.7,109.48
2023-11-27,18:00,183.1,92.74,221.8,18.64,119.57
2023-11-27,19:00,241.39,121.81,277.4,28.94,153.7
2023-11-27,20:00,172.83,106.01,148.14,15.22,144.3
2023-11-27,21:00,194.11,111.45,302.72,22.95,191.39
2023-11-27,22:00,186.98,133.96,198.62,23.37,159.78
2023-11-27,23:00,155.34,104.75,192.75,24.65,107.1
2023-11-27,00:00,209.57,59.05,317.48,16.52,131.2
2023-11-28,01:00,201.25,53.8,202,26.84,114.26
2023-11-28,02:00,170.28,80.42,250.64,17.08,169.98
2023-11-28,03:00,94.84,68.56,194.37,11.52,80.11
2023-11-28,04:00,117.34,106.33,192.07,21.25,99.78
2023-11-28,05:00,196.59,112.32,172.9,10.66,84.03
2023-11-28,06:00,166.32,111.57,296.61,27.49,114.85
2023-11-28,07:00,199.56,75.91,271.57,29.75,168.45
2023-11-28,08:00,261.08,130.16,254.74,35.61,192.57
2023-11-28,09:00,181.89,124.94,315.39,31.19,146.44
2023-11-28,10:00,245.87,42.41,176.21,13.32,148.61
2023-11-28,11:00,218.15,58.06,248.59,17.37,68.28
2023-11-28,12:00,198.4,71.36,132.85,11.08,89.37
2023-11-28,13:00,62.67,78.43,222.07,15.3,96.07
2023-11-28,14:00,188.68,39.48,248.96,23.29,105.37
2023-11-28,15:00,126.93,69.04,214.97,20.63,139.37
2023-11-28,16:00,154.51,50.73,184.69,16.16,90.81
2023-11-28,17:00,166.74,69.25,179.43,18.56,78.36
2023-11-28,18:00,148.7,52.71,220.96,13.77,183.66
2023-11-28,19:00,168.56,67.9,315.52,30.07,157.25
2023-11-28,20:00,265.81,131.47,290.52,28.68,175.19
2023-11-28,21:00,207.02,136.79,239.79,29.02,163.68
2023-11-28,22:00,307.71,80.89,317.86,26.87,139.14
2023-11-28,23:00,188.3,146.07,296.14,24.65,171.43
2023-11-28,00:00,174.39,87.81,244.57,31.03,135.16
2023-11-29,01:00,277.34,113.87,208.77,25.31,89.56
2023-11-29,02:00,123.42,53.42,206.29,28.33,97.12
2023-11-29,03:00,176,107.76,208.04,25.45,99.2
2023-11-29,04:00,138.62,70.52,186.75,13.22,117.49
2023-11-29,05:00,229.9,116.14,222.45,22.14,162.82
2023-11-29,06:00,152.71,107.95,318.67,21.28,125.42
2023-11-29,07:00,185.33,104.99,331.27,15.11,106.41
2023-11-29,08:00,306.83,136.31,318.33,26.43,167.81
2023-11-29,09:00,219.23,56.18,264.62,32.58,141.01
2023-11-29,10:00,244.99,70.38,248.08,23.61,136.8
2023-11-29,11:00,202.53,58.33,137.96,21.07,66.86
2023-11-29,12:00,113.11,88.62,200.76,12.92,127.69
2023-11-29,13:00,118.97,56.89,155.86,15.99,51.64
2023-11-29,14:00,147.83,30.05,202.3,24.33,137.53
2023-11-29,15:00,178.05,31.35,255.25,19.23,125.54
2023-11-29,16:00,107.33,37.72,143.35,28.26,112.55
2023-11-29,17:00,204.31,47.81,212.65,18.17,180.45
2023-11-29,18:00,237.86,123.93,162.28,30.98,155.49
2023-11-29,19:00,290.33,90.74,363.05,31.61,181.71
2023-11-29,20:00,228.8,83.85,311.16,20.63,175.43
2023-11-29,21:00,282.58,97.49,386.37,19.06,167.58
2023-11-29,22:00,253.98,94.71,324.14,20.89,179.93
2023-11-29,23:00,316.89,130.65,291.97,23.07,171.53
2023-11-29,00:00,251.5,100.26,290.94,31.89,141.38
2023-11-30,01:00,297.26,82.14,356.58,28.26,153.95
2023-11-30,02:00,187.52,108.29,237.8,30.8,145.84
2023-11-30,03:00,232.67,135.13,194.68,17.13,166.57
2023-11-30,04:00,175.97,69.99,316.46,18.11,208.84
2023-11-30,05:00,155.38,81.09,267.45,14.2,99.73
2023-11-30,06:00,166.42,75.81,257.99,31.18,206.26
2023-11-30,07:00,189.98,99.82,260.74,33.14,211.94
2023-11-30,08:00,262.35,138.93,336.39,37.91,234.92
2023-11-30,09:00,249.72,69.46,288.36,26.48,230.81
2023-11-30,10:00,216.27,97.6,243.68,30.46,119.6
2023-11-30,11:00,134.89,78.95,281.58,15.31,147.14
2023-11-30,12:00,125.47,49.34,312.04,22.03,145.5
2023-11-30,13:00,193.3,48,147.25,15.57,121.61
2023-11-30,14:00,166.99,51.3,167.43,15.27,153.39
2023-11-30,15:00,208.42,19.09,173.76,17.52,161.14
2023-11-30,16:00,207.98,26.24,284.58,26.13,56.81
2023-11-30,17:00,138.1,79.06,229.63,28.07,97.92
2023-11-30,18:00,241.73,92.54,200.16,21.53,181.43
2023-11-30,19:00,267.05,125.87,256.36,34.4,139.84
2023-11-30,20:00,280.58,123.92,263.78,28.43,244.16
2023-11-30,21:00,244.52,133.55,248.09,27.17,215.82
2023-11-30,22:00,285.45,127.83,254.34,29.17,245.7
2023-11-30,23:00,246.74,104.56,274,26.56,148.42
2023-11-30,00:00,333.63,121.4,279.56,25.97,130.84
2023-12-01,01:00,272.78,88.08,251.89,21.63,195.93
2023-12-01,02:00,289.63,104.46,199.56,26.9,199.39
2023-12-01,03:00,270.27,97.71,253.52,31.52,211.57
2023-12-01,04:00,160.55,82.63,266.48,19.26,111.25
2023-12-01,05:00,228.84,83.34,181.06,27.16,121.1
2023-12-01,06:00,199.29,106.8,208.57,29.13,205.02
2023-12-01,07:00,237.39,145.8,295.61,34.65,178.31
2023-12-01,08:00,313.52,100.44,243.27,31.29,137.08
2023-12-01,09:00,204.5,119.07,302.16,23.62,153.47
2023-12-01,10:00,238.51,66.04,322.08,16.9,175.18
2023-12-01,11:00,236.01,84.32,292.67,20.42,80.24
2023-12-01,12:00,212.66,40.33,286.6,23.46,162.49
2023-12-01,13:00,201.16,76.72,248.44,12.59,150.79
2023-12-01,14:00,162.7,45.46,251.59,12.59,73.75
2023-12-01,15:00,154.59,30.98,225.1,11.98,136.06
2023-12-01,16:00,173.07,53.79,258.42,17.95,137.22
2023-12-01,17:00,195.63,59.84,289.35,20.77,183.34
2023-12-01,18:00,222.3,99.84,273.7,22.85,196.38
2023-12-01,19:00,195.04,122.78,285.57,23.73,136.78
2023-12-01,20:00,318.12,121.78,305.66,32.64,149.66
2023-12-01,21:00,269.39,107.27,379.37,30.2,169.55
2023-12-01,22:00,266.97,113.84,361.07,33.25,255.27
2023-12-01,23:00,304.7,97.05,346.28,23.05,158.74
2023-12-01,00:00,256.61,123.19,203.31,27.35,200.88
2023-12-02,01:00,268.56,159.5,292.7,28.18,189.36
2023-12-02,02:00,243.4,119.52,230.6,34.95,117.85
2023-12-02,03:00,278.98,137.88,335.89,18.89,202.24
2023-12-02,04:00,153.8,139.53,222.12,23.4,213.6
2023-12-02,05:00,169.22,116.2,283.77,18.46,170.23
2023-12-02,06:00,132.42,92.02,304.81,28.84,205.12
2023-12-02,07:00,178.92,82.14,303.66,28.94,130.97
2023-12-02,08:00,280.35,99.4,243.94,22.04,132.67
2023-12-02,09:00,209.94,111.65,294.96,19.04,168.42
2023-12-02,10:00,164.93,137.32,263.01,19.66,146.54
2023-12-02,11:00,142.7,89.99,186.87,16.72,185.34
2023-12-02,12:00,181.57,87.89,240.36,28.84,116.55
2023-12-02,13:00,137.48,85.55,190.96,25.46,78.23
2023-12-02,14:00,156.62,81.75,231.72,14.91,71.1
2023-12-02,15:00,96.89,74.51,146.43,18.42,132.74
2023-12-02,16:00,75.64,41.09,235.21,15.29,93.27
2023-12-02,17:00,117.48,47.34,284.06,16.51,165.64
2023-12-02,18:00,115.78,127.16,273.1,18.7,137.38
2023-12-02,19:00,244.61,63.73,200.69,22.14,155.21
2023-12-02,20:00,224.75,123.98,207.94,20.49,169.02
2023-12-02,21:00,220.95,94.75,338.7,19.72,210.81
2023-12-02,22:00,297.18,81.49,250.49,20.19,183.32
2023-12-02,23:00,157.93,121.4,274.17,35.9,173.56
2023-12-02,00:00,190.69,102.37,243.08,26.72,128.08
2023-12-03,01:00,268.02,84.9,263.71,22.93,167.53
2023-12-03,02:00,216.35,110.93,253.6,25.28,140.02
2023-12-03,03:00,130.14,86.79,194.66,25.48,120.01
2023-12-03,04:00,221.59,67.05,231.66,29.32,107.1
2023-12-03,05:00,218.15,58.37,244.55,22.76,194.19
2023-12-03,06:00,156.85,84.9,255.04,15.55,210.48
2023-12-03,07:00,133.89,115.45,170.57,27.82,110.19
2023-12-03,08:00,216.55,99.63,261.27,31.98,125.04
2023-12-03,09:00,194.1,62.82,299.32,24.38,180.76
2023-12-03,10:00,193.37,103.24,214,15.2,106.87
2023-12-03,11:00,120.29,86.05,304.34,24.33,141.09
2023-12-03,12:00,185.56,71.73,123.22,14.12,110.38
2023-12-03,13:00,133.61,40.83,199.02,19.24,59.39
2023-12-03,14:00,196.31,44.24,248.88,4.31,115.19
2023-12-03,15:00,102.68,47.81,113.73,20.55,84.68
2023-12-03,16:00,81,55.42,93.11,22.46,92.92
2023-12-03,17:00,183.02,104.94,214.83,12.4,92.24
2023-12-03,18:00,193.9,105.72,244.72,15.88,163.93
2023-12-03,19:00,173.91,89.23,189.52,17.92,153.8
2023-12-03,20:00,246.22,114.21,243.63,19.78,115.44
2023-12-03,21:00,193.52,139.29,311.41,29.16,207.47
2023-12-03,22:00,262.14,158.37,303.47,23.13,185.21
2023-12-03,23:00,180.69,99.9,313.44,33.89,183.33
2023-12-03,00:00,264.64,87.48,176.52,30.53,215.57
2023-12-04,01:00,202.23,134.26,241.77,20.41,119.28
2023-12-04,02:00,227.07,128.21,275.91,25.38,168.49
2023-12-04,03:00,222.36,72.45,209.43,26.98,167.87
2023-12-04,04:00,217.77,100.11,300.61,19.41,181.22
2023-12-04,05:00,130.75,115.84,269.96,19.62,193.27
2023-12-04,06:00,197.61,131.61,238.22,33.74,145
2023-12-04,07:00,256.87,126.23,257.07,34.81,221.1
2023-12-04,08:00,172.46,94.75,328.72,38.38,156.39
2023-12-04,09:00,274.41,77.41,317.69,33,139.35
2023-12-04,10:00,147.59,92.44,180.9,21.66,180.8
2023-12-04,11:00,114.84,94.15,180.01,19.83,135.22
2023-12-04,12:00,206.8,75.18,220.13,16.2,69.26
2023-12-04,13:00,162.61,65.48,122.13,20.41,105.68
2023-12-04,14:00,140.02,19.48,197.74,5.35,76.33
2023-12-04,15:00,87.63,38.03,124.51,15.04,133.28
2023-12-04,16:00,197.39,64.37,161.83,14.33,38.66
2023-12-04,17:00,125.1,35.62,77.41,18.22,119.64
2023-12-04,18:00,124.77,60.18,152.41,26.06,167.24
2023-12-04,19:00,217.81,67.58,258.89,28.44,190.14
2023-12-04,20:00,206.46,124.52,179.15,33.1,157.48
2023-12-04,21:00,248.98,118.88,287.29,30,197.56
2023-12-04,22:00,171.67,135.55,325.37,26.92,207.09
2023-12-04,23:00,169.85,119.24,254.6,23.63,128.41
2023-12-04,00:00,230.92,88.84,247.86,16.76,113.82
2023-12-05,01:00,124.56,83.95,234.02,18.13,192.26
2023-12-05,02:00,100.35,58.2,127.81,29.82,166.86
2023-12-05,03:00,166.7,83.75,148.7,23.44,104.02
2023-12-05,04:00,134.36,70.82,245.47,17.59,119.22
2023-12-05,05:00,124.1,65.78,283.12,15.16,113.1
2023-12-05,06:00,192.95,85.04,211.81,26.17,194.27
2023-12-05,07:00,249.35,128.07,150.63,22.42,153.54
2023-12-05,08:00,209.52,83.97,308.41,25.68,200.32
2023-12-05,09:00,166.71,110.58,165.13,36.4,141.92
2023-12-05,10:00,234.62,115.4,275,27.48,146.82
2023-12-05,11:00,196.48,100.57,226.94,9.54,119.53
2023-12-05,12:00,101.64,55.39,192.04,5.21,140.61
2023-12-05,13:00,142.9,65.9,132.74,6.86,47
2023-12-05,14:00,130.05,51.58,193.39,3.89,75.73
2023-12-05,15:00,72.9,45.47,71.92,19.3,85.86
2023-12-05,16:00,75.45,71.98,177.24,12.26,133.01
2023-12-05,17:00,185.7,49.03,202.52,12.32,148.11
2023-12-05,18:00,204.14,87.54,176.41,11.13,168.78
2023-12-05,19:00,205.37,118.53,202.85,19.34,179.78
2023-12-05,20:00,251.51,94.32,284.1,14.73,177.72
2023-12-05,21:00,147.07,108.46,244.95,24.88,140.06
2023-12-05,22:00,267.35,121.51,174.69,32.94,127.62
2023-12-05,23:00,285.43,154.26,193.58,20.08,141.12
2023-12-05,00:00,268.77,85.72,286.02,23.42,171.03
2023-12-06,01:00,146.1,132.65,182.6,27.35,204.98
2023-12-06,02:00,94.01,60.43,183.23,22.19,185.51
2023-12-06,03:00,205.15,66.34,148.98,29.55,176.14
2023-12-06,04:00,92.59,113.4,111.64,30.95,107.05
2023-12-06,05:00,117.62,102.9,185.38,25.09,106.43
2023-12-06,06:00,225.93,59.15,151.67,21.61,167.89
2023-12-06,07:00,134.92,73.46,172.07,18.03,111.78
2023-12-06,08:00,230.96,114.54,215.7,24.97,157.14
2023-12-06,09:00,258.99,71.14,296.15,26.25,155.04
2023-12-06,10:00,124.59,49.94,201.46,13.43,168.5
2023-12-06,11:00,140.83,96.85,266.37,19.08,177.11
2023-12-06,12:00,214.93,91.98,123.92,7.49,166.31
2023-12-06,13:00,102.01,72.46,140.42,20.67,133.43
2023-12-06,14:00,75.31,19.37,222.51,11.93,48.31
2023-12-06,15:00,61.84,18.39,225.91,7.96,67.56
2023-12-06,16:00,74.29,63.96,103.23,12.93,168.86
2023-12-06,17:00,105.09,84.19,102.89,19.32,81.57
2023-12-06,18:00,87.48,98.64,191.5,15.4,93.18
2023-12-06,19:00,106.29,120.59,172.32,19.6,127.66
2023-12-06,20:00,222.18,121.06,199.61,16.63,192.5
2023-12-06,21:00,270.51,113.76,321.47,26.76,201.1
2023-12-06,22:00,199,102.48,249.3,23.84,147.73
2023-12-06,23:00,231.09,121.09,240.38,27,210.84
2023-12-06,00:00,203.46,116.82,233.33,32.31,99.17
2023-12-07,01:00,152.55,112.36,180.65,23,106.41
2023-12-07,02:00,154.94,56.2,230.58,30.19,191.75
2023-12-07,03:00,125.23,104.68,191.77,29.47,179.19
2023-12-07,04:00,98.6,64.57,182.08,13.33,158.32
2023-12-07,05:00,110.72,109.71,161.95,13.05,83.79
2023-12-07,06:00,181.8,63.37,193.27,25.9,86.45
2023-12-07,07:00,202.38,82.63,191.4,27.74,196.17
2023-12-07,08:00,242.45,95.12,301.55,22.37,226.69
2023-12-07,09:00,149.64,56.47,320.74,17.38,158.92
2023-12-07,10:00,191.54,101.63,176.45,16.05,164.59
2023-12-07,11:00,193.49,99.69,242.18,24.94,154.09
2023-12-07,12:00,57.44,47.27,134.06,20.73,135.05
2023-12-07,13:00,70.87,43.12,183.39,15.96,131.2
2023-12-07,14:00,53.01,79.51,128.86,9.35,100.33
2023-12-07,15:00,84.72,41.27,49.42,9.49,53.16
2023-12-07,16:00,160.64,52.85,111.12,9.64,114.91
2023-12-07,17:00,68.15,27.82,234.74,14.79,108.76
2023-12-07,18:00,75.94,54.5,169.65,9.2,78.93
2023-12-07,19:00,144.71,106.45,120.19,13.55,103.27
2023-12-07,20:00,225.1,132.69,270.15,25.19,163.61
2023-12-07,21:00,227.87,74.1,233.87,25.86,208.87
2023-12-07,22:00,204.71,87.36,228.9,25.01,132.2
2023-12-07,23:00,208.7,111.06,198.21,32.3,169.33
2023-12-07,00:00,205.35,66.58,264.26,21.44,90.84
2023-12-08,01:00,161.65,113.17,192.56,25.79,168.18
2023-12-08,02:00,88.94,102.14,188.31,25.65,96.54
2023-12-08,03:00,68.49,79.37,216.28,11.71,148.71
2023-12-08,04:00,93.22,69.1,147.7,19.62,81.8
2023-12-08,05:00,66.59,52.58,176.06,26.57,64.34
2023-12-08,06:00,210.28,117.5,102.98,22.35,92.12
2023-12-08,07:00,222.71,72.87,216.7,22.56,182.03
2023-12-08,08:00,230.32,87.49,140.98,23.35,182.03
2023-12-08,09:00,156.29,53.57,187.62,31.95,132.63
2023-12-08,10:00,81,69.51,90.32,20.06,92.92
2023-12-08,11:00,155.09,82.07,207.89,15.63,78.69
2023-12-08,12:00,170.91,64.38,108.39,9.81,82.83
2023-12-08,13:00,133.76,76,141.92,8.29,116.84
2023-12-08,14:00,54.72,26.07,69.94,16.71,82.55
2023-12-08,15:00,160.43,77.71,101.58,15.09,102.24
2023-12-08,16:00,122.7,60.34,134.9,17.29,97.03
2023-12-08,17:00,91.19,77.02,47.03,5.59,73.73
2023-12-08,18:00,171.11,93.45,137.42,4.15,32.55
2023-12-08,19:00,108.69,59.78,144.01,18.71,101.5
2023-12-08,20:00,203.44,78.32,186.6,24.93,109.24
2023-12-08,21:00,158.39,109.07,133.31,16.87,144.96
2023-12-08,22:00,118.99,54.18,168.29,23.1,118.99
2023-12-08,23:00,201.53,89.07,139.54,21.72,130.67
2023-12-08,00:00,194.51,97.7,246.34,8.47,135.05
2023-12-09,01:00,119.06,92.02,146.62,14.26,36.56
2023-12-09,02:00,155.74,86.72,112.2,15.81,37.78
2023-12-09,03:00,156.92,52.55,138.22,10.27,98.94
2023-12-09,04:00,66.77,78.84,198.16,21.08,98.71
2023-12-09,05:00,101.91,37.96,84.58,10.17,122.04
2023-12-09,06:00,175.47,57.87,64.72,13.22,130.78
2023-12-09,07:00,57.26,41.45,199.33,11.25,66.76
2023-12-09,08:00,123.21,86.22,124.63,18.99,46.76
2023-12-09,09:00,64.81,48.71,156.07,10.9,105.72
2023-12-09,10:00,97.13,71.67,65.32,18.92,155.67
2023-12-09,11:00,71.7,88.85,54.48,7.49,42.04
2023-12-09,12:00,188.46,39.61,176.06,15.16,84.06
2023-12-09,13:00,132.32,84.22,163.22,20.36,114.66
2023-12-09,14:00,37.07,61.95,181.03,9.81,123.03
2023-12-09,15:00,123.1,16.93,58.47,5.53,45.62
2023-12-09,16:00,81.3,42.97,25.62,15.04,16.77
2023-12-09,17:00,72.8,28.2,180.36,8.92,69.59
2023-12-09,18:00,89.78,64.14,195.11,5.1,20.38
2023-12-09,19:00,156.71,33.86,164.16,16,106.97
2023-12-09,20:00,98.26,73.53,141.23,9.11,139.43
2023-12-09,21:00,148.5,81.39,215.66,12.93,115.05
2023-12-09,22:00,67.42,65.4,126.19,16.59,63.86
2023-12-09,23:00,154.11,83.14,162.19,13.81,61.32
2023-12-09,00:00,129.92,42,213.83,17.91,105.69
2023-12-10,01:00,48.36,56.39,120.19,23.01,77.79
2023-12-10,02:00,58.42,40.69,126.44,22.08,91.88
2023-12-10,03:00,93.96,26.63,121.44,14.26,104.61
2023-12-10,04:00,159.73,48.64,164.65,17.39,20.94
2023-12-10,05:00,121.12,79.05,174.7,21.31,34.23
2023-12-10,06:00,38.76,73.22,217.09,20.05,23.08
2023-12-10,07:00,70.13,44.87,107.12,18.95,98.72
2023-12-10,08:00,189.03,72.07,82.04,17.49,77.59
2023-12-10,09:00,68.61,49.01,124.88,7.64,121.96
2023-12-10,10:00,106.17,59.87,213.03,13.6,48.65
2023-12-10,11:00,150.8,95.13,91.17,21.43,117.37
2023-12-10,12:00,148.71,20.09,211.88,5.99,27.06
2023-12-10,13:00,111.27,79.96,104.63,9.35,61.95
2023-12-10,14:00,71.53,37.68,161.12,10.85,15.87
2023-12-10,15:00,89.72,55.11,158.37,13.5,20.32
2023-12-10,16:00,86.21,67.76,121.52,19.31,79.47
2023-12-10,17:00,30.51,37.21,127.41,15.98,119.95
2023-12-10,18:00,66.85,52.21,159.02,14.22,121.21
2023-12-10,19:00,152.45,41.79,44.37,13.62,93.43
2023-12-10,20:00,189.14,63.07,178.81,23.29,71.48
2023-12-10,21:00,220.1,59.13,244.12,17.81,108.17
2023-12-10,22:00,77.86,66.39,187.77,9.09,141.3
2023-12-10,23:00,121.64,42.69,141.58,11.21,122.23
2023-12-10,00:00,131.5,59.5,101.03,10.76,90.11
2023-12-11,01:00,154.88,76.91,119.84,24.19,135.62
2023-12-11,02:00,90.02,73.74,189.07,10.45,85.11
2023-12-11,03:00,72.67,83.75,133.9,19.36,93.66
2023-12-11,04:00,52.2,41.38,72.57,20.86,87.24
2023-12-11,05:00,158.13,49.31,141.21,9.37,68.79
2023-12-11,06:00,118.48,49.89,161.19,14.38,66.54
2023-12-11,07:00,116.68,62.47,114.02,18.91,132.88
2023-12-11,08:00,118.82,46.29,161.22,15.06,68.59
2023-12-11,09:00,226.05,70.46,204.43,14.46,92.95
2023-12-11,10:00,98.61,67.44,210.87,23.31,72.44
2023-12-11,11:00,80.43,47.46,130.41,10.12,37.33
2023-12-11,12:00,45.47,43.31,127.12,7.7,92.41
2023-12-11,13:00,140.02,28.73,145.77,8.4,101.12
2023-12-11,14:00,160.94,52.68,139.17,14.11,79.15
2023-12-11,15:00,93.78,30.2,72.08,6.55,130.19
2023-12-11,16:00,176.92,23.33,141.48,16.6,37.05
2023-12-11,17:00,173.18,24.8,197.77,20.66,98.86
2023-12-11,18:00,172.7,95.42,189.47,9.35,47.3
2023-12-11,19:00,178.32,75.07,193.16,8.8,67.85
2023-12-11,20:00,177.67,48.64,138.24,20.92,95.57
2023-12-11,21:00,140.63,68.01,161.93,12.68,111.94
2023-12-11,22:00,205.55,97.18,225.55,14.03,152.15
2023-12-11,23:00,193.98,110.96,174.88,20.15,73.55
2023-12-11,00:00,155.3,106.38,130.87,24.58,125.04
2023-12-12,01:00,162.4,38.63,134.97,17.57,83.31
2023-12-12,02:00,167.25,85.82,179.99,13.87,38.47
2023-12-12,03:00,141.71,23.65,245.98,14.89,123.07
2023-12-12,04:00,147.88,67.64,122.71,8.16,49.92
2023-12-12,05:00,169.63,41.5,193.88,4.43,91.58
2023-12-12,06:00,110.68,28.13,96.08,16.04,100.89
2023-12-12,07:00,107.87,34.6,225.48,22.39,132.37
2023-12-12,08:00,142.87,114.78,128.11,18.25,111.49
2023-12-12,09:00,191.35,49.44,150.24,20.94,173.83
2023-12-12,10:00,170.57,67.2,132.38,11.24,164.3
2023-12-12,11:00,129.23,46.22,248.72,19.8,144.26
2023-12-12,12:00,91.57,53.25,160.5,21.16,110.21
2023-12-12,13:00,56.77,80.38,181.47,19.01,112.27
2023-12-12,14:00,173.11,76.82,110.86,9.54,70.2
2023-12-12,15:00,121.42,43.18,155.26,17.45,128.55
2023-12-12,16:00,124.59,60.12,203.55,14.92,46.92
2023-12-12,17:00,64.15,35.37,129.88,7.08,102.02
2023-12-12,18:00,118.93,80.87,110.97,16.1,135.2
2023-12-12,19:00,222.68,118.89,275.68,27.12,70.54
2023-12-12,20:00,154.47,75.91,247.91,15.26,106.38
2023-12-12,21:00,132.86,60.06,220.9,15.39,96.81
2023-12-12,22:00,165.24,95.06,159.39,17.91,125.72
2023-12-12,23:00,190.49,81.43,281.03,26.16,139.11
2023-12-12,00:00,121.87,95.23,202,11.31,136.26
2023-12-13,01:00,127.37,45.8,162.45,15.55,84.49
2023-12-13,02:00,86.12,65.66,130.83,6.48,110.06
2023-12-13,03:00,133.62,37.81,111.28,22.32,58.33
2023-12-13,04:00,90.65,93.45,185.73,11.72,57.85
2023-12-13,05:00,182.5,96.7,102.97,22.7,75.75
2023-12-13,06:00,134.42,28.68,267.05,18.95,82.97
2023-12-13,07:00,211.36,91.56,137.34,11.75,132.51
2023-12-13,08:00,168.03,80.1,223.35,32.25,152.42
2023-12-13,09:00,153.77,98.32,222.34,27.36,133.66
2023-12-13,10:00,165.6,46.92,206.8,13.31,122.11
2023-12-13,11:00,191.45,74.91,152.5,11,49.79
2023-12-13,12:00,83.39,75.19,68.63,8.35,40.66
2023-12-13,13:00,184.22,46.46,89.08,15.09,47.65
2023-12-13,14:00,162.67,54.01,70.65,17.17,99.9
2023-12-13,15:00,83.49,43.7,167.68,9.92,88.14
2023-12-13,16:00,47.38,49.72,69.99,5.03,56.4
2023-12-13,17:00,126.08,25.51,215.46,13.28,72.25
2023-12-13,18:00,120.69,84.58,122.65,18.41,67.47
2023-12-13,19:00,180.49,31,185.95,20.36,139.16
2023-12-13,20:00,119.2,54.57,242.66,15.64,116.54
2023-12-13,21:00,157.3,87.43,223.25,29.11,163.35
2023-12-13,22:00,129.38,83.74,261.57,13.7,172.28
2023-12-13,23:00,223.19,123.7,143.2,18.56,161.42
2023-12-13,00:00,208.76,100.94,210.5,13.39,66.5
2023-12-14,01:00,123.14,41.2,153.02,23.93,152.1
2023-12-14,02:00,67.1,44.72,210.73,16.91,134.55
2023-12-14,03:00,127.31,60.23,123.19,8.15,137.11
2023-12-14,04:00,130.49,66.05,242.97,18.91,43.11
2023-12-14,05:00,187.94,92.66,253.79,19.46,73.95
2023-12-14,06:00,189.12,85.09,212.66,15.15,33.27
2023-12-14,07:00,141.17,36.1,146.03,7.6,91.74
2023-12-14,08:00,151.85,112.62,148.67,18.83,147.42
2023-12-14,09:00,229.22,43.09,197.59,29.9,131.53
2023-12-14,10:00,156.33,69.85,98.33,23.2,159.89
2023-12-14,11:00,212.92,37.08,137.49,9.15,56.96
2023-12-14,12:00,187.38,35.14,107.94,15.34,136.96
2023-12-14,13:00,187.61,80.82,136.66,13.73,45.93
2023-12-14,14:00,180.8,77.89,167.37,13.69,127.9
2023-12-14,15:00,115.89,81.95,85.94,20.26,51.8
2023-12-14,16:00,152.26,83.33,83.13,17.37,79.03
2023-12-14,17:00,129.2,51.04,88.89,20.23,56.35
2023-12-14,18:00,128.1,85.08,206.05,14.75,92.27
2023-12-14,19:00,195.48,114.4,192.12,20.79,80.66
2023-12-14,20:00,190.58,58.71,239.61,22.49,109.97
2023-12-14,21:00,118.21,88.16,204.31,23.95,135.51
2023-12-14,22:00,247.1,112.57,194.91,24.07,92.46
2023-12-14,23:00,127.13,107.99,300.17,13.41,69.51
2023-12-14,00:00,166.51,52.32,218.65,20.12,105.16
2023-12-15,01:00,178.23,49.87,131.58,19.86,101.29
2023-12-15,02:00,143.77,41.85,138.54,23.96,106.75
2023-12-15,03:00,136.93,53.87,104.42,6.61,55.36
2023-12-15,04:00,82.79,55.64,129.26,18.21,48.06
2023-12-15,05:00,123.48,33.85,127.38,10.31,82.67
2023-12-15,06:00,201.91,91.99,236.13,5.88,40.72
2023-12-15,07:00,199.82,102.95,155.95,10.25,73.27
2023-12-15,08:00,165.55,118.85,184.77,14.64,154.75
2023-12-15,09:00,243.79,75.44,306.21,28.14,175.28
2023-12-15,10:00,196.91,27.28,229.78,22.4,77.59
2023-12-15,11:00,189.25,45.23,225.69,12.89,66.19
2023-12-15,12:00,156.93,74.66,166.18,13.05,126.58
2023-12-15,13:00,160.3,78.46,126.74,17.02,101.82
2023-12-15,14:00,70.16,21.19,253.48,18.06,99.15
2023-12-15,15:00,150.06,81.28,238.21,17.69,90.33
2023-12-15,16:00,183.64,30.34,160.04,12.72,116.28
2023-12-15,17:00,69.06,55.36,213.93,25.45,144.68
2023-12-15,18:00,175.76,113.13,228.36,12.58,155.64
2023-12-15,19:00,237.14,83.12,269.79,19.1,170.14
2023-12-15,20:00,141.47,55.52,326.97,19.21,177.01
2023-12-15,21:00,237.88,98.82,184.61,21.76,121.4
2023-12-15,22:00,164.23,133.17,241.84,29.48,123.38
2023-12-15,23:00,181.9,118.73,288.67,14.05,108.58
2023-12-15,00:00,271.37,58.09,200.65,24.28,75.2
2023-12-16,01:00,219.03,109.72,298.39,24.71,133.81
2023-12-16,02:00,243.74,63.63,299.98,25.69,108.03
2023-12-16,03:00,110.94,104.11,245.23,13.78,89.38
2023-12-16,04:00,195.93,37.84,206.74,10.7,83.57
2023-12-16,05:00,218.6,103.93,152.3,18.34,93.12
2023-12-16,06:00,162.22,98.46,240.76,25.44,157.37
2023-12-16,07:00,154.22,59.09,285.42,12.15,104.57
2023-12-16,08:00,199.34,66.53,153.39,26.51,177.97
2023-12-16,09:00,251.79,106.59,326.11,25.99,126.22
2023-12-16,10:00,159.02,59.46,302.49,30.22,136.17
2023-12-16,11:00,173.21,77.93,193.83,16.4,193.94
2023-12-16,12:00,219.6,94.72,215.39,27.5,114.09
2023-12-16,13:00,233.36,79.32,193.13,19,154.68
2023-12-16,14:00,219.35,48.51,323.63,15.84,127.6
2023-12-16,15:00,118.14,119.8,193.87,15.7,149.48
2023-12-16,16:00,147.95,72.98,174.73,16.85,86.04
2023-12-16,17:00,167.05,96.03,276.37,22.24,144.58
2023-12-16,18:00,260.64,66.49,226.16,27.75,170.53
2023-12-16,19:00,293.82,154.1,380.36,30.96,247.8
2023-12-16,20:00,189.84,141.29,247.02,27.3,173.94
2023-12-16,21:00,307.32,115.49,377.42,21.61,144.78
2023-12-16,22:00,202.88,99.92,338.24,21.28,178.3
2023-12-16,23:00,280.59,163.3,379.66,27.12,157.28
2023-12-16,00:00,256.62,124.41,324.27,21.8,206.19
2023-12-17,01:00,297.09,128.17,361.07,25.98,145.47
2023-12-17,02:00,275.86,80.45,256.91,27.9,160.26
2023-12-17,03:00,295.03,76.34,334.96,32.82,146.49
2023-12-17,04:00,300.82,83.43,292.07,27.04,134.96
2023-12-17,05:00,296.74,121.31,224.93,30.48,158.42
2023-12-17,06:00,186.1,125.1,224.94,34.96,230.08
2023-12-17,07:00,211.4,118.78,334.05,26.23,160.14
2023-12-17,08:00,219.6,115.65,264.06,35.26,202.97
2023-12-17,09:00,258.03,123.81,285.88,26.34,229.69
2023-12-17,10:00,302.71,113.13,320.95,22.01,182.62
2023-12-17,11:00,169.79,145.21,365.52,17.16,119.21
2023-12-17,12:00,204.55,111.55,274.77,23.24,176.99
2023-12-17,13:00,193.06,61.09,226.44,10.06,150.47
2023-12-17,14:00,216.17,86.34,279.31,21.3,138.96
2023-12-17,15:00,110.77,63.88,232.14,19.7,159.77
2023-12-17,16:00,255.48,111.73,201.15,16.94,114.22
2023-12-17,17:00,200.99,98.45,269.27,29.34,126.3
2023-12-17,18:00,299.51,162.67,281.04,19.39,199.4
2023-12-17,19:00,267.24,151.13,266.08,36.27,210.87
2023-12-17,20:00,369.77,154.5,345.94,27.78,275.8
2023-12-17,21:00,259.1,171.84,320.65,29.44,225.42
2023-12-17,22:00,305.4,158.05,395.21,28.08,238.68
2023-12-17,23:00,308.87,132.68,297.77,37.76,223.36
2023-12-17,00:00,266.92,157.91,294.36,38.86,262.21
2023-12-18,01:00,235.65,107.03,282.22,35.86,183.7
2023-12-18,02:00,289.37,117.94,316.4,41.35,212.01
2023-12-18,03:00,310.6,107.73,329.05,28.01,180.96
2023-12-18,04:00,186.93,145.53,332.33,21.33,237.03
2023-12-18,05:00,202.65,98.34,323.49,36.81,161.05
2023-12-18,06:00,295.49,157.01,219.51,23.55,147.43
2023-12-18,07:00,325.95,123.83,323.62,30.94,229.78
2023-12-18,08:00,307.54,163.18,276.62,36.89,262.24
2023-12-18,09:00,339.33,129.13,428.22,43.1,206.85
2023-12-18,10:00,236.14,73.46,314.82,26.02,164.36
2023-12-18,11:00,219.58,113.5,395.01,32.29,207.08
2023-12-18,12:00,240.39,79.95,244.07,15.69,131.35
2023-12-18,13:00,224.57,95.02,288.49,30.55,184.25
2023-12-18,14:00,258.84,48.41,236.08,26.98,134.35
2023-12-18,15:00,197.91,70.18,293.76,25.82,130.53
2023-12-18,16:00,159.67,66.98,183.72,31.76,210.44
2023-12-18,17:00,299.06,96.48,295.13,33.33,200.45
2023-12-18,18:00,334.49,121.16,223.04,23.36,173.65
2023-12-18,19:00,315.95,131.8,342.94,38.11,190.5
2023-12-18,20:00,257.05,168.73,312.83,30.23,192.68
2023-12-18,21:00,401.4,182.32,276.44,37.69,260.24
2023-12-18,22:00,375.9,177.49,444.86,32.51,182.57
2023-12-18,23:00,391.26,165.49,284.05,42.52,260.38
2023-12-18,00:00,375.51,149.29,255.25,36.63,242.1
2023-12-19,01:00,192.29,107.86,192.59,39.61,171.12
2023-12-19,02:00,213.95,141.64,342.55,28.73,175.05
2023-12-19,03:00,222.67,136.19,300.1,37.83,198.59
2023-12-19,04:00,290.04,87.91,302.01,31.54,245.04
2023-12-19,05:00,210.69,118.32,208.23,19.04,191.58
2023-12-19,06:00,248.5,98.41,315,19.6,184.17
2023-12-19,07:00,223.75,137.39,370.98,25.88,239.2
2023-12-19,08:00,328.45,153.38,276.67,32.92,252.7
2023-12-19,09:00,299.28,141.12,304.6,31.63,214.01
2023-12-19,10:00,310.69,84.15,404.06,31.27,204.21
2023-12-19,11:00,227.77,84.09,293.84,24.59,236.15
2023-12-19,12:00,268.83,114.84,270.88,26.4,146.05
2023-12-19,13:00,251.38,78.6,325.94,11.6,164.03
2023-12-19,14:00,137.36,75.3,306.5,20.49,149.37
2023-12-19,15:00,188.53,99.43,186.87,17.49,194.96
2023-12-19,16:00,206.8,68.26,189.59,24.59,176.79
2023-12-19,17:00,233.58,116.94,269.96,23.62,157.32
2023-12-19,18:00,299.37,101.79,349.01,22.84,232.57
2023-12-19,19:00,217.85,168.24,235.12,28.41,218.88
2023-12-19,20:00,357.14,162.64,376.73,40.54,210.14
2023-12-19,21:00,262.03,161.4,325.32,27.44,226.4
2023-12-19,22:00,322.58,141.46,358.58,33.23,190.82
2023-12-19,23:00,315.49,176.73,356.05,32.9,211.91
2023-12-19,00:00,276.02,162.98,392.5,38.53,197.87
2023-12-20,01:00,301.23,112.79,263.3,26.18,179.78
2023-12-20,02:00,243.29,80.06,305.91,21.67,216.23
2023-12-20,03:00,262.16,121.06,322.72,18.11,159.34
2023-12-20,04:00,234.22,103.71,218.48,25.67,204.86
2023-12-20,05:00,311.71,88.24,332.63,23.19,165.69
2023-12-20,06:00,184.82,85.4,372.13,35.97,141.57
2023-12-20,07:00,268.57,134.54,269.39,27.08,243.56
2023-12-20,08:00,293.3,126.51,292.34,38.4,207.92
2023-12-20,09:00,278.88,158.25,308.39,33.55,172.42
2023-12-20,10:00,207.84,135.94,288.41,27.83,202.38
2023-12-20,11:00,210,106.9,372.41,29.69,218.56
2023-12-20,12:00,169.48,104.27,302.75,30.34,192.17
2023-12-20,13:00,227.72,115.95,316.26,27.33,203.32
2023-12-20,14:00,226.68,67.02,334.33,35.61,175.57
2023-12-20,15:00,232.61,90.57,270.33,21.89,202.86
2023-12-20,16:00,159.96,113.8,360.25,28.76,169.06
2023-12-20,17:00,196.48,133.86,297.27,26.33,218.91
2023-12-20,18:00,272.13,108.72,412.3,43.81,253.64
2023-12-20,19:00,373.71,195.12,385.51,36.3,222.46
2023-12-20,20:00,298.6,187.17,420.75,41.98,313.76
2023-12-20,21:00,419.61,154.6,303.77,34.21,243.65
2023-12-20,22:00,397.19,195.2,427.44,33.38,318.53
2023-12-20,23:00,395.63,140.09,401.65,42.54,282.51
2023-12-20,00:00,279.93,128.92,309.65,34.95,272.08
2023-12-21,01:00,277.64,159.29,342.99,32.76,284.89
2023-12-21,02:00,348.08,113.53,395.8,32.62,252.65
2023-12-21,03:00,341.54,161.78,385.76,34.76,194.55
2023-12-21,04:00,291.27,117.76,373.61,28.03,273.48
2023-12-21,05:00,250.07,162.38,395.29,36.89,232.36
2023-12-21,06:00,254.12,135.76,406.82,26.72,276.1
2023-12-21,07:00,253.2,116.99,392.7,40.84,221.52
2023-12-21,08:00,357.96,176.89,459.3,38.69,299.82
2023-12-21,09:00,402.62,118.64,289.94,42.91,196.28
2023-12-21,10:00,305.79,122.79,297.02,38.83,219.76
2023-12-21,11:00,336.2,106.8,415.14,34.68,149.6
2023-12-21,12:00,239.86,100.88,270.25,19.54,183.9
2023-12-21,13:00,227.62,83.26,235.89,30.54,137.15
2023-12-21,14:00,240.37,114.37,355.24,28.93,217.6
2023-12-21,15:00,208.69,62.02,338.03,20.95,213.95
2023-12-21,16:00,165.71,107.32,267.39,28.85,216.62
2023-12-21,17:00,204.53,126.64,340.78,25.66,206.15
2023-12-21,18:00,281.88,167.95,332.79,25.59,267.97
2023-12-21,19:00,270.31,172.52,344.96,33.65,256.58
2023-12-21,20:00,399.8,173.75,364.04,42.04,231.98
2023-12-21,21:00,324.3,158.18,318.15,27.68,304.71
2023-12-21,22:00,305.74,196.46,363.94,27.89,333.67
2023-12-21,23:00,358.69,151.26,439.93,42.29,293.55
2023-12-21,00:00,380.52,158.79,350.69,35.66,264.85
2023-12-22,01:00,320.31,172.43,397.42,26.17,225.12
2023-12-22,02:00,310.23,127.09,397.32,29.48,243.94
2023-12-22,03:00,352.93,122.04,365.68,36.95,197.44
2023-12-22,04:00,284.17,135.51,424.87,32.35,215.58
2023-12-22,05:00,242.44,120.59,279.77,34.31,258.76
2023-12-22,06:00,241.89,168.25,439.74,35.12,188.47
2023-12-22,07:00,386.87,153.38,342.05,44.79,295.79
2023-12-22,08:00,307.65,158.49,441.94,38.2,296.44
2023-12-22,09:00,335.66,178.11,468.11,39.67,275.46
2023-12-22,10:00,267.66,119.65,308.7,29.32,200.16
2023-12-22,11:00,321.18,116.82,432.25,23.33,250.16
2023-12-22,12:00,313.18,81.17,293.82,28.23,171.08
2023-12-22,13:00,299.63,134.68,261.36,26.2,206.37
2023-12-22,14:00,282.15,82.89,237.08,19.3,182.26
2023-12-22,15:00,257.54,119.84,355.53,14.06,185.33
2023-12-22,16:00,221.13,88.79,292.58,30.62,173.01
2023-12-22,17:00,191.13,151.5,321.58,35.89,197.48
2023-12-22,18:00,218.84,135.88,287.36,25.46,207.95
2023-12-22,19:00,340.15,203.17,448.97,43.34,223.52
2023-12-22,20:00,290.88,164.49,423.93,46.39,279.1
2023-12-22,21:00,438.56,216.82,481.26,42.63,220.81
2023-12-22,22:00,332.44,161.91,426.22,36.57,281.2
2023-12-22,23:00,308.24,171.2,314.4,34.86,253.78
2023-12-22,00:00,313.4,145.72,456.31,41.79,252.43
2023-12-23,01:00,256.28,194.46,290.98,35.48,201.54
2023-12-23,02:00,335.54,107.78,330.95,32.45,221.74
2023-12-23,03:00,287.42,113.14,358.5,43.41,306.55
2023-12-23,04:00,238.35,154.44,279.25,30.06,188.41
2023-12-23,05:00,247.59,123.08,300.57,29.63,291.46
2023-12-23,06:00,296.42,115.24,278.55,33.64,243.49
2023-12-23,07:00,295.91,115.67,409.18,28.01,261.86
2023-12-23,08:00,277.92,157.6,356.22,29.89,215.3
2023-12-23,09:00,379.05,133.38,427.86,41.56,219.42
2023-12-23,10:00,325.08,174.57,376.58,21.98,198.69
2023-12-23,11:00,226.21,153.07,344.74,29.7,241.42
2023-12-23,12:00,277.11,92.68,393.98,25.77,195.59
2023-12-23,13:00,232.57,69.63,314.11,19.01,162.51
2023-12-23,14:00,156.01,108.9,264.56,13.84,116.61
2023-12-23,15:00,134.8,88.14,179.16,18.75,170.83
2023-12-23,16:00,253.77,84.81,349.28,16.95,159.5
2023-12-23,17:00,218.3,129.92,210.24,17.56,200.25
2023-12-23,18:00,311.73,140.98,339.84,33.72,194.24
2023-12-23,19:00,276.72,127.24,389.68,24.32,236.96
2023-12-23,20:00,275.32,168.67,380.67,35.07,205.7
2023-12-23,21:00,347.45,121.44,278.05,46.73,260.76
2023-12-23,22:00,396.15,150.69,293.01,44.52,250.13
2023-12-23,23:00,299.43,196.74,268.64,43.04,256.47
2023-12-23,00:00,273.27,155.96,299.74,38.71,230.45
2023-12-24,01:00,323.93,114.69,349.99,39.02,231.76
2023-12-24,02:00,290.39,135.21,379.67,40.53,187.51
2023-12-24,03:00,288.81,128.79,208.25,38.45,216.85
2023-12-24,04:00,184.99,113.92,367.09,24.78,207.23
2023-12-24,05:00,216.89,116.18,383.88,33.01,170.24
2023-12-24,06:00,256.02,109.51,294.95,36.55,186.39
2023-12-24,07:00,298.97,107.41,259.7,32.39,141.07
2023-12-24,08:00,269.4,133.18,270.41,36.63,220.49
2023-12-24,09:00,326.86,123.59,300.05,22.44,163.76
2023-12-24,10:00,304.54,105.5,351.84,31.22,174.42
2023-12-24,11:00,246.86,126.55,248.17,26.12,194.28
2023-12-24,12:00,278.89,131.77,298.86,17.44,170.36
2023-12-24,13:00,154.98,80.43,333.36,27.95,156.45
2023-12-24,14:00,129.46,73.64,263.16,17.64,113.15
2023-12-24,15:00,168.45,95.92,259.5,27.97,83.63
2023-12-24,16:00,212.2,127.11,159.07,21.33,99.48
2023-12-24,17:00,164.46,68.25,311.62,31.82,143.27
2023-12-24,18:00,224.02,142.02,321.75,28.05,240.17
2023-12-24,19:00,341.87,154.54,319.28,25.02,249.31
2023-12-24,20:00,242,169.61,242.95,25.05,240.25
2023-12-24,21:00,250.32,146.42,330.74,37.35,188.29
2023-12-24,22:00,256.83,149.88,404.46,27.39,235.23
2023-12-24,23:00,222.26,121.48,321.23,43.49,267.22
2023-12-24,00:00,274.41,163.22,327.44,27.21,167.64
2023-12-25,01:00,261.4,149.97,246.65,34.81,199.86
2023-12-25,02:00,302.34,148.29,300.9,39.12,173.87
2023-12-25,03:00,178.02,147.84,297.66,35.16,193.25
2023-12-25,04:00,218.41,88.34,191.51,24.86,193.78
2023-12-25,05:00,240.56,109.23,197.02,36.85,141.84
2023-12-25,06:00,186.03,113.73,228.66,37.76,214.43
2023-12-25,07:00,175.21,141.61,225.53,35.4,155.91
2023-12-25,08:00,302.28,131.99,335.2,27.71,195.48
2023-12-25,09:00,268.27,164,237.24,23.17,226.68
2023-12-25,10:00,227.66,141.96,206.02,27.93,131.78
2023-12-25,11:00,267.18,85.32,232.48,16.82,197.88
2023-12-25,12:00,180.96,92.06,298.32,23.86,190.88
2023-12-25,13:00,204.54,80.28,246.97,28.46,130.15
2023-12-25,14:00,228.81,84.52,221.77,15.43,147.81
2023-12-25,15:00,225.07,64.18,287.2,22.18,207.58
2023-12-25,16:00,241.72,107.13,291.76,31.18,186.58
2023-12-25,17:00,218.25,95.72,295.22,25.61,213.45
2023-12-25,18:00,256.85,119.32,279.1,36.79,171.61
2023-12-25,19:00,305.72,130.62,393.13,27.4,188.21
2023-12-25,20:00,232,137.99,411.06,41.51,197.88
2023-12-25,21:00,307.73,173.42,262.79,38.28,229.64
2023-12-25,22:00,360.39,153.91,249.75,30.94,198.95
2023-12-25,23:00,256.83,157.53,393.6,42.3,193.4
2023-12-25,00:00,345.09,166.42,335.69,34.63,186.43
2023-12-26,01:00,212.89,133.58,210.68,30.26,235.6
2023-12-26,02:00,221.08,114.86,344.48,28.36,224.91
2023-12-26,03:00,233.14,112.74,317.43,38.5,134.89
2023-12-26,04:00,146.39,82.73,197.98,36.93,121.8
2023-12-26,05:00,238,125.85,196.53,31.33,143.09
2023-12-26,06:00,203.19,82.33,272.83,29.77,231.85
2023-12-26,07:00,262.66,109.13,320.32,31.76,215.09
2023-12-26,08:00,287.04,115.49,286.8,42.5,206.33
2023-12-26,09:00,214.38,115.39,224.99,45.74,211.16
2023-12-26,10:00,187.49,113.91,302.54,23.4,187.06
2023-12-26,11:00,244.94,80.28,292.4,24.06,151.48
2023-12-26,12:00,242.82,51.63,288.37,29.84,147.7
2023-12-26,13:00,212.8,58.93,166.99,18.24,149.08
2023-12-26,14:00,107.34,96.81,305.34,18.89,174.08
2023-12-26,15:00,140.92,50.44,143.83,15.84,187.77
2023-12-26,16:00,139.29,63.48,119.92,11.54,167.02
2023-12-26,17:00,167.15,105.75,172.18,13.16,158.67
2023-12-26,18:00,197.57,102.74,235.99,32.33,239.88
2023-12-26,19:00,217.03,143.72,198.87,32.5,222.18
2023-12-26,20:00,237.92,147.28,264.65,30.47,246.4
2023-12-26,21:00,241.7,176.5,323.44,28.05,207.5
2023-12-26,22:00,236.82,170.68,344.91,35.37,223.54
2023-12-26,23:00,253.7,138.37,373.78,41.72,216.63
2023-12-26,00:00,220.96,168.18,366.89,35.87,220.91
2023-12-27,01:00,277.24,102.85,232.69,32.9,191.19
2023-12-27,02:00,284.41,140.54,253.7,30.79,127.07
2023-12-27,03:00,164.22,73.81,306.65,23.27,180.24
2023-12-27,04:00,229.22,96,154.38,36.04,162.6
2023-12-27,05:00,230.03,104.12,293.49,37.55,163.05
2023-12-27,06:00,278.11,89.41,184.46,34.36,203.81
2023-12-27,07:00,278.82,73.65,332.09,38.24,216.76
2023-12-27,08:00,323.2,129.24,343.45,32.85,154.73
2023-12-27,09:00,256.29,130.54,317.66,30.95,222.24
2023-12-27,10:00,219.97,71.95,246.78,29.23,135.23
2023-12-27,11:00,225.61,115.06,324.81,18.66,156.2
2023-12-27,12:00,161.34,99.12,244.66,23.47,122.91
2023-12-27,13:00,106.62,42.95,294.15,14.58,72.39
2023-12-27,14:00,160.24,48.96,197.75,25.78,105.77
2023-12-27,15:00,105.69,94.91,152.7,17.59,96.82
2023-12-27,16:00,113.24,64.94,182.91,18.48,133.03
2023-12-27,17:00,185.47,80.83,185.02,20.98,178.37
2023-12-27,18:00,152.87,133.31,170.88,28.91,142.25
2023-12-27,19:00,278.8,119.58,243.12,20.22,141.7
2023-12-27,20:00,176.73,95.74,273.23,20.94,240.53
2023-12-27,21:00,212.46,143.15,358.89,21.86,170.92
2023-12-27,22:00,205.77,139.8,373.8,35.56,247.03
2023-12-27,23:00,308.03,129.12,324.36,34.34,186.3
2023-12-27,00:00,289.1,97.88,286.5,23.83,168.14
2023-12-28,01:00,200.12,150.22,201.59,26.13,173.7
2023-12-28,02:00,284.36,145.43,302.63,27.47,206.06
2023-12-28,03:00,162.26,116.44,195.43,35.07,129.36
2023-12-28,04:00,190.28,95.48,159.61,32.65,164.48
2023-12-28,05:00,234.89,92.73,198.38,24.94,212.39
2023-12-28,06:00,157.27,138.39,149.84,22.36,145.27
2023-12-28,07:00,248.21,77.97,293.35,38.66,131.5
2023-12-28,08:00,181.34,122.97,340.34,30.52,159.82
2023-12-28,09:00,295.42,84.12,318.92,29.11,254.75
2023-12-28,10:00,215.16,120.61,236,32.31,170.15
2023-12-28,11:00,132.13,95.75,241.01,30.95,196.72
2023-12-28,12:00,239.58,80.71,178.06,21.33,191.02
2023-12-28,13:00,156.04,62.92,234.39,16.4,159.76
2023-12-28,14:00,196.67,55.89,135.33,28.16,81.41
2023-12-28,15:00,187.48,85.75,254.42,24.19,143.4
2023-12-28,16:00,121.29,36.92,253.93,12.95,122.05
2023-12-28,17:00,230.65,53.53,217.8,16.12,153.72
2023-12-28,18:00,240.92,110.21,262.7,16.61,193.77
2023-12-28,19:00,290.15,81.85,208.98,25.68,168.93
2023-12-28,20:00,248.82,110.89,201.07,21.12,254.55
2023-12-28,21:00,238.6,154.98,323.38,24.94,182.81
2023-12-28,22:00,234.63,100.69,333.46,32.72,213.8
2023-12-28,23:00,315.79,148.06,296.37,36.59,234.02
2023-12-28,00:00,305.41,153.03,293.76,28.67,210.86
2023-12-29,01:00,163.82,138.8,230.84,24.37,123.01
2023-12-29,02:00,272.96,72.62,324.89,27.26,176.01
2023-12-29,03:00,203.03,103.08,265.4,33.64,202.24
2023-12-29,04:00,156.88,85.8,143.01,34.76,140.62
2023-12-29,05:00,129.01,125.88,310,33.59,125.34
2023-12-29,06:00,209.76,70.28,261.51,23.43,165.34
2023-12-29,07:00,250.92,81.57,207.1,34.54,176.99
2023-12-29,08:00,168.37,120.2,269.94,44.75,161.74
2023-12-29,09:00,279.47,95.42,207.03,34.13,204.34
2023-12-29,10:00,278.92,100.14,288.48,30.59,142.41
2023-12-29,11:00,210.83,75.25,236.45,17.15,217.75
2023-12-29,12:00,186.6,37.54,222.1,10.24,106.54
2023-12-29,13:00,132.91,62.7,124.31,26.43,96.66
2023-12-29,14:00,177.02,44.7,283.51,24.02,169.59
2023-12-29,15:00,94.76,30.38,257.69,18.38,65.69
2023-12-29,16:00,151.42,85.62,282.45,16.71,94.3
2023-12-29,17:00,166.22,43.45,262.48,25.88,124.76
2023-12-29,18:00,239,61.24,202.93,20.05,125.4
2023-12-29,19:00,224.62,113.86,266.38,21.48,182.87
2023-12-29,20:00,181.12,139.15,265.88,33.74,242.1
2023-12-29,21:00,197.59,88.47,208.15,22.23,249.93
2023-12-29,22:00,273.32,136.58,301.16,32.85,185.62
2023-12-29,23:00,295.75,154.09,223.8,24.3,213.22
2023-12-29,00:00,239.68,93.68,207.92,38.73,146.25
2023-12-30,01:00,222.62,105.72,184.6,36.83,232.67
2023-12-30,02:00,219.87,105.7,212.24,30.14,197.3
2023-12-30,03:00,209.63,82.25,263.38,27.57,120.1
2023-12-30,04:00,155.75,121.06,168.71,36.67,147.07
2023-12-30,05:00,225.48,108,296.97,27.11,136.93
2023-12-30,06:00,249.64,133.3,313.19,25.49,170.82
2023-12-30,07:00,264.15,95.76,161.34,29.68,224.14
2023-12-30,08:00,227.29,75.12,308.08,30.65,117.34
2023-12-30,09:00,230.7,122.47,231.07,31.35,173.02
2023-12-30,10:00,198.8,79.84,289.3,34.86,209.71
2023-12-30,11:00,264.73,118.05,318.37,23.91,220.84
2023-12-30,12:00,176.89,66.4,269.11,29.01,215.29
2023-12-30,13:00,184.74,65.74,293.73,26.2,141.89
2023-12-30,14:00,202.63,59.42,226.75,27.99,198.15
2023-12-30,15:00,232.45,59.87,300.38,25.67,164.63
2023-12-30,16:00,134.44,86.39,267.54,14.9,182.36
2023-12-30,17:00,154.22,123.19,165.23,26.04,135.83
2023-12-30,18:00,247.62,99.67,205.23,27.79,175.91
2023-12-30,19:00,185.37,82.42,200.59,26.97,118.49
2023-12-30,20:00,193.76,133.58,276.17,29.92,185.22
2023-12-30,21:00,175.21,113.09,247.05,39.24,168.65
2023-12-30,22:00,304.11,140.77,273.12,22.52,172.43
2023-12-30,23:00,223.46,111.89,211.48,25.73,162.71
2023-12-30,00:00,175.15,103.29,300.53,25.52,170.51
2023-12-31,01:00,207.41,70.06,302.38,30.88,195.47
2023-12-31,02:00,197.83,120,303.74,22.23,204.06
2023-12-31,03:00,248.56,70.48,215.41,16.54,128.84
2023-12-31,04:00,174.85,84.8,238.55,20.29,192.55
2023-12-31,05:00,211.11,113.97,300.61,14.4,142.56
2023-12-31,06:00,151.61,69.49,142.18,18.38,153.95
2023-12-31,07:00,249.19,91.98,177.92,29.62,201.43
2023-12-31,08:00,179.78,76.22,234.97,18.35,149.96
2023-12-31,09:00,180.19,81.44,280.33,26.35,208.97
2023-12-31,10:00,278.79,122.01,260.42,19.27,176.29
2023-12-31,11:00,262.43,82.94,228.06,29.72,148.55
2023-12-31,12:00,190.95,101.77,307,32.35,142.12
2023-12-31,13:00,215.77,57.51,254.84,28.34,129.46
2023-12-31,14:00,130.95,94.73,161.05,15.94,193.57
2023-12-31,15:00,112.63,44.62,217.84,16.3,139.62
2023-12-31,16:00,137.21,111.39,253.66,22.97,158.92
2023-12-31,17:00,140.5,60.24,203.23,23,185
2023-12-31,18:00,168.71,108.96,245.67,20.89,214.9
2023-12-31,19:00,235.49,140.01,167.16,25.13,126.98
2023-12-31,20:00,239.68,139.79,248.27,28.54,141.85
2023-12-31,21:00,299.61,94.18,273.53,20.74,196.1
2023-12-31,22:00,289.5,100.73,360.46,35.08,212.27
2023-12-31,23:00,188.92,146.14,323.98,26.15,179.83
2023-12-31,00:00,284.17,130.95,244.21,27.26,205.41
2024-01-01,01:00,219.06,98.34,331.74,22.26,109.13
2024-01-01,02:00,218.55,105.18,246.93,18.06,185.62
2024-01-01,03:00,132.77,73.22,288.24,28.33,131.29
2024-01-01,04:00,171.16,63.97,274.23,23.88,182.2
2024-01-01,05:00,157.81,123.55,190.67,34.05,176.61
2024-01-01,06:00,231.48,111.81,226.64,27.73,158.32
2024-01-01,07:00,247.4,119.89,238.54,35.09,203.46
2024-01-01,08:00,140.86,92.72,284.41,32.44,165.5
2024-01-01,09:00,258.46,93.58,147.29,34.72,146.75
2024-01-01,10:00,204.39,110.42,223.6,16.06,158.29
2024-01-01,11:00,170.98,93.97,312.42,13.97,147.39
2024-01-01,12:00,149.82,90.64,285.78,15.18,165.87
2024-01-01,13:00,113.94,57.69,227.64,23.58,195.84
2024-01-01,14:00,209.76,95.3,100.41,10.36,113.35
2024-01-01,15:00,180.08,98.51,219.9,9.19,52.47
2024-01-01,16:00,195.12,86.89,262.3,21.06,155.46
2024-01-01,17:00,100.17,74.95,150.98,25.93,175.36
2024-01-01,18:00,232.58,120.24,197.5,28.63,154.21
2024-01-01,19:00,224.33,106.18,207.64,28.88,133.8
2024-01-01,20:00,200.95,145.65,288.7,29.4,141.61
2024-01-01,21:00,281.42,109.98,238.63,35.75,195.17
2024-01-01,22:00,200.08,124.67,326.65,39.36,215.78
2024-01-01,23:00,205.82,86.98,278.6,31.22,221
2024-01-01,00:00,204.94,76.68,230.4,36.91,158.98
2024-01-02,01:00,198.03,125.62,245.93,36.8,177.53
2024-01-02,02:00,121.47,106.82,278.28,25.04,142.72
2024-01-02,03:00,223.07,114.61,223.84,16.35,188.15
2024-01-02,04:00,142.19,76.54,212.09,25.75,184.25
2024-01-02,05:00,170.8,76.89,123.8,16.91,92.66
2024-01-02,06:00,177.07,99.34,275.45,28.68,96.4
2024-01-02,07:00,241.59,85.95,164.95,31.06,203.57
2024-01-02,08:00,262.08,77.17,304.04,30.01,237.91
2024-01-02,09:00,220.27,125.64,295.11,36.66,183.99
2024-01-02,10:00,184.31,51.79,225.55,38.02,189.62
2024-01-02,11:00,264.05,108.29,274.55,35.71,218.47
2024-01-02,12:00,156.81,34.32,236.48,31.53,157.51
2024-01-02,13:00,225.13,39.47,286.36,16.52,116.52
2024-01-02,14:00,235.76,62.73,202.45,22.88,82.38
2024-01-02,15:00,133.76,69.48,234.6,22.77,125.56
2024-01-02,16:00,144.58,53.28,267.82,27.92,152.09
2024-01-02,17:00,201.54,99.39,235.99,21.59,110.94
2024-01-02,18:00,162.71,124.39,183.05,19.65,154.34
2024-01-02,19:00,278.68,82.38,250.32,36.91,233.51
2024-01-02,20:00,231.18,87.25,342.63,28.26,228.49
2024-01-02,21:00,300.88,155.64,288.09,24.43,216.44
2024-01-02,22:00,212.3,115.39,214.57,36.41,225.16
2024-01-02,23:00,201.77,146.37,260.45,28.58,236.47
2024-01-02,00:00,193.25,81.15,336.94,28.09,222.52
2024-01-03,01:00,188.21,97.46,204.56,21.86,208.45
2024-01-03,02:00,254.86,90.45,206.91,31.85,112.29
2024-01-03,03:00,192.17,118.47,120,22.31,134.28
2024-01-03,04:00,249.67,83.72,160.17,21.11,133.66
2024-01-03,05:00,144.47,78.68,160.53,28.58,89.45
2024-01-03,06:00,182.26,93.63,230.62,23.7,111.61
2024-01-03,07:00,251.09,122.29,227.31,30.88,153.4
2024-01-03,08:00,214.36,137.66,300.4,36,143.73
2024-01-03,09:00,300.4,103.86,280.64,36.09,247.33
2024-01-03,10:00,179.84,119.99,179.54,26.77,187.26
2024-01-03,11:00,142.78,126.02,247.1,18.91,203.87
2024-01-03,12:00,233.53,83.46,272.25,18.86,142.01
2024-01-03,13:00,235.9,42.1,207.74,21.56,180.93
2024-01-03,14:00,118.39,99.88,298.04,28.07,87.56
2024-01-03,15:00,193.71,71.53,142.22,13.97,119.59
2024-01-03,16:00,203.84,33.53,237.89,20.71,90.22
2024-01-03,17:00,211.58,94.59,223.09,15.43,134.61
2024-01-03,18:00,161.97,62.66,204.45,16.58,185.54
2024-01-03,19:00,162.48,116.39,331.26,35.11,152.47
2024-01-03,20:00,190.36,88.89,244.57,30.86,187.05
2024-01-03,21:00,244.45,157.69,378.39,34.51,206.4
2024-01-03,22:00,271.4,156.49,236.51,28.83,236.36
2024-01-03,23:00,187.27,109.07,295.6,38.3,239.02
2024-01-03,00:00,178.36,123.69,344.88,33.31,201.39
2024-01-04,01:00,229.88,139.27,246.33,32.19,161.85
2024-01-04,02:00,262.5,80.09,206.93,33.19,214.66
2024-01-04,03:00,275.32,125.5,272.7,23.14,185.24
2024-01-04,04:00,214.21,89.73,181.24,19.09,132.04
2024-01-04,05:00,222.14,102.47,306.86,18.25,149.52
2024-01-04,06:00,203.27,116.37,325.41,31.55,179.57
2024-01-04,07:00,172.06,99.83,354.34,31.69,181.41
2024-01-04,08:00,243.9,121.4,287.65,42.46,198.71
2024-01-04,09:00,275.83,114.79,357.86,35.13,217.91
2024-01-04,10:00,295.6,124.04,340.75,24.14,179.93
2024-01-04,11:00,181.53,111.82,241.78,17.76,119.18
2024-01-04,12:00,247.98,65.66,291.82,16.34,120.79
2024-01-04,13:00,160.49,96.67,190.46,19.8,137.19
2024-01-04,14:00,225.05,87.62,271.9,7.63,169.15
2024-01-04,15:00,129.5,34.77,176.9,15.08,152.96
2024-01-04,16:00,193.01,32.19,213.04,16.49,78.43
2024-01-04,17:00,227.46,85.26,194.9,18.12,88.18
2024-01-04,18:00,146.24,106.31,175.97,15.56,117.5
2024-01-04,19:00,271.18,86.06,272.9,27.98,136.26
2024-01-04,20:00,307.47,140.14,269.82,21.35,145.73
2024-01-04,21:00,272.01,111.46,362.14,27.76,180.57
2024-01-04,22:00,185.11,140.01,235.59,36.24,216.06
2024-01-04,23:00,276.33,149.32,284.07,31.87,156.19
2024-01-04,00:00,239.08,106.89,226.71,37.83,124.68
2024-01-05,01:00,215.21,132.95,233.7,28.44,213.03
2024-01-05,02:00,236.34,72.3,148.11,27.92,109.21
2024-01-05,03:00,238.63,58.29,162.51,33.8,165.12
2024-01-05,04:00,202.47,132.2,277.13,31.71,99.6
2024-01-05,05:00,169.31,96.02,257.87,29.89,154.67
2024-01-05,06:00,133.69,132.23,146.59,21.39,173.91
2024-01-05,07:00,231.27,111.07,263.61,23.39,164.92
2024-01-05,08:00,160.28,124.71,286.19,29.75,175.27
2024-01-05,09:00,166.51,98.17,261.57,32.53,148.5
2024-01-05,10:00,191.69,92.2,221.2,36.87,121.9
2024-01-05,11:00,193.98,117.42,200.98,28.9,153.33
2024-01-05,12:00,128.5,51.26,233.74,23.45,111.94
2024-01-05,13:00,118.25,60.49,241.8,16.59,84.95
2024-01-05,14:00,146.79,81.93,269.68,11.1,115.86
2024-01-05,15:00,135.79,84.86,118.02,21.4,70.78
2024-01-05,16:00,201.78,30.07,248.46,9.27,158.41
2024-01-05,17:00,200.7,81.91,199.93,15,100.13
2024-01-05,18:00,159.78,115.92,249.65,28.72,201.48
2024-01-05,19:00,209.39,114.81,318.43,19.55,120.64
2024-01-05,20:00,264.48,127.61,321.39,25.44,225.58
2024-01-05,21:00,190.05,97.11,257.61,26.95,169.63
2024-01-05,22:00,301.42,115.52,207.82,20.56,165.59
2024-01-05,23:00,180.81,138.5,198.4,38.94,221.38
2024-01-05,00:00,298.28,87.89,352.21,16.3,228.7
2024-01-06,01:00,207.36,103.2,218.97,32.6,210.54
2024-01-06,02:00,238.11,86.24,196.6,24.44,149.55
2024-01-06,03:00,214.03,69.21,197.82,25.26,163.59
2024-01-06,04:00,140.71,98.92,245.51,31.69,146.02
2024-01-06,05:00,178.44,121.66,167.9,18.34,193.51
2024-01-06,06:00,198.98,63.85,281.5,31.5,114.18
2024-01-06,07:00,213.64,112.87,235.09,24.46,180.36
2024-01-06,08:00,148.84,112.63,184.69,23.87,168.12
2024-01-06,09:00,282.07,101.17,320.24,33.82,121.22
2024-01-06,10:00,188.57,105.63,263.94,15.66,203.41
2024-01-06,11:00,223.7,89.18,199.3,27.35,115.65
2024-01-06,12:00,178.86,95.14,236.68,11.77,70.19
2024-01-06,13:00,102.43,59.43,252.99,19.8,108.52
2024-01-06,14:00,86.5,83.43,166.57,18.55,130.51
2024-01-06,15:00,109.97,45.86,193.23,22.94,85.12
2024-01-06,16:00,166.26,36.13,234.59,17.22,159.51
2024-01-06,17:00,98.83,102.62,177.59,9.65,171.48
2024-01-06,18:00,118.92,72.63,168.09,12.74,129.27
2024-01-06,19:00,191.91,140.72,172.22,24.79,211.95
2024-01-06,20:00,240.7,115.35,192.6,26.91,227.92
2024-01-06,21:00,292.03,122.58,266.38,36.73,159.84
2024-01-06,22:00,185.59,87.19,231.05,34.38,135.28
2024-01-06,23:00,221.66,88,210.5,21.33,240.59
2024-01-06,00:00,183.81,77.99,300.66,34.17,128.93
2024-01-07,01:00,213.28,134.01,248.39,32.31,193.66
2024-01-07,02:00,146.49,104.34,203.87,26.9,222.54
2024-01-07,03:00,205.39,123.87,236.19,25.29,218.51
2024-01-07,04:00,147.67,132.04,178.65,24.28,194.59
2024-01-07,05:00,148.09,66.81,320.58,21.15,159.34
2024-01-07,06:00,149.86,92.9,285.02,22.37,192.97
2024-01-07,07:00,200.24,123.81,282.17,18.03,171.17
2024-01-07,08:00,236.72,115.85,270.44,31.27,193.83
2024-01-07,09:00,259.94,136.8,197.63,20.56,150.68
2024-01-07,10:00,248.62,89.68,181.28,25.4,200.21
2024-01-07,11:00,241.31,81.16,242.28,27.64,215.9
2024-01-07,12:00,168.09,114.62,304.34,17.3,91.08
2024-01-07,13:00,149.4,77.85,166.39,17.59,117.38
2024-01-07,14:00,187.75,93.31,296.37,25.42,110.74
2024-01-07,15:00,97.54,45.73,214.54,11.86,180.49
2024-01-07,16:00,194.42,109.08,153.15,16.69,174.92
2024-01-07,17:00,175.86,116.37,314.44,25.87,158.48
2024-01-07,18:00,240.46,136.2,252.49,20.01,156.42
2024-01-07,19:00,288.15,162.91,271.7,28.49,259.55
2024-01-07,20:00,335.15,122.23,313.68,37.23,291.44
2024-01-07,21:00,299.5,165.05,412.37,33.71,274.05
2024-01-07,22:00,338.99,129.51,265.16,33.56,253.65
2024-01-07,23:00,324.9,158.98,271.45,38.06,241.07
2024-01-07,00:00,334.43,164.16,305.9,37.58,165.35
2024-01-08,01:00,317.16,103.12,356.95,37.04,178.65
2024-01-08,02:00,249.38,129.35,335.43,42.32,193.61
2024-01-08,03:00,291.55,125.02,318.45,32.09,202.05
2024-01-08,04:00,188.19,151.08,238.25,36.6,203.98
2024-01-08,05:00,170.52,87.04,240.29,29.99,233.14
2024-01-08,06:00,278,109.72,258.34,24.15,226.1
2024-01-08,07:00,208.94,150.25,356.38,27.9,250.42
2024-01-08,08:00,316.93,158.44,343.46,32.82,228.71
2024-01-08,09:00,243.86,148.25,336.24,39.74,272.02
2024-01-08,10:00,223.95,90.39,268.21,32.31,194.77
2024-01-08,11:00,232.31,72,315.52,26.47,186.46
2024-01-08,12:00,198.59,76.74,319.17,14.48,114.33
2024-01-08,13:00,122.91,58.15,281.88,24.42,178.79
2024-01-08,14:00,187.7,77.16,204.85,15.44,161.96
2024-01-08,15:00,143.59,63.57,297.44,14.32,98.74
2024-01-08,16:00,138.04,54.75,221.5,17.22,142.39
2024-01-08,17:00,212.26,55.42,205.41,9.5,162.88
2024-01-08,18:00,153.02,128.83,328.88,22.93,180.03
2024-01-08,19:00,276.89,133.7,258.82,30.46,220.05
2024-01-08,20:00,208.19,146.34,242.35,38.64,180.61
2024-01-08,21:00,251.32,152.26,395.07,39.23,252.45
2024-01-08,22:00,324.26,149.78,375.01,39.53,267.17
2024-01-08,23:00,262.68,178.73,402.71,38.86,168.71
2024-01-08,00:00,272.95,157.1,233.5,41.55,199.74
2024-01-09,01:00,234.14,90.88,239.95,35.79,169.87
2024-01-09,02:00,167.23,132.25,182.94,36.65,139.72
2024-01-09,03:00,209.86,79.54,301.53,31.97,221.99
2024-01-09,04:00,269.74,126.95,268.5,34.5,154.08
2024-01-09,05:00,268.31,147.08,222.58,40.62,137.34
2024-01-09,06:00,246.58,132.47,215.3,26.55,158.89
2024-01-09,07:00,254.49,147.86,231.52,41.73,205.55
2024-01-09,08:00,219.24,105.04,327.72,40.33,155.06
2024-01-09,09:00,266.57,119.58,349.24,36.82,213.14
2024-01-09,10:00,296.16,103.59,217.21,39.74,173.4
2024-01-09,11:00,160.91,140.08,280.66,37.41,193.35
2024-01-09,12:00,228.3,72.44,342.88,33.28,149.77
2024-01-09,13:00,187.82,114.64,183.26,36.64,163.46
2024-01-09,14:00,238.9,65.96,257.01,17.64,221.37
2024-01-09,15:00,132.7,59.5,228,25.01,157.63
2024-01-09,16:00,245.58,69.97,227.12,18.26,133.01
2024-01-09,17:00,164.77,77.07,254.06,24.75,161.04
2024-01-09,18:00,288.63,134.08,335.79,22.42,190.19
2024-01-09,19:00,249.23,162.59,339.9,24.27,246.12
2024-01-09,20:00,321.72,180.29,298.83,34.35,221.6
2024-01-09,21:00,312.85,114.79,296.57,34.71,160.72
2024-01-09,22:00,245.91,175.18,359.85,33.29,248.58
2024-01-09,23:00,296.48,171.15,358.97,40.54,198.22
2024-01-09,00:00,292.43,165.3,295.01,32.67,153.2
2024-01-10,01:00,216.35,105.92,213.99,38.65,226.15
2024-01-10,02:00,149.1,74.88,313.78,26.33,203.43
2024-01-10,03:00,269.21,99.38,176.03,36.45,143.92
2024-01-10,04:00,198.88,93.3,307.52,25.14,179.46
2024-01-10,05:00,170.49,95.68,178.03,19.54,113.7
2024-01-10,06:00,222.35,74.88,248.73,21.16,212.49
2024-01-10,07:00,212.93,128.51,366.28,27.86,225.52
2024-01-10,08:00,260.15,106.52,313.1,39.37,161.41
2024-01-10,09:00,243.9,140.73,260.31,36.17,266.46
2024-01-10,10:00,269.35,134.25,282.16,22.47,227.56
2024-01-10,11:00,146.97,130.09,286.3,20.41,173.59
2024-01-10,12:00,185,93.74,209.15,22.38,142.29
2024-01-10,13:00,236.55,115.26,250,16.98,119.35
2024-01-10,14:00,185.07,74.14,242.37,22.93,199.28
2024-01-10,15:00,148.61,78.41,266.37,16.58,221.64
2024-01-10,16:00,168.19,44.34,208.24,12.37,118.01
2024-01-10,17:00,210.73,110.76,287.55,28.73,139.74
2024-01-10,18:00,188.57,77.95,289.94,14.48,237.85
2024-01-10,19:00,234.66,135.35,273.05,30.4,152.89
2024-01-10,20:00,315.02,104.19,301.65,37.77,177.76
2024-01-10,21:00,243.82,114.89,363.8,32.82,201.76
2024-01-10,22:00,287.31,123.87,266.59,31.51,185.21
2024-01-10,23:00,290.92,108.65,371.62,35.48,172.68
2024-01-10,00:00,257.79,154.92,358.6,36.13,165.12
2024-01-11,01:00,271.92,93.7,297.53,35.9,250.58
2024-01-11,02:00,165,74.61,228.14,33.57,138.37
2024-01-11,03:00,238.45,108.67,175.65,26.9,168.67
2024-01-11,04:00,189.08,84.88,157.96,26.59,154.85
2024-01-11,05:00,240.07,131.93,165.38,24.51,214.11
2024-01-11,06:00,189.13,79.52,304.52,38.68,157.63
2024-01-11,07:00,203.99,109.17,254.59,35.22,193.63
2024-01-11,08:00,245.25,146.23,379.11,45.39,237.7
2024-01-11,09:00,236.64,135.99,357.85,35.21,221.97
2024-01-11,10:00,287.39,128.05,240.07,25.65,189.27
2024-01-11,11:00,199.83,76.51,242.95,35.27,194.45
2024-01-11,12:00,248.14,70.16,171.42,27.15,174.52
2024-01-11,13:00,173.05,73.96,215.52,26.19,116.75
2024-01-11,14:00,143.84,76.38,143.11,22.94,167.68
2024-01-11,15:00,233.07,87.99,218.49,24.47,180.63
2024-01-11,16:00,187.06,65.49,238.46,8.34,127.3
2024-01-11,17:00,204.15,47.39,177.1,19.85,196.88
2024-01-11,18:00,160.2,119.44,212.67,30.83,147.99
2024-01-11,19:00,197.88,113.89,292.88,31.42,252.34
2024-01-11,20:00,198.26,133.77,234.69,37.42,188.9
2024-01-11,21:00,263.89,145.62,219.16,36.02,158.59
2024-01-11,22:00,190.5,140.18,215.54,29.38,255.75
2024-01-11,23:00,299.79,129.74,220.28,39.58,147.05
2024-01-11,00:00,243.31,149.38,178.45,38.45,240.55
2024-01-12,01:00,146.67,134.97,255.12,30.16,212.3
2024-01-12,02:00,232.31,132.24,322.52,35.88,144.96
2024-01-12,03:00,205.18,65.38,175.72,19.98,176.8
2024-01-12,04:00,211.45,61.46,209.36,17.43,162.48
2024-01-12,05:00,165.6,96.44,238.33,26.43,138.18
2024-01-12,06:00,174.8,87.17,232.39,19.31,211.57
2024-01-12,07:00,291.31,137.65,236.66,21.81,202.96
2024-01-12,08:00,317.81,138.21,298.14,29.18,220.85
2024-01-12,09:00,244.72,110.54,223.98,38.67,179.42
2024-01-12,10:00,244.58,78.68,288.78,29.21,127.96
2024-01-12,11:00,254.49,84.64,318.66,12.55,144.84
2024-01-12,12:00,167.58,39.97,251.18,25.68,72.84
2024-01-12,13:00,182.54,58.98,158.74,25.14,161.37
2024-01-12,14:00,90.87,94.36,223.55,9.9,103.37
2024-01-12,15:00,184.19,70.76,198.25,11.39,73.22
2024-01-12,16:00,105.87,77.79,262.24,11.68,147.69
2024-01-12,17:00,197.73,86.67,224.78,16.06,173.18
2024-01-12,18:00,118.84,130.64,291.98,23.88,128.12
2024-01-12,19:00,218.16,137.99,266.58,21.71,200.34
2024-01-12,20:00,193.34,122.67,237.68,36.93,228.62
2024-01-12,21:00,220.31,151.71,281.06,25.12,168.15
2024-01-12,22:00,273.07,113.92,232.06,24.98,201.11
2024-01-12,23:00,304.15,117.61,287.31,35.5,261
2024-01-12,00:00,221.15,139.13,292.75,29.95,198.43
2024-01-13,01:00,186.29,94.05,198.55,26.22,194.31
2024-01-13,02:00,169.75,81.25,324.65,19.22,212.28
2024-01-13,03:00,245.77,115.02,292.46,20.81,129.55
2024-01-13,04:00,214.96,135.67,287.31,21.42,125.74
2024-01-13,05:00,131.11,104.82,251.59,28.36,126.24
2024-01-13,06:00,140.49,103,183.72,25.06,169.38
2024-01-13,07:00,218.72,88.48,234.26,18.28,158.9
2024-01-13,08:00,267.51,99.49,181.6,36.34,174.65
2024-01-13,09:00,230.04,140.16,233.3,31.8,161.98
2024-01-13,10:00,179.19,97.92,277.04,28.8,102.05
2024-01-13,11:00,164.76,74.01,207.28,26.05,192.65
2024-01-13,12:00,122.9,85.4,153,10.2,178.97
2024-01-13,13:00,153.83,41.37,264.31,22.24,97.85
2024-01-13,14:00,91.69,75.97,230.12,10.76,133.4
2024-01-13,15:00,169.07,31.35,242.9,6.23,57.34
2024-01-13,16:00,138.18,107.78,106.66,17.15,137.69
2024-01-13,17:00,89.52,43.52,223.2,22.66,95.7
2024-01-13,18:00,233.89,73.16,175.34,23.02,152.21
2024-01-13,19:00,162.68,120.3,162.6,15.16,126.76
2024-01-13,20:00,168.25,89.3,213.16,25.59,236.39
2024-01-13,21:00,184.16,153.95,315.55,34.51,216.81
2024-01-13,22:00,200.35,108.01,201.54,29.59,204.43
2024-01-13,23:00,273.79,137.82,267.88,30.75,142.33
2024-01-13,00:00,249.25,143.9,218.43,38.57,192.43
2024-01-14,01:00,276.58,95.6,275.45,23.78,202.24
2024-01-14,02:00,227.72,80.15,185.38,23.21,150.17
2024-01-14,03:00,239.36,144.83,293.33,28.25,168.64
2024-01-14,04:00,220.99,138.86,252.45,35.45,153.55
2024-01-14,05:00,124.89,83.04,271.63,26.48,185.49
2024-01-14,06:00,193.98,128.3,212.74,30.1,224.63
2024-01-14,07:00,232.56,130.89,306.87,19.4,147
2024-01-14,08:00,199.5,127.27,319.24,38.57,197.17
2024-01-14,09:00,156.41,108.88,198.98,15.08,227.51
2024-01-14,10:00,154.41,111.18,206.52,18.79,213.22
2024-01-14,11:00,205.02,65.97,167.48,25.81,113.67
2024-01-14,12:00,266.25,105.13,257.9,14.4,168.2
2024-01-14,13:00,176.65,67.61,224.99,20.48,154.75
2024-01-14,14:00,216.44,58.06,203.79,14.96,156.34
2024-01-14,15:00,120.05,28.11,154.7,20.71,125.2
2024-01-14,16:00,198.61,84.43,304.09,12.56,117.05
2024-01-14,17:00,219.57,77.45,285.79,15.1,175.15
2024-01-14,18:00,279.04,118.92,212.65,14.78,212.46
2024-01-14,19:00,215.22,113.07,344.25,16.72,172.63
2024-01-14,20:00,292.61,120.1,366.64,16.55,228.27
2024-01-14,21:00,342.47,126.55,297.64,30.17,261.19
2024-01-14,22:00,273.3,149,264.51,33.77,186.66
2024-01-14,23:00,228.08,99.45,257.97,29.37,238.66
2024-01-14,00:00,197.76,66.97,334.48,29.92,192.5
2024-01-15,01:00,266.64,125.85,315.21,37.76,223.69
2024-01-15,02:00,170.69,94.82,315.15,26.3,193.34
2024-01-15,03:00,234.29,106.35,193.13,34.76,159.21
2024-01-15,04:00,140.25,102.05,183,34.57,151.29
2024-01-15,05:00,242.12,60.09,213.95,37.58,204.24
2024-01-15,06:00,226.05,119.48,247,31.21,206.3
2024-01-15,07:00,322.32,126.45,229.45,37.35,251.42
2024-01-15,08:00,323.11,84.34,360.26,38.46,214.44
2024-01-15,09:00,226.5,148.31,412.41,36.62,247.74
2024-01-15,10:00,183.1,131.71,256.6,37.1,126.9
2024-01-15,11:00,189.19,43.92,309.95,18.22,127.33
2024-01-15,12:00,238.8,58.22,248.78,20.96,103.38
2024-01-15,13:00,113.2,39.59,208.52,27.61,181.71
2024-01-15,14:00,161.01,37.61,255.34,16.36,153.72
2024-01-15,15:00,166.79,60.47,147.96,19.36,118.66
2024-01-15,16:00,130.53,102.8,261.3,9.21,83.35
2024-01-15,17:00,105.34,110.89,278.01,22.44,118.21
2024-01-15,18:00,243.44,87.66,207.99,15.39,220.97
2024-01-15,19:00,311.62,127.99,355.07,17.86,243.3
2024-01-15,20:00,297.54,145.1,318.8,19.2,193.84
2024-01-15,21:00,303.96,160.89,270.62,25.17,229.05
2024-01-15,22:00,333.17,157.43,269.17,31.7,181.06
2024-01-15,23:00,215.41,97.69,345.65,34.83,168.59
2024-01-15,00:00,318.3,137.67,308.06,31.13,239.07
2024-01-16,01:00,316.45,91.85,233.85,33.33,168.54
2024-01-16,02:00,249.51,141.97,245.66,23.4,200.13
2024-01-16,03:00,188.35,130.65,324.6,33.31,192.93
2024-01-16,04:00,204.67,106.52,198.37,27.19,172.43
2024-01-16,05:00,272.63,122.98,295.43,21.53,173.41
2024-01-16,06:00,245.84,76.77,242.93,28.56,240.9
2024-01-16,07:00,269.97,89.41,347.2,32.84,196.95
2024-01-16,08:00,245.91,91.73,279.81,36.15,191.75
2024-01-16,09:00,336.47,108,373.86,29.07,231.32
2024-01-16,10:00,250.07,110.6,355.45,33.82,138.54
2024-01-16,11:00,193.88,80.07,202.85,28.51,117.37
2024-01-16,12:00,143.74,65.34,260.89,25.84,144.86
2024-01-16,13:00,143.61,107.06,318.05,23.07,103.99
2024-01-16,14:00,99.02,38.69,178.48,17.39,178.93
2024-01-16,15:00,101.47,62.7,147.35,16.54,106.78
2024-01-16,16:00,167.08,77.15,201.75,17.66,153.46
2024-01-16,17:00,125.19,75.02,144.85,15.89,110.3
2024-01-16,18:00,167.71,107.05,295.42,21.43,159.28
2024-01-16,19:00,244.26,108.96,308.75,30.3,243.87
2024-01-16,20:00,218.31,96.91,282.5,27.63,252.68
2024-01-16,21:00,326.03,155.68,308.78,37.81,204.75
2024-01-16,22:00,233.28,146.45,317.51,30.69,255.77
2024-01-16,23:00,220.51,128.26,307.79,25.99,240.63
2024-01-16,00:00,298.1,87.35,313.2,24.33,235.87
2024-01-17,01:00,168.6,96.47,231.47,26.71,208.44
2024-01-17,02:00,173.32,70.32,186.26,33.08,212.75
2024-01-17,03:00,151.08,79.57,262.03,30.68,116.61
2024-01-17,04:00,154.88,62.16,286.66,27.71,221.25
2024-01-17,05:00,129.26,88.61,313.23,31.66,188.66
2024-01-17,06:00,177.16,121.35,277.31,27.58,124.52
2024-01-17,07:00,238.23,104.07,251.71,24.09,242.17
2024-01-17,08:00,190.56,86.2,255.83,43.56,224.05
2024-01-17,09:00,276.15,87.07,296.87,28.28,201.43
2024-01-17,10:00,310.16,96.69,243.45,28.7,199.63
2024-01-17,11:00,252.46,58.19,177.96,18.09,188.22
2024-01-17,12:00,209.08,67.38,236.55,14.34,173.93
2024-01-17,13:00,162.61,71.45,216.53,17.16,209.36
2024-01-17,14:00,156.78,67.38,256.88,14.87,178.03
2024-01-17,15:00,227.3,62.7,268.9,30.87,197.15
2024-01-17,16:00,212.3,89.42,215.67,23.63,175.07
2024-01-17,17:00,216.81,89.93,284.66,16.17,229.25
2024-01-17,18:00,274.34,144.36,174.3,22.51,138.36
2024-01-17,19:00,300.32,142.2,225.67,27.01,227.79
2024-01-17,20:00,290.76,122.31,270.51,25.97,231.4
2024-01-17,21:00,332.71,136.05,302.42,38.27,214
2024-01-17,22:00,232.53,139,384.54,36.76,217.58
2024-01-17,23:00,220.39,90.23,306.55,35.86,177.07
2024-01-17,00:00,255.21,80.69,276.77,30.97,206.92
2024-01-18,01:00,282.49,137.55,196.61,27.73,180.85
2024-01-18,02:00,172.08,67.48,318.85,22.28,178.71
2024-01-18,03:00,195.97,88.3,244.38,18.62,166.53
2024-01-18,04:00,121.72,62.8,302.38,14.66,211.6
2024-01-18,05:00,248.15,83.09,231.02,15.32,203.12
2024-01-18,06:00,188.87,89.52,243.28,13.99,181.94
2024-01-18,07:00,188.58,55.84,173.96,18.27,139.06
2024-01-18,08:00,175.78,73.83,247.26,34.18,158.32
2024-01-18,09:00,255.06,125.28,319.12,27.12,161.32
2024-01-18,10:00,159.43,88.52,205.28,19.4,236.06
2024-01-18,11:00,146.58,100.24,298.88,31.65,124.78
2024-01-18,12:00,218.58,93.92,240.07,31.72,164.57
2024-01-18,13:00,103.87,106.31,145.12,19.2,165.77
2024-01-18,14:00,214.99,71.16,90.27,26.11,171.91
2024-01-18,15:00,103.7,42.46,107.95,16.8,115.23
2024-01-18,16:00,104.93,40.76,146.71,14.46,113.46
2024-01-18,17:00,170.24,97.8,202.24,21.73,168.24
2024-01-18,18:00,107.92,117.64,175.94,22.01,206.12
2024-01-18,19:00,223.03,86.71,152.85,34.58,230.22
2024-01-18,20:00,269.44,151.88,242.05,26.48,161.78
2024-01-18,21:00,184.4,117.88,293.79,33.02,183.45
2024-01-18,22:00,212.77,132.48,250.39,22.5,160.13
2024-01-18,23:00,247.65,154.43,354.6,26.63,135.82
2024-01-18,00:00,283.03,138.18,173.03,30.66,132.63
2024-01-19,01:00,133.24,116.03,191.06,31.63,202.4
2024-01-19,02:00,188.08,114.33,305.17,13.92,188.93
2024-01-19,03:00,217.82,95.18,215.14,20.88,135.73
2024-01-19,04:00,224.35,68.89,184.66,29.49,121.31
2024-01-19,05:00,173.02,80.46,266.39,12.21,116.21
2024-01-19,06:00,217.53,80.27,134.04,22.75,140.06
2024-01-19,07:00,169.17,70.52,159.76,34.83,186.61
2024-01-19,08:00,169.81,91.55,279.27,29.9,237.16
2024-01-19,09:00,264.52,100.31,206.88,22.09,131.93
2024-01-19,10:00,137.15,79.43,313.66,16.79,173.8
2024-01-19,11:00,166.78,104.98,243.28,26.67,170.09
2024-01-19,12:00,162.24,118.17,190.73,25.76,142.94
2024-01-19,13:00,142.83,73.45,135.8,27.7,128.25
2024-01-19,14:00,170.79,64.63,174.78,24.45,142.96
2024-01-19,15:00,169.37,71.41,114.64,27.85,80.53
2024-01-19,16:00,171.01,58.45,244.08,21.76,147.14
2024-01-19,17:00,124.21,94.75,255.91,30.7,109.12
2024-01-19,18:00,186.38,89.8,267.59,28.59,172.68
2024-01-19,19:00,243.91,107.82,170.11,15.92,187.18
2024-01-19,20:00,255.24,98.47,222.25,17.32,168.44
2024-01-19,21:00,290.12,139.63,247.8,27.83,238.87
2024-01-19,22:00,171.69,132.06,319.53,20.67,183.22
2024-01-19,23:00,266.57,127.79,334.59,39.68,191.59
2024-01-19,00:00,266.78,127.01,332.24,30.31,148.62
2024-01-20,01:00,235.88,136.65,257.85,30.49,104.31
2024-01-20,02:00,139.32,77.33,233.74,36.85,167.11
2024-01-20,03:00,178.98,113.15,186.2,26.93,112.06
2024-01-20,04:00,150.61,57.06,183.08,32.6,140.7
2024-01-20,05:00,140.74,81.17,246.67,32.75,167.06
2024-01-20,06:00,229.36,108.69,250.19,25.92,89.23
2024-01-20,07:00,228.09,61,212.09,28.73,100.73
2024-01-20,08:00,189.84,112.54,193.16,23.24,187.36
2024-01-20,09:00,180.97,92.13,192.09,28,212.41
2024-01-20,10:00,248.33,130.55,260.39,18.47,219
2024-01-20,11:00,135.37,66.69,304.59,15.56,206.66
2024-01-20,12:00,144.27,111.32,142.26,16.05,156.23
2024-01-20,13:00,205.35,93.62,276.79,21.69,127.28
2024-01-20,14:00,188.64,92.42,192.07,15.32,149.08
2024-01-20,15:00,111.34,86.65,218.15,17.04,195.87
2024-01-20,16:00,215.32,71.08,212.57,15.69,112
2024-01-20,17:00,142.44,113.41,155.61,26.99,164.92
2024-01-20,18:00,151.68,89.48,286.78,31.11,191.97
2024-01-20,19:00,278.06,100.97,165.03,20.46,128.11
2024-01-20,20:00,289.83,104.39,270.12,25.18,161.83
2024-01-20,21:00,192.92,143.25,207,31.05,127.58
2024-01-20,22:00,308.32,124.75,183.19,21.89,152.53
2024-01-20,23:00,213.63,149.94,319.03,17.68,129.26
2024-01-20,00:00,254.55,76.4,257.56,30.37,126.23
2024-01-21,01:00,173.74,127.34,186.11,22.48,146.9
2024-01-21,02:00,266.66,85.33,248.63,15.29,122.06
2024-01-21,03:00,143.85,117.97,168.84,24.41,143.89
2024-01-21,04:00,175.56,100.33,270.35,26.07,151.07
2024-01-21,05:00,209.76,73.99,160.94,15.5,104.41
2024-01-21,06:00,182.62,109.82,161.23,27.08,172.17
2024-01-21,07:00,142.34,62.4,297.38,20.24,184.21
2024-01-21,08:00,258.59,109.15,253.99,28.59,119
2024-01-21,09:00,259.9,67.88,280.92,19.91,130.17
2024-01-21,10:00,161.92,93.97,228.62,27.82,144.3
2024-01-21,11:00,194.79,122.42,309.82,13.75,165.78
2024-01-21,12:00,144.97,77.25,158.21,21.67,92.45
2024-01-21,13:00,156.82,84.88,248.95,21.81,84.75
2024-01-21,14:00,257.22,73.87,282.02,27.37,139.15
2024-01-21,15:00,254.87,92.02,261.15,15.7,144.93
2024-01-21,16:00,134.7,81.18,210.52,15.88,166.59
2024-01-21,17:00,157.85,73.24,208.47,22.49,201.72
2024-01-21,18:00,220.37,95.57,166.04,31.48,186.77
2024-01-21,19:00,281.39,137.77,216.53,24.68,233.15
2024-01-21,20:00,247.51,119.05,314.21,33.79,251.89
2024-01-21,21:00,321.02,126.53,288.72,39.55,206.67
2024-01-21,22:00,221.46,161.64,327.17,26.57,138.86
2024-01-21,23:00,234.27,147.99,213.55,40.55,194.76
2024-01-21,00:00,290.6,145.37,263.23,22.18,207.28
2024-01-22,01:00,313.4,101.77,353.76,39.2,143.87
2024-01-22,02:00,208.4,112.29,304.02,26.6,135.11
2024-01-22,03:00,243.51,116.13,171.95,35.62,203.39
2024-01-22,04:00,182.05,66.82,204.5,19.41,193.66
2024-01-22,05:00,265.43,111.44,200.93,37.51,176.52
2024-01-22,06:00,179.75,103.51,326.6,22.67,185.01
2024-01-22,07:00,274.57,90.12,322.82,27.41,215.51
2024-01-22,08:00,326.5,84.98,351.36,36.54,201.55
2024-01-22,09:00,321.21,136.13,378.04,41.08,282.58
2024-01-22,10:00,348.64,109.18,318.09,33.75,225.48
2024-01-22,11:00,270.73,126.28,269.22,35.75,204.85
2024-01-22,12:00,295.83,51.89,236.44,29.61,205.35
2024-01-22,13:00,244.13,64.92,199.62,34.12,175.36
2024-01-22,14:00,202.95,47.51,207.19,24.81,190.46
2024-01-22,15:00,261.4,68.58,236.37,27.88,206.14
2024-01-22,16:00,204.11,93.23,287.97,31.76,130.64
2024-01-22,17:00,289.71,105.53,368.01,40.46,210.19
2024-01-22,18:00,303.03,97.71,334.21,43.07,206.91
2024-01-22,19:00,362.89,127.47,414.69,37.85,222.88
2024-01-22,20:00,284.64,178.77,306.61,36.31,267.12
2024-01-22,21:00,306.49,140.26,358.36,42.53,304.73
2024-01-22,22:00,339.34,179.58,473.83,40.28,246.85
2024-01-22,23:00,339.51,124.43,347.83,34.73,249.41
2024-01-22,00:00,339.06,152.21,318.61,50.51,226.17
2024-01-23,01:00,331.99,108,251.19,37.58,209.27
2024-01-23,02:00,330,162.43,383.94,37.55,202.14
2024-01-23,03:00,226.16,133.83,301.64,40.33,221.6
2024-01-23,04:00,197.24,155.88,310.91,24.28,231.13
2024-01-23,05:00,285.62,94.22,348.76,26.5,213.9
2024-01-23,06:00,215.55,142.27,281.14,37.33,263.9
2024-01-23,07:00,325.68,184.57,425.92,33.96,268.58
2024-01-23,08:00,360.63,116.64,414.39,51.92,248.65
2024-01-23,09:00,317.99,158.83,402.39,31.16,221.39
2024-01-23,10:00,284.59,97.63,292.28,32.84,220.02
2024-01-23,11:00,275.91,97.87,406.35,26.67,246.14
2024-01-23,12:00,251.59,86.32,382.24,23.42,238.09
2024-01-23,13:00,207.02,103.13,394.1,30.79,176.19
2024-01-23,14:00,228.57,69.53,296.27,32.49,125.61
2024-01-23,15:00,181.86,106.47,247.78,35.28,226.54
2024-01-23,16:00,176.26,81.06,206.01,25.44,141.69
2024-01-23,17:00,237.98,81.64,253.27,24.52,279.44
2024-01-23,18:00,343.68,122.07,375.96,26.67,198.86
2024-01-23,19:00,320.38,163.78,409.96,34.82,297.42
2024-01-23,20:00,351.87,170.27,375.34,40.55,309.23
2024-01-23,21:00,405.36,180.07,329.91,38.3,238.99
2024-01-23,22:00,328.47,141.59,441.52,34.46,271.53
2024-01-23,23:00,303.72,186.74,353.89,44.67,269.28
2024-01-23,00:00,271.89,141.05,367.59,40.08,241.69
2024-01-24,01:00,374.19,113.08,393.32,33.98,262.12
2024-01-24,02:00,348.68,124.69,352.4,42.75,257.09
2024-01-24,03:00,324.71,129.77,315.13,25.73,241.54
2024-01-24,04:00,294.35,91.25,234.72,28.98,270.78
2024-01-24,05:00,272.09,97.16,309.8,31.63,172.57
2024-01-24,06:00,226.25,127.14,295.71,36.08,184.36
2024-01-24,07:00,252.8,156.05,270.87,41.33,244.46
2024-01-24,08:00,340.71,129.43,376.98,50.06,276.68
2024-01-24,09:00,271.88,114.17,323.66,44.22,286.42
2024-01-24,10:00,333.12,131.65,426.77,49.04,213.38
2024-01-24,11:00,209.18,139.09,298.8,40.02,196.78
2024-01-24,12:00,168.71,77.51,309.51,36.86,185.99
2024-01-24,13:00,203.95,64.24,294.55,33.96,167.75
2024-01-24,14:00,151.78,75.1,328.08,25.85,175.49
2024-01-24,15:00,238.67,101.67,299.72,28.21,110.94
2024-01-24,16:00,192.62,115.55,318.46,35.51,161.77
2024-01-24,17:00,216.9,127,343.48,29.86,131.91
2024-01-24,18:00,226.49,94.82,264.75,38.66,190.22
2024-01-24,19:00,271.36,176.54,364.46,33.77,272.79
2024-01-24,20:00,399.56,159.62,411.21,48.6,270.94
2024-01-24,21:00,337.24,150.65,432.75,37.88,231.69
2024-01-24,22:00,347.1,157.55,333.76,35.11,349.45
2024-01-24,23:00,393.06,113.04,354.83,34.75,221.3
2024-01-24,00:00,254.43,112.19,357.47,40.78,245.03
2024-01-25,01:00,233.02,115.16,276.91,36.96,211.74
2024-01-25,02:00,313.8,99.11,297.86,35.1,197.8
2024-01-25,03:00,329.03,143.01,394.31,36.91,206.66
2024-01-25,04:00,209.85,160.46,276.86,41.68,215.67
2024-01-25,05:00,270.51,135.75,383.81,28.47,255.43
2024-01-25,06:00,328.75,109.23,342.34,36.46,232.6
2024-01-25,07:00,253.55,135.71,372.76,34.16,275.24
2024-01-25,08:00,242.13,118.85,442.94,36.26,223.04
2024-01-25,09:00,302.12,160.28,379.08,36.63,234.14
2024-01-25,10:00,313.69,99.35,249.07,26.79,239.09
2024-01-25,11:00,212.17,139.02,328.55,24.01,231.86
2024-01-25,12:00,280.42,101.81,329.79,13.07,186.41
2024-01-25,13:00,239.08,68.04,232.55,15.5,137.57
2024-01-25,14:00,207.95,107.68,249.16,24.2,104.46
2024-01-25,15:00,153.92,91.62,245.08,11.72,173.61
2024-01-25,16:00,157.82,109.59,303.27,15.73,155.41
2024-01-25,17:00,132.97,90.38,309.18,28.98,209.68
2024-01-25,18:00,199.12,114.19,301.48,37.24,185.43
2024-01-25,19:00,239.32,154.6,386.57,36.37,194.91
2024-01-25,20:00,350.1,134.34,440.57,35.19,223.11
2024-01-25,21:00,395.47,130.72,439.72,41.75,225.43
2024-01-25,22:00,299.36,127.47,401.32,36.81,261.41
2024-01-25,23:00,329.62,133.5,311.23,31.02,260.85
2024-01-25,00:00,357.09,126.53,352.84,37.15,292.86
2024-01-26,01:00,240.57,146.68,303,34.09,192.81
2024-01-26,02:00,329.26,133.66,221.37,28.71,212.27
2024-01-26,03:00,230.35,99.11,222.84,32.92,196.79
2024-01-26,04:00,273.93,107.66,255.32,33.51,249.99
2024-01-26,05:00,192.33,133.62,351.79,25.77,252.65
2024-01-26,06:00,224.51,88.39,299.91,29.45,251.49
2024-01-26,07:00,217.97,149.82,298.44,35.22,215.41
2024-01-26,08:00,239.99,163.48,273.14,35.5,185.08
2024-01-26,09:00,237.03,102.23,302.59,31.43,183.72
2024-01-26,10:00,289.87,137.99,260.03,30.89,246.52
2024-01-26,11:00,218.1,117.99,366.3,30.28,136.06
2024-01-26,12:00,253.47,115.17,249.24,18.22,176.55
2024-01-26,13:00,124.23,111.62,236.34,21.26,141.16
2024-01-26,14:00,177.59,64.81,240.85,25.04,212.19
2024-01-26,15:00,171.92,46.51,206.69,17.54,127.91
2024-01-26,16:00,207.6,48.47,278.24,19.75,167.05
2024-01-26,17:00,165.21,62,134.34,22.27,231.14
2024-01-26,18:00,155.2,101.78,242.9,22.93,264.28
2024-01-26,19:00,192.14,160.38,277.43,22.07,226.59
2024-01-26,20:00,313.34,111.58,380.27,35.65,288.65
2024-01-26,21:00,248.34,159.88,316.75,34.71,256.73
2024-01-26,22:00,209.96,131.7,388.34,23.39,248.55
2024-01-26,23:00,301.99,186.86,262.59,33.24,231.46
2024-01-26,00:00,197.48,105.28,211.84,30.38,228.65
2024-01-27,01:00,205.29,90.89,288.42,36.23,194.55
2024-01-27,02:00,260.62,148.41,245.72,34.87,260.17
2024-01-27,03:00,202.67,97.82,180.78,28.16,179.58
2024-01-27,04:00,180.17,141.4,311.17,31.08,201.75
2024-01-27,05:00,241.27,83.65,281.15,27.41,198.06
2024-01-27,06:00,211.72,95.89,333.72,23.23,201.93
2024-01-27,07:00,172.98,99.93,270.68,29.46,232.79
2024-01-27,08:00,256.21,108.84,224.36,21.45,236.72
2024-01-27,09:00,235.15,98.66,364.64,33.59,233.23
2024-01-27,10:00,251.13,121.81,328.91,22.88,155.81
2024-01-27,11:00,196.68,69.68,281.9,28.51,111.07
2024-01-27,12:00,165.32,52.39,249.22,27.4,140.1
2024-01-27,13:00,240.7,116.46,283.59,6.64,147.27
2024-01-27,14:00,133.95,81.78,292.17,20.23,171.53
2024-01-27,15:00,180.65,70.4,168.97,22.01,162
2024-01-27,16:00,103,100.56,275.75,7.34,154.41
2024-01-27,17:00,103.51,86.82,193.7,11.79,150.57
2024-01-27,18:00,248.36,70.92,163.14,20.49,123.2
2024-01-27,19:00,231.55,92.84,248.31,35.32,203.2
2024-01-27,20:00,251.34,131.73,247.64,38.1,177.85
2024-01-27,21:00,217.11,110.99,368.09,35.06,268.32
2024-01-27,22:00,292.7,172.45,288.16,33.2,253.55
2024-01-27,23:00,264.02,114.12,296.34,41.02,261.05
2024-01-27,00:00,315.15,137.94,374.55,39.29,225.31
2024-01-28,01:00,175.47,122.29,188.23,39.82,218.45
2024-01-28,02:00,207.85,87.27,209.4,31.53,182.58
2024-01-28,03:00,213.25,107.94,169,32.22,222.95
2024-01-28,04:00,264.36,120.68,158.34,29.74,126.23
2024-01-28,05:00,211.44,101.72,264.07,20.71,172.62
2024-01-28,06:00,191.42,133.15,278.35,24.53,163.65
2024-01-28,07:00,175.51,118.87,284,34.53,225.03
2024-01-28,08:00,276.36,87.78,332.2,20.71,203.73
2024-01-28,09:00,296.08,105.97,199.71,18.71,239.68
2024-01-28,10:00,196.18,111.47,265.27,32.01,225.46
2024-01-28,11:00,253.45,80.26,260.72,25.54,145.43
2024-01-28,12:00,124.54,121.62,267.08,24.31,190.73
2024-01-28,13:00,140.35,107.16,162.39,22.63,90.83
2024-01-28,14:00,159.2,90.84,197.34,21.15,98.28
2024-01-28,15:00,177.49,89.32,250.96,25.79,151.62
2024-01-28,16:00,137.31,64.87,149.37,9.49,144.88
2024-01-28,17:00,258.72,111.3,272.77,12.81,176.56
2024-01-28,18:00,181.11,114.8,170.5,31.56,145.98
2024-01-28,19:00,254.33,106.64,243.05,33.05,192.53
2024-01-28,20:00,278.79,122.8,381.58,39.37,258.01
2024-01-28,21:00,344.07,107.39,302.7,28.89,247.05
2024-01-28,22:00,281.63,175.75,297.24,36.55,235.69
2024-01-28,23:00,233.92,162.23,297.34,40.58,186.22
2024-01-28,00:00,227.24,116.2,348.57,36.66,172.78
2024-01-29,01:00,172.14,85.13,269.71,32.19,186.17
2024-01-29,02:00,192.39,86.85,330.06,32.81,224.95
2024-01-29,03:00,250.87,106.63,330.42,37.4,163.59
2024-01-29,04:00,231.99,145.71,306.08,38.02,226.43
2024-01-29,05:00,151.27,82.49,280.05,39.32,192.79
2024-01-29,06:00,225.21,147.53,209.54,38.32,149.06
2024-01-29,07:00,184.87,145.23,376.62,30.56,206.98
2024-01-29,08:00,288.29,100.59,350.04,48.94,228.71
2024-01-29,09:00,250.01,154.6,255.43,32.91,267.7
2024-01-29,10:00,168.79,102.8,334.53,30.92,141.54
2024-01-29,11:00,185.05,71.38,309.23,28.62,201.43
2024-01-29,12:00,166.79,87.8,270.63,18.97,169.22
2024-01-29,13:00,122.29,107.32,236.91,24.45,78.32
2024-01-29,14:00,192.21,63.12,207.94,21.54,88.28
2024-01-29,15:00,112.52,105.03,268.99,7.64,81.76
2024-01-29,16:00,175.51,49.16,105.81,17.66,68.72
2024-01-29,17:00,190.03,44.43,182.1,16.89,152.89
2024-01-29,18:00,217.57,100.49,179.52,19.14,169.67
2024-01-29,19:00,238.06,96.16,215.27,22.2,180.54
2024-01-29,20:00,234.58,139.38,350.67,26.25,278.78
2024-01-29,21:00,236.9,151.78,306.7,38.55,282.73
2024-01-29,22:00,233.27,165.55,354.26,31.17,241.3
2024-01-29,23:00,320.59,106.27,325.39,37.49,266.39
2024-01-29,00:00,310.66,101.06,278.52,27.3,173.82
2024-01-30,01:00,165.72,154.67,270.45,27.52,249.3
2024-01-30,02:00,174,86.42,320.83,37.02,149.95
2024-01-30,03:00,148.17,121.31,321.88,28.38,164.17
2024-01-30,04:00,153.25,140.5,318.17,27.58,226.71
2024-01-30,05:00,125.33,73.43,182.93,34.6,155.93
2024-01-30,06:00,203.91,74.17,255.81,37.62,186.88
2024-01-30,07:00,293.44,124.62,355.35,32.67,206.65
2024-01-30,08:00,261.59,138.03,257.05,37.55,255.06
2024-01-30,09:00,296.6,102.81,379.78,38.42,263.5
2024-01-30,10:00,255.22,110.74,313.16,36.27,155.65
2024-01-30,11:00,185.57,34.05,225.71,17.17,205.87
2024-01-30,12:00,104.38,73.99,135.98,17.89,142.11
2024-01-30,13:00,131.52,91.44,243.6,14.97,96.19
2024-01-30,14:00,161.08,64.63,245.7,9.77,134.72
2024-01-30,15:00,197.61,49.19,250.04,9.06,79.6
2024-01-30,16:00,142.59,72.56,211.33,12.71,147.1
2024-01-30,17:00,138.46,102.87,240.51,14.4,84.04
2024-01-30,18:00,227.29,128.75,105.99,30.96,145.33
2024-01-30,19:00,163.41,96.18,235.89,25.15,213.29
2024-01-30,20:00,240,141.56,266.73,25.32,176.28
2024-01-30,21:00,301.58,130.43,369.52,27.67,172.4
2024-01-30,22:00,326.8,139,226.58,28.35,195.97
2024-01-30,23:00,291.2,99.88,210.07,30.56,180.37
2024-01-30,00:00,291.59,115.17,208.1,36.14,179.46
2024-01-31,01:00,141.32,66.44,306.25,20.09,126.31
2024-01-31,02:00,200.28,94.16,196.26,29.9,133.28
2024-01-31,03:00,142.42,94.15,307.5,18.2,156.91
2024-01-31,04:00,127.06,106.17,219.7,16.58,118.79
2024-01-31,05:00,233.6,50.22,134.78,27.32,186.77
2024-01-31,06:00,231.69,69.72,303.11,19.64,131.14
2024-01-31,07:00,181.21,78.94,222.28,35.7,154.46
2024-01-31,08:00,260.01,135.52,289.75,34.29,171.63
2024-01-31,09:00,188,79.43,345.83,25.5,144.39
2024-01-31,10:00,243.44,112.27,224.48,26.61,131.3
2024-01-31,11:00,172.56,114.5,245.65,25.22,107.07
2024-01-31,12:00,188.46,88.8,190.12,19.56,123.21
2024-01-31,13:00,157.37,29.57,205.78,23.56,91.36
2024-01-31,14:00,176.3,28.46,195.53,4.19,92.12
2024-01-31,15:00,131.07,70.48,220.77,16.07,99.24
2024-01-31,16:00,66.86,85.13,183.7,10.08,70.37
2024-01-31,17:00,168.77,82.58,180.81,15.48,86.48
2024-01-31,18:00,96.46,79.74,212.31,12.1,83.23
2024-01-31,19:00,136.08,80.5,208.18,29.15,137.25
2024-01-31,20:00,272.61,92.54,291.13,21.43,182.26
2024-01-31,21:00,212.95,126.94,343.63,34.5,137.85
2024-01-31,22:00,261.55,116.44,191.77,25.58,209.21
2024-01-31,23:00,162.86,101.45,333.05,23.8,136.09
2024-01-31,00:00,139.49,86.35,173.5,19.44,145.87
2024-02-01,01:00,185.74,106.03,289.33,22.94,103.87
2024-02-01,02:00,238.61,63.48,210.62,19.83,102.05
2024-02-01,03:00,114.21,106.84,140.26,14.9,132.08
2024-02-01,04:00,100.56,56.28,223.2,23.39,156.72
2024-02-01,05:00,141.88,88.67,243.11,19.21,172.51
2024-02-01,06:00,113.93,120.58,294.13,15.71,148.14
2024-02-01,07:00,162.08,97.44,239.52,18.47,134.25
2024-02-01,08:00,227.54,116.28,296.61,38.61,226.81
2024-02-01,09:00,215.17,91.4,258.31,32.49,190.62
2024-02-01,10:00,192.79,96.2,314,24.91,201.85
2024-02-01,11:00,206.28,104.9,297.64,21.83,105.41
2024-02-01,12:00,154.33,90.75,238.65,21.31,153.91
2024-02-01,13:00,198.58,63.11,181.79,27.4,185.48
2024-02-01,14:00,157.84,43.96,256.55,22.24,160.1
2024-02-01,15:00,165.82,45.69,221.54,14.25,183.05
2024-02-01,16:00,99.85,66.53,78.08,14.47,141.98
2024-02-01,17:00,138.62,49.43,86.84,24.28,176.7
2024-02-01,18:00,137.81,112.15,242.44,16.47,215.25
2024-02-01,19:00,219.34,101.67,303.26,21.14,166.66
2024-02-01,20:00,236.67,115.69,260.8,24.47,164.97
2024-02-01,21:00,179.73,151.97,359.95,28.65,172.45
2024-02-01,22:00,224.55,105.63,367.23,36.96,187.2
2024-02-01,23:00,240.55,140.82,319.57,28.23,207.75
2024-02-01,00:00,291.52,113.56,169.09,24.03,142.28
2024-02-02,01:00,214.89,61.52,163.95,33.87,198.25
2024-02-02,02:00,156,64.99,240.18,16.08,179.05
2024-02-02,03:00,204.62,97.46,199.06,29.66,102.43
2024-02-02,04:00,175.29,127.14,288.59,23.1,136.98
2024-02-02,05:00,240.26,90.77,252.26,21.34,198.21
2024-02-02,06:00,224.05,71.59,170.96,14.78,100.31
2024-02-02,07:00,218.85,83.9,201.8,31.9,129
2024-02-02,08:00,190.14,86.97,283.26,26.13,142.01
2024-02-02,09:00,208.43,90.3,251.81,27.45,182.76
2024-02-02,10:00,188.05,71.34,274.5,33.46,122.46
2024-02-02,11:00,192.97,70.82,299.22,25.09,116.74
2024-02-02,12:00,118.55,104.44,296.09,20.3,166.79
2024-02-02,13:00,90.17,83.33,122.69,16.66,164.07
2024-02-02,14:00,154.65,37.9,176.05,22.01,61.35
2024-02-02,15:00,142.58,90.36,180.04,21.79,119.74
2024-02-02,16:00,133.9,80.26,235.23,17.67,53.18
2024-02-02,17:00,103.41,72.66,170.17,21.54,110.1
2024-02-02,18:00,92.53,106.98,154.81,28.81,93.07
2024-02-02,19:00,178.65,73.93,191.49,30.45,140.26
2024-02-02,20:00,150.17,128.6,253.99,23.97,223.64
2024-02-02,21:00,242.22,83.4,234.64,38.59,234.25
2024-02-02,22:00,185.26,142.49,273.09,28.31,229.58
2024-02-02,23:00,297.15,137.73,257.26,27.73,196.44
2024-02-02,00:00,206.34,101.89,291.45,39.59,187.03
2024-02-03,01:00,242.13,80.52,216.29,27.19,198.32
2024-02-03,02:00,135.55,58.87,265.23,18.01,110.62
2024-02-03,03:00,105.94,108.06,176.85,18.67,151.5
2024-02-03,04:00,213.3,115.05,192.57,25.39,154.99
2024-02-03,05:00,204.32,51.9,287.13,28.92,174.35
2024-02-03,06:00,129.52,86.87,178.51,22.66,151.64
2024-02-03,07:00,130.94,77.45,241.3,13.59,199.23
2024-02-03,08:00,188.99,85.24,216.69,18.98,192.84
2024-02-03,09:00,151.86,69.5,300.04,22.34,167.78
2024-02-03,10:00,243.27,123.16,145.32,19.21,187.89
2024-02-03,11:00,143.13,97.68,232.7,19.71,161.93
2024-02-03,12:00,115.95,78.31,280.52,11.39,106.52
2024-02-03,13:00,196.59,52.96,192.13,13.58,104.59
2024-02-03,14:00,149.72,64.11,117.26,11.32,97.91
2024-02-03,15:00,100.82,43.84,208.82,15.95,134.48
2024-02-03,16:00,169.67,49.59,206.26,23.63,139.16
2024-02-03,17:00,93.7,80.69,179.26,13.61,130.2
2024-02-03,18:00,208.71,128.31,153.34,16.1,204.34
2024-02-03,19:00,215.45,76.86,162.75,25.19,157.52
2024-02-03,20:00,166.18,119.01,235.82,20.04,139.18
2024-02-03,21:00,234.35,128.47,183.86,27.02,121.13
2024-02-03,22:00,276.36,91.27,254.15,30.46,222.79
2024-02-03,23:00,182.51,141.02,198.04,33.96,108.97
2024-02-03,00:00,137.7,81.48,220.19,30.35,161.29
2024-02-04,01:00,116.31,95.61,181.45,33.26,169.81
2024-02-04,02:00,147.69,112.28,139.25,26.6,103.44
2024-02-04,03:00,161.69,82.49,174.42,16.48,164.86
2024-02-04,04:00,156.27,89.69,179.45,14.96,153.74
2024-02-04,05:00,119.66,63.41,125,13.14,127.85
2024-02-04,06:00,124.82,107.21,258.8,16.47,130.06
2024-02-04,07:00,221.83,71.4,164.89,30.31,127.2
2024-02-04,08:00,195.41,105.19,225.37,28.84,106.97
2024-02-04,09:00,231.84,106.91,196.82,28.37,159.28
2024-02-04,10:00,118.63,76.15,228.66,30.83,124.34
2024-02-04,11:00,195.93,67.01,222.29,15.44,150.34
2024-02-04,12:00,85.03,115.27,146.26,21.92,98.24
2024-02-04,13:00,160.62,62.68,192.73,9.66,70.71
2024-02-04,14:00,100.96,40.25,94.24,20.57,110.59
2024-02-04,15:00,172.18,83.33,91.54,21.32,76.42
2024-02-04,16:00,131.32,75.02,206.7,24.31,78.6
2024-02-04,17:00,168.17,46.61,134.44,28.88,95.88
2024-02-04,18:00,141.81,110.96,141.89,19.39,176.27
2024-02-04,19:00,119.42,68.34,184.36,19.52,144.94
2024-02-04,20:00,278.28,88.69,134.16,24.21,141.42
2024-02-04,21:00,260.59,102.55,173.58,36.05,142.13
2024-02-04,22:00,206.59,101.91,243.15,35.57,190.65
2024-02-04,23:00,174.91,75.26,290.07,23.44,105.52
2024-02-04,00:00,159.11,105.64,135.76,24.14,129.31
2024-02-05,01:00,152.27,72.53,294.09,21.81,179.29
2024-02-05,02:00,158.91,109.76,230.63,17.13,165.14
2024-02-05,03:00,90.52,115.61,249.07,23.53,117.08
2024-02-05,04:00,219.45,88.3,138.87,24.77,174.82
2024-02-05,05:00,94.41,106.09,174.19,17.33,174.96
2024-02-05,06:00,189.51,82.21,147.26,15.34,186.25
2024-02-05,07:00,206.38,129.23,214.27,25.44,187.79
2024-02-05,08:00,155.99,92.79,169.14,33.71,121.49
2024-02-05,09:00,157.66,134.38,194.19,39.04,201.14
2024-02-05,10:00,189.63,85.33,277.58,26.18,126.63
2024-02-05,11:00,201.26,94.88,150.84,32.93,130.23
2024-02-05,12:00,149.24,115.37,233.42,25.6,206.38
2024-02-05,13:00,203.38,110.82,196.55,31.46,128.56
2024-02-05,14:00,133.78,96.39,158.95,24.17,171.81
2024-02-05,15:00,232.51,90.51,185.77,20.05,163.02
2024-02-05,16:00,144.39,94.25,129.87,17.07,103.77
2024-02-05,17:00,220.68,74.77,272.65,19.95,145.61
2024-02-05,18:00,251.43,98.94,300.38,24.22,210.66
2024-02-05,19:00,290.48,79.1,205.2,31.54,188.41
2024-02-05,20:00,208.47,149.77,287.12,29.29,162.33
2024-02-05,21:00,290.81,125.95,365.81,33.16,247.86
2024-02-05,22:00,264.4,135.1,209.87,25.92,164.44
2024-02-05,23:00,287.11,93.29,359.76,37.89,219.67
2024-02-05,00:00,263.71,80.21,197.73,31.2,171.96
2024-02-06,01:00,162.84,93.46,213.88,19.29,110.92
2024-02-06,02:00,198.04,90.17,152.81,29.1,166.76
2024-02-06,03:00,181.81,85.62,173.62,16.57,174.25
2024-02-06,04:00,222.63,88.61,179.24,25.65,117.95
2024-02-06,05:00,148.91,72.69,248.58,31.94,189.55
2024-02-06,06:00,167.82,90.74,282.14,24.37,194.78
2024-02-06,07:00,260.61,102.67,160.29,28.03,203.13
2024-02-06,08:00,161.74,115.07,265.18,34.29,163.56
2024-02-06,09:00,280.47,86.01,260.83,32.64,220.84
2024-02-06,10:00,243.74,82.15,318.75,33.43,190.1
2024-02-06,11:00,150.02,54.24,169.92,26.91,115.07
2024-02-06,12:00,168.64,109.96,291.04,21.88,213.8
2024-02-06,13:00,155.22,58.6,149.8,19.96,95.07
2024-02-06,14:00,98.14,80.11,232.32,26.24,178.59
2024-02-06,15:00,138.94,104.62,210.26,13.14,194.21
2024-02-06,16:00,146.49,99.48,213.83,26.25,197.72
2024-02-06,17:00,153.91,53.27,190.72,21.81,175.01
2024-02-06,18:00,141.68,68.73,222.7,27.97,198.45
2024-02-06,19:00,202.94,91,205.16,26.87,225.56
2024-02-06,20:00,186.75,150.06,352.74,36.26,143.25
2024-02-06,21:00,248.22,164.72,309.21,28.35,248.4
2024-02-06,22:00,207.89,162.03,261.17,27.57,187.73
2024-02-06,23:00,277.47,127.47,262.27,32.89,250.65
2024-02-06,00:00,196.52,116.79,257.82,35.44,158.03
2024-02-07,01:00,190.51,96.28,259.19,17.55,148.39
2024-02-07,02:00,223.01,120.59,269.88,19.3,156.38
2024-02-07,03:00,257.48,125.5,146.93,27.03,190.79
2024-02-07,04:00,256.89,87.94,229.75,18.96,146.94
2024-02-07,05:00,143.36,102.42,146.9,34.28,116.17
2024-02-07,06:00,187.44,69.02,283.94,20.89,168.25
2024-02-07,07:00,227.09,79.04,271.57,32.32,149.27
2024-02-07,08:00,189.54,102.24,205.98,44.65,218.34
2024-02-07,09:00,217.24,138.64,283.85,40.85,224.18
2024-02-07,10:00,264.28,71.73,319.28,26.31,201.62
2024-02-07,11:00,203.63,96.98,200.96,22.53,118.51
2024-02-07,12:00,211.44,99.22,163.55,12.73,83.92
2024-02-07,13:00,229.69,29.3,193.32,20.03,87.22
2024-02-07,14:00,164.65,84.91,139.58,7.06,95.86
2024-02-07,15:00,149.56,59.77,123.39,21.98,165.7
2024-02-07,16:00,112.2,28.16,187.1,19.47,174.4
2024-02-07,17:00,146.43,34.87,171.12,10.34,106.66
2024-02-07,18:00,196.82,52.48,285.41,13.76,172.37
2024-02-07,19:00,191.02,83.98,245.66,28.96,234.34
2024-02-07,20:00,212.94,120.59,250,18.5,220.11
2024-02-07,21:00,227.99,117.26,293.1,31.77,237.94
2024-02-07,22:00,264.58,121.78,313.45,32.81,232.91
2024-02-07,23:00,266.3,140.21,260.61,42.06,236.53
2024-02-07,00:00,241.28,130.97,215.85,40.57,242.68
2024-02-08,01:00,211.64,112.98,275.82,0.1,132.63
2024-02-08,02:00,172.71,86.8,170.23,33.42,215.76
2024-02-08,03:00,194.55,100.11,292.76,31.13,139.75
2024-02-08,04:00,228.98,74.74,186.06,33.74,152.06
2024-02-08,05:00,230.37,130.71,225.64,36.38,222.85
2024-02-08,06:00,204.45,62.27,216.49,35.41,141.92
2024-02-08,07:00,170.57,93.45,337.37,27.99,201.34
2024-02-08,08:00,203.02,156.71,227.86,42.21,160.51
2024-02-08,09:00,260.67,131.94,189.16,33.48,160.64
2024-02-08,10:00,162.75,61.09,305.84,22.65,130.44
2024-02-08,11:00,178.26,64.57,134.77,30.21,144.06
2024-02-08,12:00,157.81,55.9,207.35,25.77,79.3
2024-02-08,13:00,91.19,73.37,199.92,15.37,94.97
2024-02-08,14:00,138.28,88.59,158.16,15.57,134.81
2024-02-08,15:00,137.74,98.58,235.25,20.6,138.65
2024-02-08,16:00,196.34,45.57,182.9,22.71,107.98
2024-02-08,17:00,164.43,48.88,114.8,11.05,102.38
2024-02-08,18:00,155.07,95.25,161.89,26.76,138.03
2024-02-08,19:00,244.5,103.29,159.8,31.15,138
2024-02-08,20:00,178.11,153.73,271.52,20.76,221.67
2024-02-08,21:00,241.63,163.07,322.95,34.56,246.05
2024-02-08,22:00,283.19,140.36,272.28,29.85,232.33
2024-02-08,23:00,185.02,97.14,314.14,26.31,175.11
2024-02-08,00:00,288.78,104.68,320.2,33.38,140.79
2024-02-09,01:00,171.2,114.56,294.28,27.82,191.4
2024-02-09,02:00,160.39,123.83,180.59,25.52,157.02
2024-02-09,03:00,203.01,95.73,273.15,34.53,206.84
2024-02-09,04:00,186.21,77.11,254.03,34.72,191.43
2024-02-09,05:00,158.82,102.6,223.03,24.18,206.68
2024-02-09,06:00,161.48,64.23,282.38,28.65,217.71
2024-02-09,07:00,248.1,69.46,287.98,32.56,160.93
2024-02-09,08:00,195.8,128.94,282.58,33.5,178.07
2024-02-09,09:00,189.55,92.34,255.78,29.83,145.49
2024-02-09,10:00,202.5,78.64,196.06,21.22,109.06
2024-02-09,11:00,238.53,122.28,267.38,29.48,196.31
2024-02-09,12:00,215.31,119.65,122.51,13.41,151.74
2024-02-09,13:00,185.27,96.67,105.66,22.5,154.25
2024-02-09,14:00,116.22,101.89,204.2,12.91,112.46
2024-02-09,15:00,130.16,93.94,259.94,8.86,48.05
2024-02-09,16:00,105.59,100.8,84.68,12.72,156.14
2024-02-09,17:00,160.54,61.21,157.73,15.75,163.84
2024-02-09,18:00,217.72,64.9,162.27,24.31,165.58
2024-02-09,19:00,225.59,94.82,151.05,20.74,192.95
2024-02-09,20:00,161.97,113.14,307.31,20.53,133.98
2024-02-09,21:00,182.33,139.52,190.44,24.11,143.21
2024-02-09,22:00,268.98,142.88,291.77,28.02,238.38
2024-02-09,23:00,285.05,109.06,332.1,36.41,188.04
2024-02-09,00:00,302.21,138.68,282.65,22.57,174.3
2024-02-10,01:00,142.14,135.47,276.18,29.77,138.73
2024-02-10,02:00,233.15,105.21,249.2,32.68,164.82
2024-02-10,03:00,151.05,88.98,194.93,31.59,213.62
2024-02-10,04:00,216.32,67.21,278.12,27.57,165.59
2024-02-10,05:00,211.12,88.15,283.98,32.25,176.08
2024-02-10,06:00,199.98,67.69,236.69,24.62,205.06
2024-02-10,07:00,241.12,75.44,206,28.47,131.11
2024-02-10,08:00,170.57,127.35,196.39,24.32,199.98
2024-02-10,09:00,230.09,82.36,277.62,16.47,149.12
2024-02-10,10:00,151.38,120.99,184.02,18.62,204.87
2024-02-10,11:00,135.89,76.33,270.91,25.71,122.75
2024-02-10,12:00,205.76,91.45,164.04,14.51,99.26
2024-02-10,13:00,94.84,65.73,139.27,19.59,97.43
2024-02-10,14:00,131.66,94.93,228.14,17.86,90.4
2024-02-10,15:00,76.89,63.28,159.61,11.95,90.37
2024-02-10,16:00,169.86,53.73,234.51,21.06,134.87
2024-02-10,17:00,175.66,74.91,110.83,18.68,130.4
2024-02-10,18:00,114.41,80.31,239.48,17.56,114.52
2024-02-10,19:00,224.96,110.75,230.51,14.03,216.68
2024-02-10,20:00,147.02,129.73,242.95,29.08,134.54
2024-02-10,21:00,185.1,138.99,190.43,24.5,150.57
2024-02-10,22:00,155.84,161.55,213.8,31.08,230.05
2024-02-10,23:00,284.37,129.71,240.67,21.91,163.12
2024-02-10,00:00,219.1,110.48,158.66,35.46,185.54
2024-02-11,01:00,141.5,145.41,291.87,37.25,192.42
2024-02-11,02:00,258.54,71.24,265.58,53.08,168.06
2024-02-11,03:00,209.8,69.57,213.33,42.43,159.8
2024-02-11,04:00,229.12,92.1,181.38,45.54,167.72
2024-02-11,05:00,151.96,136.84,164.32,35.35,116.72
2024-02-11,06:00,221.22,113.79,299.61,36.46,150.33
2024-02-11,07:00,239.33,120.03,194.6,37.35,165.11
2024-02-11,08:00,250.88,74.14,295.59,42.99,205.42
2024-02-11,09:00,214.82,124.71,284.13,0,183.75
2024-02-11,10:00,141.94,54.58,170.87,0,205.38
2024-02-11,11:00,235.89,49.09,152.78,0,145.97
2024-02-11,12:00,181.73,95.8,223.14,0,100.9
2024-02-11,13:00,154.33,51.4,225.32,0,187.42
2024-02-11,14:00,204.63,55.39,97.27,0,94.39
2024-02-11,15:00,117.71,77.59,139.51,0,177.44
2024-02-11,16:00,171.93,36.71,210.9,0,166.29
2024-02-11,17:00,179.61,55.48,264.45,0,97.12
2024-02-11,18:00,166.19,102.1,227.11,0,134.69
2024-02-11,19:00,252.51,103.47,326.53,0,139.83
2024-02-11,20:00,304.05,122.03,236.73,0,143.14
2024-02-11,21:00,272.04,134.47,344.47,0,206.29
2024-02-11,22:00,180.14,157.84,194.79,0,210.61
2024-02-11,23:00,171.83,111.96,295.21,0,223.17
2024-02-11,00:00,285.45,121.56,195.33,28.34,230.59
2024-02-12,01:00,258.53,88.14,275.22,36.78,131.87
2024-02-12,02:00,268.42,118.88,170.05,20.75,201.09
2024-02-12,03:00,157.17,89.8,266.45,24.86,196.92
2024-02-12,04:00,247.95,115.59,247.35,22.57,127.71
2024-02-12,05:00,207.05,116.08,135.33,35.19,124.88
2024-02-12,06:00,260.54,122.75,297.95,31.91,226.03
2024-02-12,07:00,250.15,111.93,288.57,34.95,155.33
2024-02-12,08:00,185.8,136.34,304.79,22.44,125.89
2024-02-12,09:00,259.16,71.14,188.85,32.2,216.17
2024-02-12,10:00,201.61,61.58,195.7,27.52,209.68
2024-02-12,11:00,212.25,76.95,194.31,15.3,148.99
2024-02-12,12:00,164.93,69.13,152.94,25.25,122.74
2024-02-12,13:00,110.57,79.33,214.58,7.95,159.76
2024-02-12,14:00,75.05,90.77,229.19,15.14,107.27
2024-02-12,15:00,77.63,34.84,131.76,11.8,154.47
2024-02-12,16:00,142.95,37.22,224.05,10.07,148.44
2024-02-12,17:00,188.73,56.25,77.21,9.73,138.32
2024-02-12,18:00,200.67,52.44,124.07,25.54,160.78
2024-02-12,19:00,216.95,105.6,276.16,15.88,149.57
2024-02-12,20:00,242.84,140.82,308.46,20.55,203.14
2024-02-12,21:00,272.69,144.78,237.36,25.45,236.58
2024-02-12,22:00,153.06,107.48,312.24,33.39,139.33
2024-02-12,23:00,277.63,109.98,166.94,34.01,156.05
2024-02-12,00:00,250.45,88.62,244.85,28.57,126.45
2024-02-13,01:00,207.6,129.08,134.74,28.08,155.59
2024-02-13,02:00,107.36,107.71,185.67,33.5,199.69
2024-02-13,03:00,187.49,121.22,240.07,35.15,97.53
2024-02-13,04:00,218.27,114.45,147.63,17.27,132.47
2024-02-13,05:00,137.37,95.17,215.54,19.52,159.45
2024-02-13,06:00,104.22,57.58,172.74,27.05,140.82
2024-02-13,07:00,127.97,113.44,210.48,32.17,109.04
2024-02-13,08:00,140.59,139.76,186.49,32.77,166.41
2024-02-13,09:00,135.34,129.93,180.88,33.54,179.59
2024-02-13,10:00,153.12,104.07,178.58,24.05,150.52
2024-02-13,11:00,222.29,73.84,192.12,10.88,102.99
2024-02-13,12:00,160.07,100.17,135.3,19.71,107.3
2024-02-13,13:00,156.62,86.89,104.33,10.01,97.41
2024-02-13,14:00,186.15,21.13,200.64,7.2,70.26
2024-02-13,15:00,128.08,26.41,75.15,16.64,42.4
2024-02-13,16:00,112.89,42.04,126.48,3.64,83.76
2024-02-13,17:00,120.3,55.79,54.44,14.19,58.3
2024-02-13,18:00,166.75,68.42,167.66,21.6,104.6
2024-02-13,19:00,128.36,110.03,124.15,22.22,156.61
2024-02-13,20:00,255.09,102.17,152.19,19.65,135.78
2024-02-13,21:00,141.97,71.01,292.58,28.03,144.21
2024-02-13,22:00,156.04,69.95,171.85,30.48,172.28
2024-02-13,23:00,239.27,72.07,277.89,24.92,129.64
2024-02-13,00:00,242.69,75.83,220.37,22.24,147.07
2024-02-14,01:00,153.14,109.52,225.82,19.1,155.51
2024-02-14,02:00,90.94,84.37,130.52,25.65,112.73
2024-02-14,03:00,91.54,99.64,92.03,10.67,103.87
2024-02-14,04:00,182.34,89.33,234.43,16.74,156.64
2024-02-14,05:00,146.85,38.37,125.93,7.49,62.72
2024-02-14,06:00,120.82,77.4,212.92,13.57,60
2024-02-14,07:00,176.82,70.58,78.62,16.32,154.06
2024-02-14,08:00,156,116.27,239.5,28.21,179.32
2024-02-14,09:00,172.98,61.79,116.57,35.06,134.72
2024-02-14,10:00,139.64,49.22,237.24,21.93,79.59
2024-02-14,11:00,122.58,85.52,79.56,24.43,100.69
2024-02-14,12:00,130.28,49,159.96,15.32,141.04
2024-02-14,13:00,52.64,90.16,161.36,18.13,107.78
2024-02-14,14:00,178.16,82.68,192.48,7.21,116.13
2024-02-14,15:00,109.06,86.3,83.2,6.16,38.59
2024-02-14,16:00,96.36,80.42,89.8,12.53,47.71
2024-02-14,17:00,152.65,33.15,114.92,18.19,117.92
2024-02-14,18:00,53.24,36.51,118.46,20.46,62.96
2024-02-14,19:00,120.75,107.08,69.67,17.7,136.32
2024-02-14,20:00,145.06,93.89,78.1,24.89,96.03
2024-02-14,21:00,210.87,100.41,110.75,23.87,101.8
2024-02-14,22:00,164.71,94.6,180.62,28.16,160.37
2024-02-14,23:00,236.83,72.23,252.91,31.55,89.62
2024-02-14,00:00,233.03,55.75,120.3,15.06,100.53
2024-02-15,01:00,122.5,106.11,90.31,24.79,61.71
2024-02-15,02:00,174.59,62.76,171.04,8.12,78.28
2024-02-15,03:00,102.94,72.99,58.07,17.77,49.79
2024-02-15,04:00,89.86,54.61,76.29,20.78,60.03
2024-02-15,05:00,85,56.53,219.32,18.74,129.49
2024-02-15,06:00,48.58,87.68,127.09,21.97,67.48
2024-02-15,07:00,87.86,73.27,236.43,23.52,77.28
2024-02-15,08:00,216.65,108.56,131.92,35.61,150.74
2024-02-15,09:00,118.54,75.09,131.33,33.52,146.44
2024-02-15,10:00,125.07,84.99,218.77,19.9,118.82
2024-02-15,11:00,149.04,87.19,198.59,21.88,173.46
2024-02-15,12:00,215.55,61.81,256.12,17.63,107.75
2024-02-15,13:00,161.71,14.05,195.87,19.64,134.34
2024-02-15,14:00,164.55,69.51,217.3,15.82,171.4
2024-02-15,15:00,85.05,23.8,239,25.44,131.49
2024-02-15,16:00,76.19,32.81,215.08,22.7,143.54
2024-02-15,17:00,179.68,65.25,250.46,15.77,166.56
2024-02-15,18:00,111.12,84.14,172.62,13.12,181.15
2024-02-15,19:00,256.02,100.73,213.12,35.43,193.97
2024-02-15,20:00,189.26,81.74,265.12,38.58,196.61
2024-02-15,21:00,208.01,142.63,187.87,35.91,235.04
2024-02-15,22:00,177.65,75.92,190.8,32.81,229.36
2024-02-15,23:00,272.66,131.26,223.28,27.59,213.36
2024-02-15,00:00,165.76,131.79,261.75,22.71,126.63
2024-02-16,01:00,156.73,85.88,231.96,29.34,175.66
2024-02-16,02:00,230.24,72.83,180.42,19.15,123.73
2024-02-16,03:00,110.53,66.29,257.02,29.21,181.94
2024-02-16,04:00,140.9,89.27,247.3,22.2,118.17
2024-02-16,05:00,142.77,72.23,229.2,18.47,162.26
2024-02-16,06:00,162.27,40.85,213.23,16.71,92.58
2024-02-16,07:00,195.09,44.47,209.53,33.9,133.54
2024-02-16,08:00,223.68,59.75,210.22,25.28,144.67
2024-02-16,09:00,160.92,87.83,312.35,23.61,118.48
2024-02-16,10:00,235.48,50.85,135.55,17.28,125.54
2024-02-16,11:00,205.97,53.41,129.15,20.11,150.43
2024-02-16,12:00,170.82,56.89,216.02,8.96,110.78
2024-02-16,13:00,114.17,63.31,104.73,16.37,97.63
2024-02-16,14:00,56,20.55,96.81,19.74,118.46
2024-02-16,15:00,152.61,59.17,233.92,8.12,138.95
2024-02-16,16:00,44.57,44.6,214.65,6.65,40.24
2024-02-16,17:00,155.27,59.44,135.22,10.81,39.91
2024-02-16,18:00,180.49,83.06,107.27,20.81,133.02
2024-02-16,19:00,134.13,49.13,200.74,21.32,122.05
2024-02-16,20:00,163.54,64.77,279.6,18.39,197.38
2024-02-16,21:00,208.22,110.82,211.49,14.68,136.48
2024-02-16,22:00,196.59,125.68,262.95,16.11,107.73
2024-02-16,23:00,173.02,117.38,278.17,30.13,208.75
2024-02-16,00:00,187.11,127.57,149.76,24.72,126.1
2024-02-17,01:00,249.05,92.14,248.44,15.55,88.41
2024-02-17,02:00,241.73,46.87,203.46,24.71,135.66
2024-02-17,03:00,204.67,47.5,238.79,14.58,95.32
2024-02-17,04:00,140.18,101.76,136.73,30.7,139.12
2024-02-17,05:00,189.12,69.37,269.6,26.85,86.11
2024-02-17,06:00,99.91,76.9,167.25,30.96,111.15
2024-02-17,07:00,109.72,98.79,155.68,33.23,183.26
2024-02-17,08:00,189.67,105.74,252.26,30.43,182.72
2024-02-17,09:00,229.67,109.71,154.91,32.5,204.32
2024-02-17,10:00,191.05,65.2,210.78,22.5,185.77
2024-02-17,11:00,192.62,97.21,216.23,17.05,163.26
2024-02-17,12:00,146.18,64.71,191.66,18.84,75.81
2024-02-17,13:00,192.65,30.65,106.8,12.48,69.48
2024-02-17,14:00,139.58,32.28,227.99,13.55,85.36
2024-02-17,15:00,112.03,41.14,165.9,16.65,126.07
2024-02-17,16:00,168.43,19.26,174.36,16.4,128.93
2024-02-17,17:00,167.96,79.57,143.79,10.85,136.9
2024-02-17,18:00,62.53,87.21,146.1,7.97,43.78
2024-02-17,19:00,188.61,80.1,164.77,23.94,74.14
2024-02-17,20:00,111.86,110.8,136.95,14.26,119.13
2024-02-17,21:00,148.19,50.03,263.01,19.72,176.64
2024-02-17,22:00,164.51,77.33,130.22,15.02,128.02
2024-02-17,23:00,242.67,90.15,153.45,15.57,110.93
2024-02-17,00:00,95.29,60.78,191.75,17.56,109.75
2024-02-18,01:00,140.9,75.83,214.88,23.96,120.28
2024-02-18,02:00,124.68,60.73,183.36,14.51,66.24
2024-02-18,03:00,209.62,83.75,203.69,24.24,167.42
2024-02-18,04:00,156.91,46.88,187.67,23.16,151.28
2024-02-18,05:00,152.83,70.37,249.76,27.87,67.55
2024-02-18,06:00,108.4,107.6,256.57,19.25,161.91
2024-02-18,07:00,95.55,90.13,220.63,14.5,140.64
2024-02-18,08:00,108.74,46.93,262.36,19.95,162.81
2024-02-18,09:00,98.76,50.98,243.29,17.24,111.59
2024-02-18,10:00,104.77,110.84,228.89,24.95,126.17
2024-02-18,11:00,119.81,76.88,175.38,12.57,77.42
2024-02-18,12:00,193.28,62.63,142.03,11.66,92.97
2024-02-18,13:00,81.41,75.5,102.99,15.37,115.02
2024-02-18,14:00,174.9,57.92,90.39,13.72,90.65
2024-02-18,15:00,166.63,46.34,153.72,15.96,137.97
2024-02-18,16:00,135.6,93.13,142.62,16.17,101.4
2024-02-18,17:00,86.57,37.89,147.78,12.05,107.2
2024-02-18,18:00,145.81,42.65,248.72,8.88,182.08
2024-02-18,19:00,187.77,86,138.97,11.84,171.95
2024-02-18,20:00,231.91,121.71,146.95,22.34,139.41
2024-02-18,21:00,166.92,78.51,171.69,20.19,182.8
2024-02-18,22:00,232.28,128.19,146.13,18.51,167.67
2024-02-18,23:00,246.59,100.71,259.98,13.74,119.29
2024-02-18,00:00,120.03,114.35,266.74,9.4,123.58
2024-02-19,01:00,181.16,108.81,240.67,17.14,62.53
2024-02-19,02:00,173.63,63.38,166.34,7.98,158.89
2024-02-19,03:00,50.15,63.27,87.86,14.47,155.65
2024-02-19,04:00,160.17,26.84,228.79,21.2,75.76
2024-02-19,05:00,44.11,65.51,143.49,17.51,106.27
2024-02-19,06:00,159.94,40.23,185.25,9.93,79.86
2024-02-19,07:00,153.17,82.18,144.27,21.42,92.06
2024-02-19,08:00,227.42,74.31,176.12,28.49,98.18
2024-02-19,09:00,182.53,110.32,268.3,29.66,167.02
2024-02-19,10:00,146.97,55.14,165.53,21.3,171.32
2024-02-19,11:00,192.57,46.48,173.93,22.39,158.52
2024-02-19,12:00,168.02,20.3,147.15,15.74,89.23
2024-02-19,13:00,133.82,16.95,169.76,16.23,142.78
2024-02-19,14:00,79.92,47.15,135.75,13.4,85.82
2024-02-19,15:00,120.1,30.8,130.18,17.83,93.93
2024-02-19,16:00,176.43,44.19,123.36,12.46,151.31
2024-02-19,17:00,159.1,37.51,144.06,18.8,145.61
2024-02-19,18:00,200.6,36.81,182.52,27.71,128.66
2024-02-19,19:00,221.21,34.35,169.12,17.71,155.91
2024-02-19,20:00,253.43,68.77,164.58,32.36,149.26
2024-02-19,21:00,176.94,47.66,149.93,32.1,121.28
2024-02-19,22:00,132.37,102.13,127.65,32.81,145.53
2024-02-19,23:00,250.6,91.08,232.58,25.44,189.37
2024-02-19,00:00,110.46,68.01,119.68,21.76,178.14
2024-02-20,01:00,107.54,96.27,212.99,13.15,151.12
2024-02-20,02:00,205.53,62.04,266.59,14.85,56.87
2024-02-20,03:00,139.83,56.67,99.43,10.01,113.19
2024-02-20,04:00,189.83,65.01,196.72,23.72,76.95
2024-02-20,05:00,100.14,49.03,131.79,12.81,162.63
2024-02-20,06:00,128.86,36.62,213.01,24.38,69.32
2024-02-20,07:00,233.4,92.5,269.95,28.25,123.5
2024-02-20,08:00,200.45,53.8,143.47,27.21,193.2
2024-02-20,09:00,263.27,45.78,314.01,34.19,167.4
2024-02-20,10:00,151.08,83.02,269.69,15.35,105.66
2024-02-20,11:00,106.34,70.01,272.05,22.94,127.03
2024-02-20,12:00,96.92,36.34,124.35,23.68,183.61
2024-02-20,13:00,137.23,80.04,184.73,27.41,133.24
2024-02-20,14:00,114.4,28.07,177.63,26.86,150.02
2024-02-20,15:00,186.16,42.81,233.68,11.76,135.67
2024-02-20,16:00,76.81,58.87,261.93,15.91,171.42
2024-02-20,17:00,154.96,93.98,263.33,23.43,172.82
2024-02-20,18:00,197.67,75.67,168.44,25.19,192.1
2024-02-20,19:00,233.13,67.07,235.91,31.33,135.08
2024-02-20,20:00,165.78,113.64,205.46,24.11,176.92
2024-02-20,21:00,177.12,94.88,308.86,19.94,189.74
2024-02-20,22:00,223.15,142.29,247.3,34.14,170.26
2024-02-20,23:00,230.52,108.82,217.85,23.35,194.03
2024-02-20,00:00,235.47,59.72,163.73,23.95,162.35
2024-02-21,01:00,219.34,58.49,271.58,23.67,150.7
2024-02-21,02:00,195.28,81.4,150.84,25.56,86.92
2024-02-21,03:00,140.31,39.09,211.6,15.71,153.95
2024-02-21,04:00,179.69,107.36,242.07,18.77,83.02
2024-02-21,05:00,96.5,91.25,144.54,10.24,126.83
2024-02-21,06:00,220.94,84.63,166.71,10.95,109.53
2024-02-21,07:00,210.2,46.06,170.83,26.6,134.36
2024-02-21,08:00,186.12,54.34,148.51,34.4,180.38
2024-02-21,09:00,224.21,106.41,320.54,36.49,160.54
2024-02-21,10:00,170.51,72.93,149.3,14.53,159.63
2024-02-21,11:00,254.28,72.29,169.49,16.23,167.54
2024-02-21,12:00,149.34,96.26,190.26,22.01,117.36
2024-02-21,13:00,218.53,57.41,244.43,15.73,155.1
2024-02-21,14:00,102.88,83.26,183.01,21.14,187.36
2024-02-21,15:00,140.04,44.1,196.99,17.42,171.92
2024-02-21,16:00,97.35,72.14,202.08,21.17,144.55
2024-02-21,17:00,221.83,46.18,165.84,20.36,149.1
2024-02-21,18:00,197.14,105.62,293.01,14.38,120.22
2024-02-21,19:00,221.39,104.9,322,22.77,172.06
2024-02-21,20:00,182.8,94.33,286.51,31.75,124.75
2024-02-21,21:00,217.74,127.05,212.57,18.95,229.26
2024-02-21,22:00,276.41,134.41,249.6,21.38,143.61
2024-02-21,23:00,287.02,143.07,283.42,22.91,152.37
2024-02-21,00:00,280.86,123.13,311.53,21.16,163.5
2024-02-22,01:00,166.16,75.65,198.65,27.01,156.18
2024-02-22,02:00,250.14,102.71,190.41,25.84,104.92
2024-02-22,03:00,214.68,113.3,205.94,21.86,197.11
2024-02-22,04:00,143.66,53.78,219.67,11.36,132.61
2024-02-22,05:00,200.65,98.63,211.38,25.63,173.69
2024-02-22,06:00,191.85,98.9,182.6,14.21,85.03
2024-02-22,07:00,201.44,115.86,271.37,30.09,202.57
2024-02-22,08:00,190.37,110.88,262.17,26.45,147.94
2024-02-22,09:00,221.02,133.21,201.37,22.97,208.65
2024-02-22,10:00,162.61,72.46,285.91,24.86,122.44
2024-02-22,11:00,189.75,44.99,215.91,14.98,140.85
2024-02-22,12:00,207.95,86.4,295.32,19.68,180.06
2024-02-22,13:00,187.97,66.11,194.27,23,126.24
2024-02-22,14:00,179.7,64.2,295.62,16.18,96.22
2024-02-22,15:00,161.84,96.24,298.28,25.08,177.79
2024-02-22,16:00,188.08,89.54,237.31,25.24,153.79
2024-02-22,17:00,222.35,87.78,262.36,21.19,181.25
2024-02-22,18:00,239.43,114.05,325.25,21.17,217.57
2024-02-22,19:00,227.95,103.59,219.03,22.59,179.21
2024-02-22,20:00,258.93,115.16,257.03,20.51,177.81
2024-02-22,21:00,195.72,151.25,204.86,27.66,146.46
2024-02-22,22:00,282.59,110.06,367.72,30.93,174.46
2024-02-22,23:00,191.95,106.33,306.3,33.39,154.78
2024-02-22,00:00,215.12,118.19,197.91,34.46,224.03
2024-02-23,01:00,279.58,97.33,205.15,19.69,188.5
2024-02-23,02:00,245.32,86.55,254.86,17.61,161.15
2024-02-23,03:00,238.67,106.94,180.43,26.4,141.62
2024-02-23,04:00,203.27,78.2,143.67,14.84,185.78
2024-02-23,05:00,111.9,108.84,304.79,25.83,105.51
2024-02-23,06:00,145.41,66.9,150.79,21.55,187.16
2024-02-23,07:00,275.35,89.57,245.91,20.27,173.56
2024-02-23,08:00,154.95,64.74,271,26.31,144.71
2024-02-23,09:00,251.04,140.82,336.96,25.75,174.74
2024-02-23,10:00,159.92,123.77,342.43,20.52,213.73
2024-02-23,11:00,228.42,67.13,256.54,19.84,108.59
2024-02-23,12:00,196.96,84.45,172.84,14.31,131.13
2024-02-23,13:00,172.16,73.36,261.38,17.91,161.49
2024-02-23,14:00,93.63,91.61,241.18,20.99,126.93
2024-02-23,15:00,156.42,69.24,99.78,19.96,109.64
2024-02-23,16:00,101.03,50.47,93.24,21.74,107.66
2024-02-23,17:00,89.12,66.33,254.16,13.76,144.18
2024-02-23,18:00,229.74,82.3,140.72,27.22,155.3
2024-02-23,19:00,178.99,91.65,203.45,16.19,167.84
2024-02-23,20:00,208.37,137.94,341.97,33.17,225.95
2024-02-23,21:00,159.77,136.42,321.08,33.1,180.3
2024-02-23,22:00,268.15,128.7,300.75,33.14,171.19
2024-02-23,23:00,237.46,101,334.36,25.87,176.24
2024-02-23,00:00,199.69,103.95,207.37,26.01,175.84
2024-02-24,01:00,180.99,115.96,248.73,15.65,138.99
2024-02-24,02:00,157.46,120.28,295.45,14.52,108.91
2024-02-24,03:00,205.9,93.39,235.67,20.05,157.19
2024-02-24,04:00,185.36,74.62,264.3,18.02,160.97
2024-02-24,05:00,203.3,97.25,289.37,25.82,171.37
2024-02-24,06:00,201.59,114.34,241.68,25.18,141.98
2024-02-24,07:00,240.62,97.38,164.31,25.29,124.9
2024-02-24,08:00,177.61,69.05,263.71,19.25,119.03
2024-02-24,09:00,272.65,108.96,171.17,21.41,143.5
2024-02-24,10:00,171.22,92.28,228.13,23.12,122.24
2024-02-24,11:00,215.36,98.28,120.06,30.16,93.49
2024-02-24,12:00,113.31,94.93,119.45,20.11,131.74
2024-02-24,13:00,162.25,102.21,105.15,10.87,175.29
2024-02-24,14:00,107.9,53.15,106.6,16.87,104.45
2024-02-24,15:00,61,55.16,112.41,16.16,149.86
2024-02-24,16:00,110.72,75.71,140.68,20.36,156.62
2024-02-24,17:00,137.4,52.66,181.52,11.69,107.1
2024-02-24,18:00,222.52,99.19,159.5,17.72,131.51
2024-02-24,19:00,222.67,140.52,211.58,19,159.08
2024-02-24,20:00,285.76,95.17,298.95,22.13,183.75
2024-02-24,21:00,175.97,96.8,304.56,28.34,162.8
2024-02-24,22:00,223.85,90.7,159.64,27.14,160.27
2024-02-24,23:00,202.01,155.92,161.17,25.53,183.1
2024-02-24,00:00,140.35,89.91,237.69,26.05,196.59
2024-02-25,01:00,163.7,61.63,261.8,20.49,191.07
2024-02-25,02:00,210.48,129.61,213.53,18.24,143.76
2024-02-25,03:00,125.4,107.38,208.11,30.8,182.42
2024-02-25,04:00,206.18,66.32,187.96,16.2,101.83
2024-02-25,05:00,141.8,93.9,120.97,29.27,129.54
2024-02-25,06:00,175.54,101.53,149.6,23.59,177.11
2024-02-25,07:00,213.06,123.01,278.09,30.86,157.32
2024-02-25,08:00,136.52,100.16,234.61,32.85,195.97
2024-02-25,09:00,220.58,103.33,280.15,20.56,174.91
2024-02-25,10:00,115.03,81.66,145.9,27.76,160.95
2024-02-25,11:00,150.96,66.13,203.21,18.28,125.99
2024-02-25,12:00,189.52,121.08,276.23,23.61,131.91
2024-02-25,13:00,147.33,50.83,250.96,17.8,91.17
2024-02-25,14:00,123.77,73.48,169.51,14.41,113.04
2024-02-25,15:00,184.57,41.51,129.79,12.31,131.41
2024-02-25,16:00,210.29,80.82,117.76,11.49,107.83
2024-02-25,17:00,130.07,54.49,110.79,22.2,190.51
2024-02-25,18:00,238.18,65.01,130.96,21.7,105.79
2024-02-25,19:00,145.12,82.59,287.79,22.08,172.91
2024-02-25,20:00,266.11,99.15,320.02,19.74,159.5
2024-02-25,21:00,261.52,151.38,328.91,28.81,136.08
2024-02-25,22:00,159.33,113.88,303.59,32.26,162.35
2024-02-25,23:00,150.12,145.12,271.81,26.79,205.43
2024-02-25,00:00,182.63,88.12,248.21,32.98,126.28
2024-02-26,01:00,164.65,89.95,241.62,21.18,152.55
2024-02-26,02:00,166.65,87.23,141.7,25.68,195.85
2024-02-26,03:00,121.55,95.25,217.39,19.91,177.89
2024-02-26,04:00,161.69,128.24,242.61,19.13,129.22
2024-02-26,05:00,98.34,74.69,179.68,16.85,204.65
2024-02-26,06:00,199.83,124.16,153.33,19.57,123.03
2024-02-26,07:00,150.06,67.5,234.35,30.11,202.11
2024-02-26,08:00,151.13,96.86,221.54,26.77,212.06
2024-02-26,09:00,156.82,127.3,291.14,27.93,165.77
2024-02-26,10:00,173.24,85.75,224.62,25.65,153.19
2024-02-26,11:00,192.39,78.82,172.01,24.02,81.88
2024-02-26,12:00,181.57,102.06,118.62,19.65,167.92
2024-02-26,13:00,187.43,39.67,210.18,10.32,158.2
2024-02-26,14:00,179.21,40.71,188.25,20.27,85.03
2024-02-26,15:00,74.79,36.82,137.12,10.53,132.35
2024-02-26,16:00,101.27,28.74,99.46,11.52,66.17
2024-02-26,17:00,131.09,43.22,119.13,13.66,57.1
2024-02-26,18:00,209.43,122.31,222.94,21.91,126.38
2024-02-26,19:00,209.84,74.91,143.21,22.78,128.21
2024-02-26,20:00,252.08,76.86,226.77,21.61,169.37
2024-02-26,21:00,207.55,153.62,252.98,34.69,234.16
2024-02-26,22:00,268.93,116.18,232.1,34.14,162.05
2024-02-26,23:00,197.26,101.45,214.76,30.37,180.84
2024-02-26,00:00,131.22,147.18,151.34,35.56,110.87
2024-02-27,01:00,160.74,137.36,209.19,26.05,193.97
2024-02-27,02:00,220.79,97.15,151.28,30.73,93.94
2024-02-27,03:00,93.82,76.46,270.71,31.47,132.46
2024-02-27,04:00,101.54,54.92,245.53,17.33,110.16
2024-02-27,05:00,189.1,119.46,244.52,25.16,178.67
2024-02-27,06:00,117.98,76.21,266.31,17.44,135.16
2024-02-27,07:00,204.97,125.56,216.16,20.41,194.32
2024-02-27,08:00,192.55,91.33,156.1,32.94,231.74
2024-02-27,09:00,170.53,107.84,284,36.92,190.62
2024-02-27,10:00,151.58,53.03,233.52,23.95,112.1
2024-02-27,11:00,226.31,63.65,160.23,12.82,187.26
2024-02-27,12:00,134.47,58.87,104.45,18.51,149.37
2024-02-27,13:00,124.98,36.61,224.96,19.7,88.04
2024-02-27,14:00,62.55,36.76,236.45,14.38,136.25
2024-02-27,15:00,123.03,33.39,148.81,17.27,143.68
2024-02-27,16:00,88.22,66.09,143.45,22.37,87.64
2024-02-27,17:00,108.05,96.65,163.34,19.16,155.71
2024-02-27,18:00,121.99,69.22,75.99,18.3,145.26
2024-02-27,19:00,185.15,84.68,106.59,23.09,123.6
2024-02-27,20:00,242.13,154.37,218.92,23.67,199.9
2024-02-27,21:00,172.9,113.2,145.43,33.68,164.3
2024-02-27,22:00,181.97,157.77,299.76,36.39,189.38
2024-02-27,23:00,261.57,129.3,229.62,28.28,113.81
2024-02-27,00:00,208.6,96.32,260.47,20.47,210.13
2024-02-28,01:00,173.32,117.78,163.46,28.16,97.06
2024-02-28,02:00,137,112.69,170.08,29.12,128.78
2024-02-28,03:00,113.98,64.47,129.47,28.87,95.67
2024-02-28,04:00,192.29,100.36,195.49,14.03,98.59
2024-02-28,05:00,158.19,107.23,146.66,14.34,167.97
2024-02-28,06:00,103.71,96.33,122.02,12.18,90.92
2024-02-28,07:00,209.01,133.9,214.95,30.1,166.34
2024-02-28,08:00,216.9,104.41,198.27,34.63,224.07
2024-02-28,09:00,168.45,66.37,184,34.41,149.67
2024-02-28,10:00,137.13,117.92,135.49,26.47,142.1
2024-02-28,11:00,214.05,94.03,141.11,14.75,182.77
2024-02-28,12:00,138.2,57.58,221.69,24.17,81.49
2024-02-28,13:00,98.85,24.1,112.56,21.77,68.31
2024-02-28,14:00,128.26,77.98,105.44,18.13,99.69
2024-02-28,15:00,142.32,28.61,172.66,12.15,138.72
2024-02-28,16:00,131.47,22.67,93.01,13.33,88.54
2024-02-28,17:00,72.16,43.76,138.97,17.11,78.13
2024-02-28,18:00,207.45,36.34,213.28,6.91,132.96
2024-02-28,19:00,106.5,129.01,106.23,19.48,96.2
2024-02-28,20:00,214.37,130.37,256.48,16.04,185.5
2024-02-28,21:00,271.66,113.55,205.3,22.32,199.83
2024-02-28,22:00,138.02,101.06,232.01,26.06,168.56
2024-02-28,23:00,255.87,134.74,156.9,20.82,121.19
2024-02-28,00:00,165.86,128.56,149.21,24.14,90.92
2024-02-29,01:00,198.73,95.12,136.22,16.41,134.84
2024-02-29,02:00,226.28,48.59,276.77,14.3,172.13
2024-02-29,03:00,137.98,109.43,151,24.78,103.07
2024-02-29,04:00,113.21,57.74,197.66,14.97,134.57
2024-02-29,05:00,137.94,67.87,111.8,22.11,87.62
2024-02-29,06:00,178.35,92.2,261.92,13.52,117.61
2024-02-29,07:00,208.28,95.81,107.83,29.3,161.58
2024-02-29,08:00,239.56,109.07,173.47,33.66,202.69
2024-02-29,09:00,133.55,87.79,307.63,36.31,120.81
2024-02-29,10:00,166.28,92.57,270.68,27.31,146.47
2024-02-29,11:00,134.74,84.08,248.56,16.73,131.04
2024-02-29,12:00,146.31,42.72,173.12,14.88,101.79
2024-02-29,13:00,211.05,75.21,104.17,30.23,132.4
2024-02-29,14:00,118.42,100.4,194.76,27.46,74.07
2024-02-29,15:00,199.67,70.66,79.1,23.51,69.55
2024-02-29,16:00,169.06,95.26,222.97,20.93,136.39
2024-02-29,17:00,128.92,112.11,123.7,16.03,105.74
2024-02-29,18:00,105.94,66.24,241.46,27.11,98.16
2024-02-29,19:00,152.02,92.36,95.66,16.8,143.35
2024-02-29,20:00,192.03,122.25,300.43,19.55,158.01
2024-02-29,21:00,208.08,143.12,173.68,21.76,147.93
2024-02-29,22:00,258.7,146.99,212.68,34.65,164.93
2024-02-29,23:00,148.41,102,173.02,21.82,138.75
2024-02-29,00:00,188.22,131.88,306.03,25.12,193.61
2024-03-01,01:00,271.87,67.46,168.28,16.07,216.61
2024-03-01,02:00,172.09,108.61,321.88,33.5,139.01
2024-03-01,03:00,176.03,102.96,169.93,17.67,196.73
2024-03-01,04:00,110.37,122.85,291.67,23.78,195.69
2024-03-01,05:00,130.12,78.26,243.1,23.95,185.31
2024-03-01,06:00,167.13,79.14,245.86,16.47,130.79
2024-03-01,07:00,198.12,105.11,322.22,23.73,224.07
2024-03-01,08:00,256.91,120.73,279.78,19.1,201.48
2024-03-01,09:00,241.71,131.43,280.76,25.45,221.44
2024-03-01,10:00,163.94,80.58,238.61,23.26,163.78
2024-03-01,11:00,124.31,53.87,263.38,18.94,109.25
2024-03-01,12:00,200.8,47.52,221.69,13.08,193.05
2024-03-01,13:00,193.35,40.64,255.1,23.87,124.6
2024-03-01,14:00,129.86,103.24,187.18,20.94,100.78
2024-03-01,15:00,125.49,108.31,157.81,22.29,96.11
2024-03-01,16:00,194.76,97.18,283.3,17.74,136.03
2024-03-01,17:00,183.15,80.86,258.36,24.37,154.07
2024-03-01,18:00,213.49,88.22,249.11,23.7,164.69
2024-03-01,19:00,255.31,148.65,292.22,32.9,189.39
2024-03-01,20:00,243.28,164.99,226.48,31.05,207.22
2024-03-01,21:00,262.17,150.91,309.4,38.6,173.7
2024-03-01,22:00,211.62,164.83,261.54,39.33,192.93
2024-03-01,23:00,266.31,123.9,367.66,29.89,228.63
2024-03-01,00:00,236.37,106.49,321.41,38.56,221.44
2024-03-02,01:00,228.45,139.12,215.33,26.37,223.48
2024-03-02,02:00,157.55,115.67,316.78,35.91,131.65
2024-03-02,03:00,175.96,117.61,202.08,35.55,221.5
2024-03-02,04:00,261.22,79.13,321.61,22.29,196.92
2024-03-02,05:00,166.3,81.85,205.44,27.18,190.4
2024-03-02,06:00,143.67,97.64,189.16,25.46,228.61
2024-03-02,07:00,198.74,117.52,325.34,26.33,236.67
2024-03-02,08:00,279.07,155.18,306.85,22.12,216.87
2024-03-02,09:00,254.61,81.04,186.7,21.03,121.67
2024-03-02,10:00,146.66,94.47,257.25,33.83,107.52
2024-03-02,11:00,153.23,78.69,154.91,17.87,196.75
2024-03-02,12:00,137.53,112.7,281.63,15.08,78.08
2024-03-02,13:00,209.94,56.53,111.76,9.85,66.92
2024-03-02,14:00,150.29,56.28,284.66,22.15,63.41
2024-03-02,15:00,137.19,65.93,182.93,14.05,92.64
2024-03-02,16:00,159,63.35,228.23,8.62,135.54
2024-03-02,17:00,142.31,94.52,153.97,24.4,152.36
2024-03-02,18:00,206.75,81.29,170.79,15.42,95.5
2024-03-02,19:00,226.4,134.92,324.78,16.11,137.71
2024-03-02,20:00,236.33,136.16,304.79,23.85,148.8
2024-03-02,21:00,197.95,129.73,219.51,20,155.43
2024-03-02,22:00,240.33,163.35,290.8,34.92,186.04
2024-03-02,23:00,277.96,93.28,298.39,31.59,150.76
2024-03-02,00:00,157.53,126.43,270.84,22.84,174.29
2024-03-03,01:00,165.55,137.95,159.02,33.45,194.16
2024-03-03,02:00,196.14,69.79,266.94,22.86,189.8
2024-03-03,03:00,176.22,136.59,258.53,19.8,200.3
2024-03-03,04:00,200.21,100.11,248.17,19.25,186.46
2024-03-03,05:00,189.52,125.72,174.33,18.43,99.15
2024-03-03,06:00,230.39,88.46,178.84,31.24,150.3
2024-03-03,07:00,118.51,84.44,122.13,23.23,167.3
2024-03-03,08:00,141.94,133.01,245.9,32.27,104.08
2024-03-03,09:00,116.99,89.93,148.02,26.92,187.77
2024-03-03,10:00,152.97,56.33,192.94,15.73,198.19
2024-03-03,11:00,227.45,98.97,264.22,18.42,174.1
2024-03-03,12:00,203.15,64.72,115.74,19.95,137.28
2024-03-03,13:00,130.37,38.56,183.48,13.54,62.8
2024-03-03,14:00,148.78,40.3,88.97,7.46,84
2024-03-03,15:00,117.65,62.46,115.41,20.01,85.48
2024-03-03,16:00,182.61,53.6,138.62,17.46,160.23
2024-03-03,17:00,77.42,88.03,159.2,24.87,119.32
2024-03-03,18:00,232.09,65.86,124.93,12.6,105.45
2024-03-03,19:00,145.34,107.3,113.12,25.39,160.68
2024-03-03,20:00,135.21,157.55,258.46,23.53,207.02
2024-03-03,21:00,257.91,165.3,326.72,24.15,206.84
2024-03-03,22:00,228.56,96.34,182.07,30.8,182.65
2024-03-03,23:00,206.75,110.42,219.91,22.1,117.43
2024-03-03,00:00,176.19,117.53,282.98,29.24,178.48
2024-03-04,01:00,236.08,93.72,176.54,26.18,186.7
2024-03-04,02:00,110.9,120.9,201.69,27.25,165.89
2024-03-04,03:00,140.1,75.25,218.7,30.26,119.98
2024-03-04,04:00,125.16,105.61,195.41,24.1,83.42
2024-03-04,05:00,151.33,63.58,263.96,31.4,88.39
2024-03-04,06:00,118.78,111.62,180.76,22.67,163.82
2024-03-04,07:00,174.25,92.09,303.33,24.62,175.47
2024-03-04,08:00,291.45,82.69,180.25,46.68,234.77
2024-03-04,09:00,255.1,81.12,305.51,35.28,191.37
2024-03-04,10:00,162.51,45.94,126.66,20.95,182.28
2024-03-04,11:00,154.13,49.03,171.45,15.85,95.68
2024-03-04,12:00,108.29,49.89,150.89,25,167.23
2024-03-04,13:00,170.84,32.87,182.32,23,149.21
2024-03-04,14:00,103.47,15.19,201.77,16.42,151.28
2024-03-04,15:00,42.82,66.29,61.97,17.5,135.02
2024-03-04,16:00,143.49,70.97,195.06,25.22,113.31
2024-03-04,17:00,163.53,78.61,95.8,18.94,94.4
2024-03-04,18:00,167.56,60.59,184.22,17.8,84.13
2024-03-04,19:00,220.58,69.99,206.45,27.63,181.14
2024-03-04,20:00,196.24,128.23,194.58,29.26,129.57
2024-03-04,21:00,276.91,80.24,313.98,24.27,134.69
2024-03-04,22:00,146.4,119.86,181.48,34.85,130.67
2024-03-04,23:00,179.48,120.76,131.63,20.3,160.3
2024-03-04,00:00,217.84,88.85,200.33,24.72,113.56
2024-03-05,01:00,163.13,114.05,220.97,27.2,84.23
2024-03-05,02:00,82.35,73.66,238.48,15.19,131.56
2024-03-05,03:00,97.27,75.34,215.01,19.62,106.1
2024-03-05,04:00,172.34,68.58,163.7,25.76,74.65
2024-03-05,05:00,105.27,56.54,120.03,18.14,159.02
2024-03-05,06:00,155.95,45.24,146.31,20.91,88.99
2024-03-05,07:00,172.7,89.21,176.09,21.67,144.38
2024-03-05,08:00,176.85,130.73,232.13,40.9,141.92
2024-03-05,09:00,187.09,87.37,275.87,34.35,180.7
2024-03-05,10:00,207.13,83.44,142.47,15.81,201.88
2024-03-05,11:00,176.19,55.86,257.18,26.22,89.87
2024-03-05,12:00,183.78,106.85,219.58,26.24,141.73
2024-03-05,13:00,141.11,92.74,234.73,22.47,148.25
2024-03-05,14:00,159.51,69.66,189.79,29.35,175.31
2024-03-05,15:00,51,41.1,132.17,29.64,136.56
2024-03-05,16:00,90.51,92.3,50.15,17.13,103.36
2024-03-05,17:00,72.29,61.99,174.38,22.34,174.92
2024-03-05,18:00,134.25,63.65,138.05,29.28,162.39
2024-03-05,19:00,221.05,72.29,96.93,26.99,176.13
2024-03-05,20:00,153.03,149.73,227.57,31.67,207.65
2024-03-05,21:00,230.41,85.76,263.69,36.58,210.53
2024-03-05,22:00,271.38,108.62,270.05,21.85,173.45
2024-03-05,23:00,196.05,94.08,158,21.23,136.72
2024-03-05,00:00,126.9,61.39,239.78,24.01,120.75
2024-03-06,01:00,201.84,70.69,208.79,17.26,132.9
2024-03-06,02:00,191.56,93.02,217.99,28.45,177.04
2024-03-06,03:00,183.33,88.52,263.33,12.09,76.23
2024-03-06,04:00,94.61,80.84,152.25,16.75,67.72
2024-03-06,05:00,111.87,61.03,147.3,26.05,129.26
2024-03-06,06:00,168.01,52.75,207.28,20.71,174.49
2024-03-06,07:00,129.88,116.08,138.91,18.57,171.16
2024-03-06,08:00,191.25,133.89,173.42,31.22,142.28
2024-03-06,09:00,239.45,118.43,255.23,32.87,204.92
2024-03-06,10:00,121.89,75.53,217.68,15.02,98.34
2024-03-06,11:00,153.22,41.12,188.09,17.07,79.65
2024-03-06,12:00,95.19,60.81,134.68,9.51,100.4
2024-03-06,13:00,119.37,60.16,160.9,17.35,42.08
2024-03-06,14:00,155.23,47.24,70.02,7.96,77.09
2024-03-06,15:00,146.24,86.03,151.19,5.07,83.96
2024-03-06,16:00,63.45,94.28,214.86,18.12,127.3
2024-03-06,17:00,124.73,48.39,75.76,10.66,139.83
2024-03-06,18:00,145.41,109.72,180.71,5.18,147.14
2024-03-06,19:00,136.8,85.62,149.18,24.29,93.68
2024-03-06,20:00,147.61,114.76,231.27,21.87,143.54
2024-03-06,21:00,177.01,113.86,233.32,24.65,178.66
2024-03-06,22:00,254.6,123.74,173.6,28.62,196.15
2024-03-06,23:00,193.67,96.45,293.66,26.47,102.99
2024-03-06,00:00,198.32,139.96,164.32,23.36,126.01
2024-03-07,01:00,125.1,105.28,157.77,27.4,87.96
2024-03-07,02:00,170.78,95.01,224.42,28.09,75.31
2024-03-07,03:00,130.12,100.12,255.69,29.6,121.78
2024-03-07,04:00,183.79,57.29,261.24,28.09,91.02
2024-03-07,05:00,144.31,109.17,149.39,15.36,112.37
2024-03-07,06:00,163.16,88.76,181.52,27.45,125.69
2024-03-07,07:00,174.82,83.06,263.26,22.31,111.06
2024-03-07,08:00,247.85,109.05,233.06,44,143.9
2024-03-07,09:00,235.65,76.37,296.38,31.55,186.95
2024-03-07,10:00,202.34,63.93,214.79,28.92,162.49
2024-03-07,11:00,164.54,62.51,144.31,26.59,177.24
2024-03-07,12:00,114.5,35.38,182.2,21.17,77.62
2024-03-07,13:00,137.27,81.63,126.01,15.5,65.31
2024-03-07,14:00,180.42,43,155.37,5.29,84.05
2024-03-07,15:00,67.65,90.72,218.04,8.09,39.3
2024-03-07,16:00,182.05,39.6,203.71,22.99,96.77
2024-03-07,17:00,130.54,49.37,173.08,24.02,111.47
2024-03-07,18:00,189.83,82.05,221.65,30.95,78.72
2024-03-07,19:00,229.95,135.38,185.01,24.1,135.04
2024-03-07,20:00,237.51,109.44,164.02,18.37,139.74
2024-03-07,21:00,279.63,81.1,203.23,31.21,224.45
2024-03-07,22:00,282.46,87.27,223.15,31.94,170.71
2024-03-07,23:00,196.61,106.14,337.62,36.71,126.31
2024-03-07,00:00,160.17,117.98,252.23,26.85,153.15
2024-03-08,01:00,156.04,108.84,211.53,18.66,120.81
2024-03-08,02:00,153.44,96.78,138.34,23.9,150.52
2024-03-08,03:00,115.13,105.49,125.52,21.3,83.12
2024-03-08,04:00,152.69,123.98,258.51,28.12,88.93
2024-03-08,05:00,180.59,74.18,278.14,14.83,144.55
2024-03-08,06:00,215.26,110.07,277.6,31.6,117.01
2024-03-08,07:00,255.27,133.34,311.21,29.95,113.85
2024-03-08,08:00,193.71,103.6,227.01,32.02,179.48
2024-03-08,09:00,224.93,75.92,149.14,29.51,123.45
2024-03-08,10:00,143.69,51.52,228.89,17.51,142.09
2024-03-08,11:00,101.71,90.64,175.27,18.28,118.57
2024-03-08,12:00,77.91,24.14,168.31,18.98,74.78
2024-03-08,13:00,180.82,33.04,211.13,20.26,115.5
2024-03-08,14:00,74.14,61.09,193.55,4.31,125.76
2024-03-08,15:00,67.17,65.22,96.16,21.48,121.57
2024-03-08,16:00,161.93,42.84,231.65,22.38,123.03
2024-03-08,17:00,152.69,93.06,223.06,16.26,123.34
2024-03-08,18:00,141.04,49,235.54,18.3,120.07
2024-03-08,19:00,208.69,98.86,168.01,24.42,137.73
2024-03-08,20:00,202.03,144.82,258.56,28.02,145.11
2024-03-08,21:00,286.61,149.8,242.35,26.14,174.16
2024-03-08,22:00,185.6,86.7,200.6,34.54,176.05
2024-03-08,23:00,281.75,144.68,178.45,31.9,165.78
2024-03-08,00:00,237.85,129.56,250.14,33.54,160.83
2024-03-09,01:00,252.72,93.16,253.6,34.18,168.15
2024-03-09,02:00,117.05,87.04,300.02,24.41,202.85
2024-03-09,03:00,144.64,90.98,165.46,24.07,191.96
2024-03-09,04:00,153.48,126.09,202.28,19.46,116.64
2024-03-09,05:00,141.96,124.25,271.59,25.37,109.61
2024-03-09,06:00,131.36,88.33,161.7,21.94,197.93
2024-03-09,07:00,216.43,77.45,150.13,31.82,153.85
2024-03-09,08:00,197.42,103.94,245.85,17.44,193.38
2024-03-09,09:00,114.98,61.7,203.1,14.09,135.44
2024-03-09,10:00,126.55,60.63,108.52,26.63,103.84
2024-03-09,11:00,101.96,67.5,253.31,20.89,164.45
2024-03-09,12:00,167.16,54.93,125.83,15.08,83.69
2024-03-09,13:00,170.87,75.39,189.67,17.55,86.53
2024-03-09,14:00,120.11,30.2,189.69,21.86,148.02
2024-03-09,15:00,180.4,85.44,233.59,17.88,46.08
2024-03-09,16:00,110.09,35.64,142.14,17.21,63.46
2024-03-09,17:00,120.48,81.41,93.35,12.16,131.84
2024-03-09,18:00,162.19,92.98,228.03,14.51,139.79
2024-03-09,19:00,220.34,116.56,161.65,26,91.12
2024-03-09,20:00,157.84,92.94,164.48,17.34,129.59
2024-03-09,21:00,249.84,77.82,247.3,27.22,169.93
2024-03-09,22:00,247.73,95.79,177.63,33.73,225.32
2024-03-09,23:00,136.53,133.4,170.26,28.13,183.07
2024-03-09,00:00,219.58,93.98,192.96,29.17,155.04
2024-03-10,01:00,98.88,111.11,216.95,35.05,124.59
2024-03-10,02:00,130.5,119.01,155.34,27.31,154.96
2024-03-10,03:00,208.29,62.43,176.1,22.36,188.48
2024-03-10,04:00,93.55,118.92,228.2,17.25,165.73
2024-03-10,05:00,179.21,71.56,249.37,27,116.23
2024-03-10,06:00,193.51,80.94,127.97,18.7,191.55
2024-03-10,07:00,117.55,56.12,178.27,19.16,163.74
2024-03-10,08:00,112.49,78.91,174.22,22.13,132.89
2024-03-10,09:00,169.1,118.99,291,23.92,83.05
2024-03-10,10:00,152.51,113.99,152.93,15.77,132.94
2024-03-10,11:00,111.49,96.2,176.1,24.79,147
2024-03-10,12:00,95.57,78.2,250.56,18.1,91.51
2024-03-10,13:00,96.33,62.67,152.92,22.95,120.88
2024-03-10,14:00,76.15,48.24,208.5,5.3,101.49
2024-03-10,15:00,100,28.66,125.01,8.19,57.68
2024-03-10,16:00,125.45,55.31,145.03,4.44,107.77
2024-03-10,17:00,80.62,69.18,71.67,13.37,36.05
2024-03-10,18:00,173.18,80.21,119.96,17.08,139.68
2024-03-10,19:00,155.03,58.09,250.53,17.97,103.21
2024-03-10,20:00,137.69,134.77,258.52,19.91,107.19
2024-03-10,21:00,176.53,140.19,280.9,31.46,117.92
2024-03-10,22:00,159.53,86.96,220.7,29.62,218.93
2024-03-10,23:00,267.9,88.52,233.25,26.04,100.95
2024-03-10,00:00,164.63,74.13,164.7,32.51,99.84
2024-03-11,01:00,126.22,56.87,72.45,34.07,94.23
2024-03-11,02:00,216.65,112.75,239.22,22.65,137.81
2024-03-11,03:00,81.5,64.22,90.72,14.57,166.35
2024-03-11,04:00,196.05,65.41,119.41,16.16,136
2024-03-11,05:00,76.53,44.55,220.55,20.59,181.36
2024-03-11,06:00,217.83,80.29,112.58,23.91,96.47
2024-03-11,07:00,199.45,71.54,162.09,30.93,177.12
2024-03-11,08:00,272.32,101.56,280.23,26.76,136.83
2024-03-11,09:00,124.19,47.2,217.07,33.85,191.26
2024-03-11,10:00,151.27,54.56,176.31,18.64,133.14
2024-03-11,11:00,200.42,20.72,145.33,15.63,89.82
2024-03-11,12:00,175.43,25.24,193.44,24.01,80.14
2024-03-11,13:00,146.17,74.63,166.7,12.55,86.46
2024-03-11,14:00,103.12,49.82,148.05,21.87,81.6
2024-03-11,15:00,126.8,40.27,140.22,19.93,71.61
2024-03-11,16:00,177.44,52.77,105.92,22.36,99.89
2024-03-11,17:00,167.87,56,133.42,25.21,81.85
2024-03-11,18:00,138.69,48.44,199.28,24.29,59.97
2024-03-11,19:00,126.38,128.59,166.83,32.77,129.01
2024-03-11,20:00,123.16,96.54,155.14,29.47,173.15
2024-03-11,21:00,197.88,133.03,157.17,23.85,154.75
2024-03-11,22:00,241.39,72.38,211.27,19.74,211.17
2024-03-11,23:00,183.99,114.96,166.54,27.1,119.82
2024-03-11,00:00,225.3,64.57,215.6,29.9,186.51
2024-03-12,01:00,210.31,88.68,110.09,21.14,145.49
2024-03-12,02:00,112.82,86.93,99.32,29.58,160.32
2024-03-12,03:00,137.81,68.65,145.92,17.09,69.48
2024-03-12,04:00,158.58,37.78,169.16,22.42,77.65
2024-03-12,05:00,146.27,61.6,256.62,14.25,60.2
2024-03-12,06:00,111.84,59.02,250.57,26.83,80.08
2024-03-12,07:00,116.87,115.96,193.1,17.78,166.89
2024-03-12,08:00,167.98,61.14,198.24,38.09,159.39
2024-03-12,09:00,198.38,111.21,128.35,34.95,169.28
2024-03-12,10:00,180.17,76.57,221.64,23.04,172.45
2024-03-12,11:00,89.53,86.46,214.19,15.04,96.54
2024-03-12,12:00,176.92,59.21,125.75,17.59,164.18
2024-03-12,13:00,137.27,85.27,126.69,27.65,105.45
2024-03-12,14:00,69.32,16.01,208.21,19.2,73.39
2024-03-12,15:00,155.79,28.34,207.89,23.66,115.25
2024-03-12,16:00,69.95,20.43,196.35,23.86,102.81
2024-03-12,17:00,164.11,74.28,202.1,30.17,114.06
2024-03-12,18:00,114.2,102.82,79.04,29.26,103.06
2024-03-12,19:00,224.63,58.64,214.85,28.71,140.57
2024-03-12,20:00,127.73,138.19,180.82,24.8,162.54
2024-03-12,21:00,259.95,89.38,154.34,30.97,221.54
2024-03-12,22:00,166.88,118.91,288.3,29.86,205.24
2024-03-12,23:00,152.03,144.09,222.81,32.44,206.62
2024-03-12,00:00,182.48,133.29,151.02,29.12,94.8
2024-03-13,01:00,164.31,89.36,282.94,19.56,102.42
2024-03-13,02:00,176.28,106.18,180.26,22.67,168.45
2024-03-13,03:00,94.71,119.39,213.84,20.46,110.82
2024-03-13,04:00,157.71,71.51,223.63,29.54,102.4
2024-03-13,05:00,207.86,112.14,216.65,29.73,124.38
2024-03-13,06:00,212.61,87.41,144.68,32.28,159.51
2024-03-13,07:00,155.69,69.93,141.29,27.8,114.56
2024-03-13,08:00,246.34,119.3,276.44,37.9,182.52
2024-03-13,09:00,145.16,76.22,161.57,29.36,200.55
2024-03-13,10:00,222.22,29.75,121.99,27.17,107.77
2024-03-13,11:00,61.28,72.55,114.35,15.51,56.8
2024-03-13,12:00,73.18,43.67,132.23,18.84,44.05
2024-03-13,13:00,181.94,54.69,56.38,7.19,119.85
2024-03-13,14:00,140.82,6.53,206.54,8.22,30.14
2024-03-13,15:00,75.95,2.16,198.65,15.56,88.4
2024-03-13,16:00,62.6,78.75,77.42,13.75,100.31
2024-03-13,17:00,161.82,26.12,162.69,3.81,37.94
2024-03-13,18:00,95.3,88,62.13,6.35,75.36
2024-03-13,19:00,101.39,106.27,203.4,21.71,152.98
2024-03-13,20:00,188.92,99.94,171.6,30.89,147.46
2024-03-13,21:00,184.49,93.39,216.36,26.66,119.9
2024-03-13,22:00,143.09,95.39,169.96,38.01,120.24
2024-03-13,23:00,121.1,104.9,231.74,33.8,133.17
2024-03-13,00:00,234.69,76.45,236.92,30.66,146.57
2024-03-14,01:00,192.74,50.27,231.55,23.89,157.14
2024-03-14,02:00,181.61,45.99,246.86,29.91,171.32
2024-03-14,03:00,196.77,59.69,217.02,18.86,100.91
2024-03-14,04:00,88.01,42.1,180.31,32.76,127.63
2024-03-14,05:00,145.28,79.15,107.11,16.38,67.1
2024-03-14,06:00,127.48,99.06,141.86,26.32,129.39
2024-03-14,07:00,167.1,116.35,140.54,27.55,134.09
2024-03-14,08:00,197.75,124.09,120.44,38.16,186.57
2024-03-14,09:00,139.09,63.67,161.45,36.44,196.35
2024-03-14,10:00,187.91,32.8,132.59,14.85,115.25
2024-03-14,11:00,54.32,73.02,218.34,23.85,71.42
2024-03-14,12:00,113.97,66.65,126.8,16.67,28.59
2024-03-14,13:00,128.64,51.04,134.35,20.84,117.32
2024-03-14,14:00,84.15,50.07,73.64,4.2,63.67
2024-03-14,15:00,62.74,15.98,184.06,1.69,105.53
2024-03-14,16:00,36.27,14.43,149.34,5.36,72.81
2024-03-14,17:00,71.19,75.23,29.17,4.24,54.69
2024-03-14,18:00,161.88,22.56,183.19,12.74,118.26
2024-03-14,19:00,94.68,87.37,110.96,10.02,73.09
2024-03-14,20:00,223.79,82.02,130.84,13.75,140.69
2024-03-14,21:00,169.98,116.55,263.7,20.44,136.44
2024-03-14,22:00,224.91,110.92,257.42,22.74,166.71
2024-03-14,23:00,227.41,73.13,217.86,22.25,203.79
2024-03-14,00:00,220.44,81.68,120.89,18.54,177.53
2024-03-15,01:00,150.94,86.22,126.25,14.56,102.43
2024-03-15,02:00,136.77,35.05,119.45,18.9,94.65
2024-03-15,03:00,163.1,84.93,182.7,16.69,94.34
2024-03-15,04:00,150.44,59.12,197.25,23.02,121.67
2024-03-15,05:00,69.01,69.05,141.49,27.1,55.28
2024-03-15,06:00,114.63,79.66,242.46,26.33,86.4
2024-03-15,07:00,93.03,56.18,138.39,37.67,182.62
2024-03-15,08:00,139.53,116.45,224.98,33.39,179.89
2024-03-15,09:00,211,74.67,128.42,27.01,115.54
2024-03-15,10:00,184.48,40.3,109.82,26.35,68.3
2024-03-15,11:00,155.24,64.23,103.53,21.48,125.47
2024-03-15,12:00,169.85,46,88.35,17.22,61.65
2024-03-15,13:00,156.92,74.79,140.28,13.2,102.63
2024-03-15,14:00,105.65,27.29,70.01,14.76,97.11
2024-03-15,15:00,78.22,44.58,122.28,7.39,25.25
2024-03-15,16:00,155.56,38.69,104.38,16.18,94.13
2024-03-15,17:00,60.73,64.6,14.85,19.04,89.89
2024-03-15,18:00,73.74,54.58,114.41,18.63,55.87
2024-03-15,19:00,183.32,78.77,77.98,14.88,154.21
2024-03-15,20:00,197.42,98.73,74.81,14.74,130.6
2024-03-15,21:00,143.04,90.49,187.38,25.72,136.83
2024-03-15,22:00,119.89,64.45,104.47,28.8,138.43
2024-03-15,23:00,195.38,45.19,177.17,23.15,128.51
2024-03-15,00:00,113.82,104.23,107.87,19.12,64.63
2024-03-16,01:00,158.16,64.76,147.74,24.11,140.14
2024-03-16,02:00,114.27,50.37,218.05,27.13,135.36
2024-03-16,03:00,105.7,65.16,74.73,20.22,71.66
2024-03-16,04:00,159.38,41.78,80.35,9.25,41.66
2024-03-16,05:00,96.48,91.49,171.48,17.21,82.66
2024-03-16,06:00,83.62,94.27,178.38,19.06,93.53
2024-03-16,07:00,60.01,26.01,66.91,19.59,54.62
2024-03-16,08:00,191.47,49.19,215.03,29.05,110.82
2024-03-16,09:00,103.4,33.81,221.66,10.8,127.64
2024-03-16,10:00,175.3,83.59,210.49,20.46,162.49
2024-03-16,11:00,159.54,86.19,103.55,10.36,141.51
2024-03-16,12:00,132.43,27.7,128.96,18.26,63.95
2024-03-16,13:00,100.67,80.25,56.82,18.31,128.79
2024-03-16,14:00,88.63,27.37,77.22,14.89,33.64
2024-03-16,15:00,25.02,5.78,135.63,19.47,117.52
2024-03-16,16:00,12.18,11.56,35.82,5.67,39.67
2024-03-16,17:00,122.07,63.08,92.83,7.66,44.84
2024-03-16,18:00,37.69,52.89,51.01,16.45,106.22
2024-03-16,19:00,139.41,74.68,206.08,18.3,130.41
2024-03-16,20:00,160.66,43.54,125.3,14.16,136.91
2024-03-16,21:00,93.92,61.82,174.02,20.29,66.92
2024-03-16,22:00,155.41,72.43,208.01,12.76,163.49
2024-03-16,23:00,184.83,36.35,87.93,40.8,84.53
2024-03-16,00:00,140.02,33.54,113.42,30.28,149.24
2024-03-17,01:00,171.44,30.81,58.72,19.86,134.42
2024-03-17,02:00,74.94,88.06,69.31,15.69,55.07
2024-03-17,03:00,87.5,75.7,97.31,15.14,83.92
2024-03-17,04:00,148.08,63.14,148.79,11.57,49.6
2024-03-17,05:00,145.32,60.01,177.48,17.24,135.1
2024-03-17,06:00,80.26,62.6,52.97,18.96,83.44
2024-03-17,07:00,108.65,38.11,83.87,17.11,34.49
2024-03-17,08:00,88.35,81.22,42.33,14.27,124.3
2024-03-17,09:00,140.95,65.92,198,28.54,145.74
2024-03-17,10:00,92.16,49.28,106.5,22.64,131.87
2024-03-17,11:00,54.09,36.23,53.13,19.22,127.04
2024-03-17,12:00,93.12,27.13,139.66,18.85,85.44
2024-03-17,13:00,145.11,56.51,198.51,19.88,116.74
2024-03-17,14:00,48.93,22.84,54.37,11.35,131.39
2024-03-17,15:00,153.64,33.87,37.29,3.44,39.16
2024-03-17,16:00,49.96,34.28,152.77,16.89,51.73
2024-03-17,17:00,125.49,37.14,63.74,20.86,106.62
2024-03-17,18:00,178.42,38.23,47.08,19.81,50.49
2024-03-17,19:00,165.59,62.24,162.17,28.87,138.82
2024-03-17,20:00,170.69,91.32,131.88,21.29,98.16
2024-03-17,21:00,151.35,114.14,249.91,34.72,140.46
2024-03-17,22:00,153.13,74.03,128.48,27.67,189.15
2024-03-17,23:00,134.94,90.94,280.33,18.97,109.23
2024-03-17,00:00,125.33,86.45,148.98,25.89,166.74
2024-03-18,01:00,188.16,81.23,101.88,29.67,132.59
2024-03-18,02:00,191.55,41.82,175.16,27.82,124.34
2024-03-18,03:00,134.3,66.92,110.81,27.82,116.08
2024-03-18,04:00,143.57,30.71,95.51,24.17,117.06
2024-03-18,05:00,172.79,87.64,137.42,22.21,102.58
2024-03-18,06:00,139.58,39.68,198.32,25.26,158.05
2024-03-18,07:00,180.08,50.38,117.18,17.05,181.58
2024-03-18,08:00,149.78,55.82,242.91,28.61,189.7
2024-03-18,09:00,197.59,97.19,183.92,27.28,96.29
2024-03-18,10:00,187.06,26.79,189.26,16.01,125.44
2024-03-18,11:00,139.51,28.29,125.41,20.76,58.71
2024-03-18,12:00,103.86,64.08,59.21,5.9,67.99
2024-03-18,13:00,105.65,70.01,184.94,20.42,59.93
2024-03-18,14:00,167.78,28.87,44.06,6.68,55.13
2024-03-18,15:00,97.36,11.65,67.76,4.94,114.23
2024-03-18,16:00,42.7,54.54,150.01,3.71,97.26
2024-03-18,17:00,26.98,71.34,136.03,19.02,108.66
2024-03-18,18:00,38.09,17.06,157.14,21.3,83.02
2024-03-18,19:00,99.74,24.83,58.18,10.05,74.14
2024-03-18,20:00,215.51,83.19,180.07,20.85,161.59
2024-03-18,21:00,114.73,106.91,147.04,27.91,156.98
2024-03-18,22:00,129.58,71.18,214.42,17.83,135.97
2024-03-18,23:00,141.68,41.03,121.05,25.17,175.16
2024-03-18,00:00,76.48,57.51,173.4,29.14,102.58
2024-03-19,01:00,186.33,42.85,173.43,23.26,122.17
2024-03-19,02:00,166.46,15.75,97.1,11.85,38.7
2024-03-19,03:00,156.89,27.61,123.69,9.18,106.68
2024-03-19,04:00,99.16,66.1,186.05,12.85,106.1
2024-03-19,05:00,114.88,63.19,115.33,11.45,105.84
2024-03-19,06:00,64.03,69.21,142.54,17.17,126.82
2024-03-19,07:00,177.25,81.19,185.71,27.65,82.28
2024-03-19,08:00,117.35,51.64,150.82,28.84,125.64
2024-03-19,09:00,209.14,94.32,122.75,26.83,148.56
2024-03-19,10:00,95.75,38.8,150.6,13.5,139.71
2024-03-19,11:00,123.54,65.63,219.17,6.68,51.61
2024-03-19,12:00,61.67,5.36,98.02,12.17,84.57
2024-03-19,13:00,150.26,41.56,41.89,13.83,95.47
2024-03-19,14:00,148.16,57.19,32.47,7.32,140.96
2024-03-19,15:00,159.29,72.28,46.28,8.03,59.89
2024-03-19,16:00,74.35,0.93,182.95,4.06,92.88
2024-03-19,17:00,129.95,50.53,122.72,13.11,37.66
2024-03-19,18:00,166.9,69.25,105.83,16.83,140.15
2024-03-19,19:00,118.69,99.18,229.72,13.81,169.63
2024-03-19,20:00,138.59,51.8,219.84,24.32,173.24
2024-03-19,21:00,166.13,120.15,185.52,32.45,133.51
2024-03-19,22:00,212.88,93.94,297.04,28.73,198.34
2024-03-19,23:00,112.24,96.9,212.45,29.5,184.03
2024-03-19,00:00,113.16,95.08,215.94,25.79,166.15
2024-03-20,01:00,185.15,90.46,172.66,27.44,120.57
2024-03-20,02:00,74.49,46.78,222.78,28.99,96.56
2024-03-20,03:00,123.44,97.69,198.59,25.07,155.56
2024-03-20,04:00,67.29,41.42,227.94,13.44,70.69
2024-03-20,05:00,67.55,43.19,214.12,15.73,52.83
2024-03-20,06:00,161.88,93.32,266.46,27.37,109.84
2024-03-20,07:00,178.18,72.52,198.1,29.16,93.81
2024-03-20,08:00,251.23,75.96,272.12,28.31,208.89
2024-03-20,09:00,156.08,39.47,288.17,24.12,166.49
2024-03-20,10:00,172.95,82.08,184.15,15.82,118.02
2024-03-20,11:00,178.06,69.17,245.02,25.59,81.63
2024-03-20,12:00,140.68,59.67,155.71,12.11,117.62
2024-03-20,13:00,180.23,16.55,228.5,18.78,113.2
2024-03-20,14:00,103.45,54.98,57.04,21.54,102.44
2024-03-20,15:00,171.48,20.2,42.15,9.15,72.78
2024-03-20,16:00,171.78,26.63,69.82,3.48,58.94
2024-03-20,17:00,178.37,43.91,64.35,21.75,133.09
2024-03-20,18:00,153.32,89.3,134.77,21.14,105.45
2024-03-20,19:00,146.34,94.59,186.19,21.16,118.25
2024-03-20,20:00,196.92,80.53,130.72,25.45,190.91
2024-03-20,21:00,165.77,84.15,234.91,30.13,136.39
2024-03-20,22:00,190.95,73.89,166.83,37.08,109.37
2024-03-20,23:00,237.83,92.1,182.01,19.43,122.65
2024-03-20,00:00,150.98,74.99,278.96,27.9,186.36
2024-03-21,01:00,146.03,82.49,120.67,23.41,140.36
2024-03-21,02:00,191.7,66.59,244.49,21.77,131.11
2024-03-21,03:00,149.68,61.37,226.91,23.92,170.69
2024-03-21,04:00,146.17,74.21,210.68,14.76,109.34
2024-03-21,05:00,106.52,32.98,138.85,26.86,127.38
2024-03-21,06:00,171.86,46.73,192.84,20.5,120.57
2024-03-21,07:00,143.36,84.55,151.16,27.66,191.04
2024-03-21,08:00,176.73,63.64,202.31,31.21,176.26
2024-03-21,09:00,189.03,93.72,165.16,31.38,111.82
2024-03-21,10:00,73.07,73.2,112.35,18.7,139.28
2024-03-21,11:00,106.29,43.14,174.96,22.29,128.4
2024-03-21,12:00,42.67,25.35,134.22,22.5,91.86
2024-03-21,13:00,151.74,47.88,137.37,18.69,51.36
2024-03-21,14:00,35.57,17.88,146.13,13.67,116.61
2024-03-21,15:00,144.34,49.71,194.73,4.32,15.78
2024-03-21,16:00,73.61,46.74,158.71,19.52,121.55
2024-03-21,17:00,47.57,6.69,32.41,8.74,29.24
2024-03-21,18:00,104.61,69.55,167.77,8.83,138.44
2024-03-21,19:00,156.85,64.63,214.92,11.49,148.3
2024-03-21,20:00,214.23,80.3,196.14,18.07,160.89
2024-03-21,21:00,156.42,107.88,275.88,29.59,182.11
2024-03-21,22:00,228.6,107.45,288.9,26.6,103.71
2024-03-21,23:00,230.31,75.19,179.13,25.42,176.06
2024-03-21,00:00,216.29,73.97,289.97,31.16,139.56
2024-03-22,01:00,100.48,53.84,218.7,21.64,133.86
2024-03-22,02:00,181.25,69.81,193.48,25.41,121.7
2024-03-22,03:00,151.26,67.07,131.1,14.76,77.22
2024-03-22,04:00,138.58,38.57,96.51,25.81,129.47
2024-03-22,05:00,164.19,53.86,134.32,11.8,132.82
2024-03-22,06:00,91,86.88,196.92,17.15,95.8
2024-03-22,07:00,217.31,111.13,149.72,34.67,133.13
2024-03-22,08:00,252.41,112.96,211.46,26.58,136.6
2024-03-22,09:00,207.24,74.83,116.58,22,176.74
2024-03-22,10:00,183.28,77.66,249.08,17.82,66.88
2024-03-22,11:00,135.89,49.52,119.88,24.92,125.95
2024-03-22,12:00,40.55,19.53,131.41,15.9,102.37
2024-03-22,13:00,80.93,28.29,63.96,14.56,29.88
2024-03-22,14:00,47.58,46.66,168.93,1.62,33.08
2024-03-22,15:00,134.75,19.68,9.57,5.82,95.6
2024-03-22,16:00,76.04,42.45,75.17,16.52,87.73
2024-03-22,17:00,68.77,15.64,124.25,6.77,81.11
2024-03-22,18:00,47.3,92.99,31.72,18.38,105.86
2024-03-22,19:00,89.22,66.55,198.4,13.07,153.27
2024-03-22,20:00,207.8,109.29,237.32,20.32,130.55
2024-03-22,21:00,109.88,73.43,211,27.87,107.26
2024-03-22,22:00,117.67,91.05,210.17,16.56,158.23
2024-03-22,23:00,101.68,79.23,102.85,23.99,84.98
2024-03-22,00:00,79.21,41.91,214.72,15.22,111.05
2024-03-23,01:00,151.95,49.31,112.58,13.07,157.29
2024-03-23,02:00,185.87,59.96,77.95,8.34,143.43
2024-03-23,03:00,48.91,43.8,75.89,12.35,76.08
2024-03-23,04:00,74.43,55.97,178.05,8.75,72.6
2024-03-23,05:00,105.98,23.28,182.69,14.54,97.63
2024-03-23,06:00,131.33,44.21,57.06,13.63,129.43
2024-03-23,07:00,38.9,64.11,197.91,18.02,124.12
2024-03-23,08:00,121.49,83.88,112.78,21.26,56.96
2024-03-23,09:00,106.01,88.79,96.87,11.9,154.27
2024-03-23,10:00,169.28,55.07,96.09,20.55,147.87
2024-03-23,11:00,58.61,84.49,160.27,10.19,110.99
2024-03-23,12:00,102.52,42.82,76.14,11.76,103.16
2024-03-23,13:00,57.21,70.43,122.24,15.28,93.31
2024-03-23,14:00,101.99,62.22,30.5,5.33,44.44
2024-03-23,15:00,40.85,32.18,157.83,15.89,17.13
2024-03-23,16:00,67.38,1.48,60.22,8.51,43.62
2024-03-23,17:00,38.74,37.18,95.47,6.25,22.91
2024-03-23,18:00,55.25,47.2,16.03,6.9,97.38
2024-03-23,19:00,118.17,58.96,20.85,4.66,135.94
2024-03-23,20:00,61.9,20.07,84.82,19.05,142.22
2024-03-23,21:00,76.68,82.98,92.81,19.14,92.89
2024-03-23,22:00,81.12,60.98,101.1,14.97,91.13
2024-03-23,23:00,174.42,73.35,207.97,19.68,87.74
2024-03-23,00:00,112.51,70.95,67.49,17.94,126.13
2024-03-24,01:00,45.43,38.91,169.89,13.42,138.63
2024-03-24,02:00,131.3,66.8,74.77,7.75,119.88
2024-03-24,03:00,157.65,60.57,176.81,3.88,30.55
2024-03-24,04:00,22.37,75.76,35.68,19.09,41.63
2024-03-24,05:00,41.13,44.32,194.65,9.66,32.63
2024-03-24,06:00,24.79,42.52,66.89,21.43,51.71
2024-03-24,07:00,149.86,58.25,41.92,18.95,102.24
2024-03-24,08:00,80.88,43.91,133.66,18.9,127.08
2024-03-24,09:00,117.44,86.31,128.11,7.43,87.75
2024-03-24,10:00,92.54,55.97,48.84,9.99,128.28
2024-03-24,11:00,103.47,23.93,157.25,13.24,125.89
2024-03-24,12:00,134.32,31.55,22.45,14.04,30.47
2024-03-24,13:00,90.87,82.42,77.01,19,88.76
2024-03-24,14:00,71.67,51,162.61,9.63,41.46
2024-03-24,15:00,48.19,39.73,167.8,5.14,20.28
2024-03-24,16:00,129.45,52.64,78.07,12.59,43.99
2024-03-24,17:00,55.73,40.34,75.56,9.08,107.5
2024-03-24,18:00,146.94,89.94,84.09,7.27,27.2
2024-03-24,19:00,103.89,101.99,103.93,14.95,61.85
2024-03-24,20:00,54.43,56.92,27.12,11.05,55.74
2024-03-24,21:00,188.65,90.53,75.53,25.24,106.69
2024-03-24,22:00,121.39,93.48,62.35,21.06,86.24
2024-03-24,23:00,101.35,93.74,76.67,14.13,153.01
2024-03-24,00:00,46.32,70.11,75.27,21.62,71.85
2024-03-25,01:00,113.94,93.5,125.67,20.08,91.35
2024-03-25,02:00,41.13,70.5,12.03,18.82,91.33
2024-03-25,03:00,96.84,42.16,93.66,2.45,53.73
2024-03-25,04:00,37.27,71.97,-10.3,18.28,109.42
2024-03-25,05:00,78.95,42.53,163.59,12.38,66.1
2024-03-25,06:00,26.11,44.13,67.02,14.33,79.9
2024-03-25,07:00,83.97,49.54,105.74,12.23,73.47
2024-03-25,08:00,189.25,82.81,140.55,23.43,128.36
2024-03-25,09:00,155.87,65.34,160.17,18.44,103.34
2024-03-25,10:00,125.35,24.42,191.01,18.88,99.36
2024-03-25,11:00,153.34,53.66,110.3,12.49,79.18
2024-03-25,12:00,27.6,79.56,77.24,11.88,78.61
2024-03-25,13:00,87.74,24.05,163.59,16.99,89.65
2024-03-25,14:00,29.84,29.51,135.11,22.13,87.02
2024-03-25,15:00,35.32,23.03,100.26,20.84,118.01
2024-03-25,16:00,43.2,27.28,69.37,13.54,90.95
2024-03-25,17:00,58.11,25.01,113.73,15.38,119.67
2024-03-25,18:00,170.74,43.89,79.19,18.34,110.25
2024-03-25,19:00,103.2,101.86,117.25,21.97,107.2
2024-03-25,20:00,146.11,103.96,84.83,21.48,156.01
2024-03-25,21:00,190.71,105.72,192.18,17.85,139.11
2024-03-25,22:00,139.52,119.07,123.17,17.94,182.86
2024-03-25,23:00,85.34,115.3,237.98,21.13,175.56
2024-03-25,00:00,151.53,32.58,108.91,11.41,109.6
2024-03-26,01:00,136.96,74.2,230.65,16.6,122.9
2024-03-26,02:00,38.04,85.8,87.22,12.11,55.86
2024-03-26,03:00,96.04,91.88,140.04,17.61,138.29
2024-03-26,04:00,88.03,27.3,39.51,11.42,63.55
2024-03-26,05:00,39.3,62.18,151.88,4.37,50.22
2024-03-26,06:00,96.55,81,155.22,4.52,98.55
2024-03-26,07:00,113.74,65.71,226.29,15.08,113.16
2024-03-26,08:00,166.81,75.37,197.98,18.8,149.14
2024-03-26,09:00,124.61,101.8,109.66,25.07,162.4
2024-03-26,10:00,111.49,38.69,231.8,9.86,155.43
2024-03-26,11:00,86.01,62.66,42.35,11.66,116.52
2024-03-26,12:00,47.78,21.35,99.03,19.51,72.12
2024-03-26,13:00,92.19,85.69,37.21,13.35,27.99
2024-03-26,14:00,98.91,23.9,50.91,8.95,116.38
2024-03-26,15:00,148.39,63.88,82.33,10.27,109.57
2024-03-26,16:00,36.22,56.43,37.91,17.86,64.98
2024-03-26,17:00,112.87,21.52,30.01,8.14,30.26
2024-03-26,18:00,65.6,68.58,100.42,20.72,38.1
2024-03-26,19:00,158.97,71.08,181.31,14.15,81.13
2024-03-26,20:00,212.76,68.43,72.05,30.53,77.71
2024-03-26,21:00,135.29,106.42,187.72,28.35,182.29
2024-03-26,22:00,189.74,103.22,166.69,17.35,125.29
2024-03-26,23:00,171.96,60.5,221.07,15.5,147.93
2024-03-26,00:00,105.64,51.71,168.14,20.21,145.37
2024-03-27,01:00,133.21,76.23,106.39,25.86,119.22
2024-03-27,02:00,65.03,52.58,201.19,15.46,114.94
2024-03-27,03:00,136,31.89,142.67,19.22,94.95
2024-03-27,04:00,26.68,49.72,47.95,8.12,85.73
2024-03-27,05:00,90.75,30.28,155.27,20.89,108.88
2024-03-27,06:00,160.09,83.93,61.79,17.96,76.21
2024-03-27,07:00,152.84,80.65,97.08,26.64,121.44
2024-03-27,08:00,187.73,63.14,171.36,23.29,180.91
2024-03-27,09:00,156.9,71.16,154.52,25.64,142.41
2024-03-27,10:00,108.26,85.14,130.73,13.87,152.05
2024-03-27,11:00,124.03,44.98,149.73,6.52,101.3
2024-03-27,12:00,92.28,54.51,68.19,18.41,44.06
2024-03-27,13:00,49.64,16.04,107.92,3.6,5.96
2024-03-27,14:00,21.59,53.07,111.37,8.24,97.09
2024-03-27,15:00,26.75,43.5,151.05,12.58,35.94
2024-03-27,16:00,82.92,5.9,28.51,9.18,35.47
2024-03-27,17:00,84.4,37.21,104.71,8.87,90.01
2024-03-27,18:00,36.76,22.95,37.28,23.72,110.51
2024-03-27,19:00,98.78,56.19,54.09,21.75,119.33
2024-03-27,20:00,71.55,106.43,127.55,15.95,87.12
2024-03-27,21:00,78.92,62.18,164.49,15.98,128.55
2024-03-27,22:00,146.3,58.59,80.68,29.31,172.64
2024-03-27,23:00,97.02,84.31,121.19,28.25,161.75
2024-03-27,00:00,168.93,72.56,106.89,18.57,135.42
2024-03-28,01:00,85.85,33.88,206.88,25.04,33.25
2024-03-28,02:00,53.8,79.96,66.19,11.39,58.5
2024-03-28,03:00,28.82,19.4,189.94,16.48,78.97
2024-03-28,04:00,4.6,39.24,151.87,6.46,49.98
2024-03-28,05:00,114.7,40.09,53.75,21.42,59.91
2024-03-28,06:00,47.01,73.52,114.46,12.98,37.87
2024-03-28,07:00,149.88,50.14,112.47,16.75,49.06
2024-03-28,08:00,178.18,69.36,180.85,19.92,128.68
2024-03-28,09:00,173.04,96.19,130.21,32.5,146.12
2024-03-28,10:00,142.48,36.03,123.82,13.41,83.24
2024-03-28,11:00,107.2,18.57,123.54,18.94,142.27
2024-03-28,12:00,152.09,30.4,155.25,11.7,120.6
2024-03-28,13:00,22.6,44.07,81.92,9.68,136.84
2024-03-28,14:00,40.42,82.59,127.37,16.99,95.93
2024-03-28,15:00,126.11,78.28,167.08,6.52,88.22
2024-03-28,16:00,125.58,16.65,15.92,13.81,132.23
2024-03-28,17:00,131.15,53.39,62.65,6.26,106.37
2024-03-28,18:00,48.37,38.97,13.3,14.69,142.98
2024-03-28,19:00,48.59,114.19,37.72,17.77,156.86
2024-03-28,20:00,166.03,103.16,93.93,18.72,106.54
2024-03-28,21:00,191.33,93.55,146.06,17.17,153.5
2024-03-28,22:00,139.21,79.09,117.32,29.13,69.34
2024-03-28,23:00,68.05,77.29,135.6,21.29,104.92
2024-03-28,00:00,169.36,67.18,166.27,26.22,81.3
2024-03-29,01:00,138.93,31.72,127.73,24.81,87.81
2024-03-29,02:00,119.25,26.21,217.64,9.01,103.59
2024-03-29,03:00,45.09,79.32,167.18,16.64,134.06
2024-03-29,04:00,127.21,17.92,50.58,11.8,37.81
2024-03-29,05:00,63.93,54.43,146.32,19.5,76.37
2024-03-29,06:00,145.59,75,144.61,9.85,135.15
2024-03-29,07:00,139.51,69.23,127.76,27.17,143.32
2024-03-29,08:00,182.32,104.81,112.25,31.73,116.89
2024-03-29,09:00,167.46,71.02,204.93,27.3,104.02
2024-03-29,10:00,71.66,26.05,213.53,20.19,116.78
2024-03-29,11:00,67.38,29.56,95.77,21.62,37.12
2024-03-29,12:00,58.55,6.43,141.13,11.63,132.34
2024-03-29,13:00,73.34,36.27,78.73,14.86,104.89
2024-03-29,14:00,104.53,18.33,108.71,21.72,82.84
2024-03-29,15:00,33.32,-1.15,140.78,13.91,68.76
2024-03-29,16:00,138.84,7.51,26.62,9.21,100.77
2024-03-29,17:00,148.92,37.96,185.07,5.1,42.07
2024-03-29,18:00,109.1,59.47,111.3,15.04,117.66
2024-03-29,19:00,152.6,80.66,51.05,6.62,58.93
2024-03-29,20:00,101.1,101.42,116.98,14.08,147.57
2024-03-29,21:00,99.63,78.01,251.26,9.79,167.46
2024-03-29,22:00,195.36,92.77,262.19,9.17,149.79
2024-03-29,23:00,222.69,57.06,95.05,12.17,176.28
2024-03-29,00:00,99.14,80.62,219.66,23.04,144.52
2024-03-30,01:00,184,67.53,156.03,7.75,147.68
2024-03-30,02:00,166.79,26.57,208.7,13.75,136.76
2024-03-30,03:00,176.82,35.41,227.68,21.61,105.23
2024-03-30,04:00,59.62,67.68,70.95,16.92,101.74
2024-03-30,05:00,49.74,17.45,193.66,19.78,55.35
2024-03-30,06:00,87.79,18.13,180.07,7.79,68.32
2024-03-30,07:00,174.97,62.75,191.9,18.45,149.48
2024-03-30,08:00,191.03,93.14,193.6,14.93,95.11
2024-03-30,09:00,192.09,91.61,108.72,12.37,76.3
2024-03-30,10:00,150.53,66.36,130.54,9.39,145.63
2024-03-30,11:00,90.33,26.74,132.36,7.86,69.57
2024-03-30,12:00,98.4,70.56,29.83,8.87,34.81
2024-03-30,13:00,160.21,48.4,127.1,15.46,23.17
2024-03-30,14:00,62.02,77.52,139.66,11.94,21.42
2024-03-30,15:00,133.09,53.6,144.03,16.49,98.29
2024-03-30,16:00,140.74,51.95,102.55,-0.34,80.9
2024-03-30,17:00,109.43,67.63,30.71,16.28,34.52
2024-03-30,18:00,32.58,68.24,137.07,15.34,68.67
2024-03-30,19:00,72.97,32.85,38.57,13.65,68.99
2024-03-30,20:00,149.69,25.99,187.74,12.76,94.26
2024-03-30,21:00,113.91,51.03,151.49,21.18,103.86
2024-03-30,22:00,158.83,68.93,78.07,8.65,122.72
2024-03-30,23:00,144.95,66.03,182.73,12.91,55.04
2024-03-30,00:00,76.41,62.36,204.75,18.59,162.32
2024-03-31,01:00,141.87,33.61,217.25,25.44,43.12
2024-03-31,02:00,68.73,83.97,198.2,20.08,72.74
2024-03-31,03:00,73.61,64.16,56.32,12.69,48.48
2024-03-31,04:00,70.42,71.87,187.28,20.56,60.65
2024-03-31,05:00,55.2,45.06,81.93,8.94,69.44
2024-03-31,06:00,38.33,51.86,61.14,20.15,153.4
2024-03-31,07:00,95.43,72.37,124.35,19.54,117.78
2024-03-31,08:00,84.47,40.61,86.49,22.89,139.97
2024-03-31,09:00,169.59,38.56,122.16,7.89,67.78
2024-03-31,10:00,54.3,31.4,79.9,16.62,38.75
2024-03-31,11:00,25.49,38.99,166.49,11.72,111.32
2024-03-31,12:00,41.38,13.8,155.24,16.9,113.09
2024-03-31,13:00,33.47,39.84,37.83,18.72,28.94
2024-03-31,14:00,131.36,2.39,87.62,6.85,95.73
2024-03-31,15:00,82.58,3.3,97.18,17.26,96.38
2024-03-31,16:00,11.96,36.9,68.87,17.86,85.15
2024-03-31,17:00,65.11,16,35.83,7.89,85.21
2024-03-31,18:00,139.22,78.99,81.64,6.55,112.18
2024-03-31,19:00,48.8,53.81,189.43,6.59,60.54
2024-03-31,20:00,136.93,79.89,187,24.27,81.98
2024-03-31,21:00,70.44,74.09,94.09,15.85,93.34
2024-03-31,22:00,115.24,72.83,154.16,25.87,167.63
2024-03-31,23:00,126.89,37.4,223.14,13.95,90.97
2024-03-31,00:00,135.11,75.03,189.31,17.88,95.76
2024-04-01,01:00,157.96,81.31,88.32,15.37,138.55
2024-04-01,02:00,25.33,32.08,146.28,24.62,57.03
2024-04-01,03:00,83.63,50.8,104.72,12.14,19.94
2024-04-01,04:00,45.12,42.13,165.35,14.3,106.29
2024-04-01,05:00,78.01,35.58,186.58,5.38,51.73
2024-04-01,06:00,153.05,72.74,63.98,16.58,129.73
2024-04-01,07:00,68.46,93.12,136.26,25.82,132.63
2024-04-01,08:00,153.1,53.8,100.52,21.32,112.16
2024-04-01,09:00,123.96,54.74,79.85,14.52,132.59
2024-04-01,10:00,87.66,17.77,45.8,14.92,75.46
2024-04-01,11:00,39.49,32.96,1.26,16.08,25.6
2024-04-01,12:00,33.99,8.53,100.79,10.28,40.66
2024-04-01,13:00,148.13,40.02,31.42,16.95,56.47
2024-04-01,14:00,76.18,24.61,158.6,10.74,39.54
2024-04-01,15:00,107.95,53.35,35.55,3.09,47.3
2024-04-01,16:00,79.35,45.52,99.51,0.79,68.39
2024-04-01,17:00,50.4,28.97,77.17,14.07,-1.64
2024-04-01,18:00,107.79,65.35,150.82,8.19,112.62
2024-04-01,19:00,100.04,41.94,28.93,19.51,40.34
2024-04-01,20:00,177.68,49.26,205.22,7,128.68
2024-04-01,21:00,132.1,65.84,105.51,14.06,149.05
2024-04-01,22:00,73.02,74.3,156.95,28.17,136.52
2024-04-01,23:00,186.69,27.03,206.02,11.78,83.24
2024-04-01,00:00,85.82,50.56,46.56,23.04,136.29
2024-04-02,01:00,116.67,65.5,129.53,15.63,132.71
2024-04-02,02:00,69.49,41.22,135.91,13.64,37.85
2024-04-02,03:00,4.09,58.17,55.5,2.8,18.6
2024-04-02,04:00,28.49,56.17,114.81,10.41,16
2024-04-02,05:00,18.82,33.03,149.26,18.4,52.91
2024-04-02,06:00,108.62,45.25,98.37,19.11,28.13
2024-04-02,07:00,177.8,32.14,153.4,11.97,148.62
2024-04-02,08:00,108.06,34.57,230.01,20.03,156.43
2024-04-02,09:00,54.34,80.68,105.87,21.64,122.24
2024-04-02,10:00,113.04,66.8,152.38,10.98,77.3
2024-04-02,11:00,122.91,7.56,174.35,17.91,86.66
2024-04-02,12:00,97.82,63.99,83.18,10.03,19.4
2024-04-02,13:00,0.1,-3.19,131.08,6.01,37.71
2024-04-02,14:00,28.33,13.74,-21.22,5.64,75.63
2024-04-02,15:00,133.08,46.05,105.37,10.42,-8.71
2024-04-02,16:00,-9.95,16.91,16.88,9.46,85.05
2024-04-02,17:00,-0.37,40.7,11.45,7.21,39.79
2024-04-02,18:00,57.69,34.57,125.94,12.18,30.56
2024-04-02,19:00,72.22,57.85,44.11,12.1,36.09
2024-04-02,20:00,49,81.24,101.81,19.22,92.38
2024-04-02,21:00,98.23,79.51,188.73,14.32,126.35
2024-04-02,22:00,54.58,79.39,204.84,25.83,53.83
2024-04-02,23:00,140.53,28.83,183.43,17.31,115.35
2024-04-02,00:00,73.13,19.54,58.31,23.79,116.08
2024-04-03,01:00,48.3,62.44,95.46,21.33,82.44
2024-04-03,02:00,51.46,33.63,-4.4,19.55,104.58
2024-04-03,03:00,-10.25,51.62,30.48,9.65,97.51
2024-04-03,04:00,5.88,-4.34,161.2,18.73,23.9
2024-04-03,05:00,74.33,62.88,103.17,4.19,35.2
2024-04-03,06:00,-1.64,42.32,167.45,8.67,9.35
2024-04-03,07:00,25.63,18.61,74.18,7.74,118.5
2024-04-03,08:00,130.2,26.69,60.99,29.63,136.49
2024-04-03,09:00,150.19,17.36,40.81,22.13,53.79
2024-04-03,10:00,63.74,41.41,150.88,8.99,101.52
2024-04-03,11:00,143.96,7.78,12.63,7.81,47.09
2024-04-03,12:00,118.26,2,51.97,10.53,3.43
2024-04-03,13:00,98.34,55.81,50.53,4.43,32.13
2024-04-03,14:00,136.49,69.47,127.23,15.34,92.53
2024-04-03,15:00,93.04,15.61,34.43,1.44,17.41
2024-04-03,16:00,68.95,34.21,138.73,15.66,82.31
2024-04-03,17:00,73.7,4.14,-7.93,4.25,15.58
2024-04-03,18:00,53.97,65.61,68.91,16.34,87.77
2024-04-03,19:00,40.94,86.04,139.26,18.33,50.32
2024-04-03,20:00,173.07,71.95,180.66,26.65,76.91
2024-04-03,21:00,56.98,71.26,91.14,25.81,118.08
2024-04-03,22:00,131.58,53.63,102.93,12.81,65.12
2024-04-03,23:00,86.32,77.89,114.19,25.52,69.41
2024-04-03,00:00,83.58,81.67,163.5,18.23,93.92
2024-04-04,01:00,119.97,27.54,18.42,7.83,73.61
2024-04-04,02:00,81.16,73.52,80.62,0.18,19.79
2024-04-04,03:00,77.26,53.84,6.86,3.85,6.76
2024-04-04,04:00,115.74,33.3,126.3,4.02,66.69
2024-04-04,05:00,64.04,30.74,89.48,7.22,9.21
2024-04-04,06:00,19.61,56.45,37.4,14.23,45.85
2024-04-04,07:00,107.62,29.06,91.11,12.99,102.9
2024-04-04,08:00,142.78,76.54,156.03,13.32,87.89
2024-04-04,09:00,102.1,50.15,85.97,15.36,102.35
2024-04-04,10:00,75.8,27.33,25.78,5.84,70.14
2024-04-04,11:00,136.59,65.88,62.61,19.02,71.66
2024-04-04,12:00,70.06,10.47,61.95,16.22,4.74
2024-04-04,13:00,24.65,10.37,44.55,14.88,5.64
2024-04-04,14:00,124.81,70.66,119.15,4.65,93.88
2024-04-04,15:00,121.75,21.28,39.83,15.99,99.39
2024-04-04,16:00,82.9,62.76,121.37,11.66,68.39
2024-04-04,17:00,62.52,33.62,103.36,11.5,14.16
2024-04-04,18:00,42.6,24.25,-10.84,18.49,101.31
2024-04-04,19:00,81.4,58.93,2.96,10.72,123.3
2024-04-04,20:00,119.02,35,43.29,16.34,104.8
2024-04-04,21:00,180.2,91.74,192.9,13.76,140.26
2024-04-04,22:00,133.14,33.02,159.07,16.32,61.65
2024-04-04,23:00,161.85,84.59,185.95,11.29,116.18
2024-04-04,00:00,137.81,35.99,19.42,16.81,102.93
2024-04-05,01:00,109.76,75.18,32.49,17.97,113.99
2024-04-05,02:00,-5.06,28.36,113.27,9.58,105.7
2024-04-05,03:00,130.33,25.2,52.02,2.59,81.41
2024-04-05,04:00,99.47,76.58,8,3.91,46.88
2024-04-05,05:00,48.67,23.43,22.52,13.48,112.59
2024-04-05,06:00,69.66,50.42,165.88,15.09,64.14
2024-04-05,07:00,31.66,19.25,140.59,15.16,132.33
2024-04-05,08:00,103.08,24.76,181.48,15.06,70.69
2024-04-05,09:00,135.21,37.42,61.66,7.5,64.11
2024-04-05,10:00,77.43,20.72,58.63,16.17,66.52
2024-04-05,11:00,35,26.85,87.31,1.74,52.04
2024-04-05,12:00,84.58,66.28,23.06,8.05,24.04
2024-04-05,13:00,105.01,2.95,27.76,15.54,83.71
2024-04-05,14:00,121.69,28.09,-5,1.13,95.15
2024-04-05,15:00,89.47,11.02,-16.91,12.47,55.56
2024-04-05,16:00,17.22,12.43,11.9,4.74,29.66
2024-04-05,17:00,74.81,39.11,69.62,9.07,5.75
2024-04-05,18:00,54.76,48.77,56.37,9.57,54.8
2024-04-05,19:00,72.6,53.79,72.62,3.64,53.44
2024-04-05,20:00,153.62,61.43,82.87,8.85,107.67
2024-04-05,21:00,113.96,39.71,45.87,8.64,101.79
2024-04-05,22:00,45.27,42.54,113.79,19.73,122.55
2024-04-05,23:00,121.79,59.71,134.83,20.54,75.8
2024-04-05,00:00,111.53,15.08,152.23,8.85,106.63
2024-04-06,01:00,151.1,53.1,52.97,5.73,112.03
2024-04-06,02:00,26.49,66.75,115.61,3.02,75.52
2024-04-06,03:00,82.01,18.76,57.59,14.62,8.46
2024-04-06,04:00,24.07,8.56,82.11,14.22,89.27
2024-04-06,05:00,41.51,20.78,51.05,7.98,85.63
2024-04-06,06:00,26.07,30.27,53,14.95,42.97
2024-04-06,07:00,19.09,32.96,90.2,3.32,101.74
2024-04-06,08:00,32.31,46.98,10.85,12.61,74.73
2024-04-06,09:00,53.56,85.94,69.25,10.07,56.74
2024-04-06,10:00,37.75,59.65,136.18,22.97,74.81
2024-04-06,11:00,58.71,18.05,126.89,4.29,54.75
2024-04-06,12:00,136.66,59.2,8.82,1.25,27.65
2024-04-06,13:00,99.03,-2.77,77.47,15.99,24.78
2024-04-06,14:00,32.94,44.76,65.37,2.67,27.93
2024-04-06,15:00,-15.04,54.07,118.02,13.25,58.15
2024-04-06,16:00,-4.7,67.66,-1.45,11.49,1.16
2024-04-06,17:00,71.24,30.33,151.69,4.97,37.39
2024-04-06,18:00,110.31,32.46,147.8,1.61,81.14
2024-04-06,19:00,67.96,25.64,145.86,16.94,61.84
2024-04-06,20:00,52.73,36.7,27.62,16.96,93.22
2024-04-06,21:00,131.9,54.84,55.77,12.76,119.94
2024-04-06,22:00,162.74,31.83,56.8,16.5,145.28
2024-04-06,23:00,40.44,43.51,159.01,20.26,98.53
2024-04-06,00:00,75.05,69.64,84.09,5.2,30.69
2024-04-07,01:00,144.76,25.84,73.85,11.51,83.97
2024-04-07,02:00,26.74,42.84,33.76,13.63,118.52
2024-04-07,03:00,29.22,73,169.62,6.87,33.74
2024-04-07,04:00,27.67,55.63,107.67,15.44,96.32
2024-04-07,05:00,66.3,-0.22,13.29,3.28,51.5
2024-04-07,06:00,104.28,17.49,68.37,12.64,96.41
2024-04-07,07:00,46.48,69.55,161.27,13.13,18.97
2024-04-07,08:00,71.98,48.19,37.35,12.23,102.54
2024-04-07,09:00,18.65,60.4,17.54,18.75,94.12
2024-04-07,10:00,38.23,21.3,132.54,18.14,116.86
2024-04-07,11:00,50.01,35.75,78.05,5.17,103.73
2024-04-07,12:00,131.25,24.57,63.87,1.95,81.69
2024-04-07,13:00,91.2,12.77,40.44,15.61,27.86
2024-04-07,14:00,100.68,15.27,5.68,8.93,57.6
2024-04-07,15:00,25.53,17.94,32.51,-1.44,62.52
2024-04-07,16:00,25.6,29.34,55.37,2.74,71.02
2024-04-07,17:00,101.87,8.75,88.6,7.11,1.46
2024-04-07,18:00,132.89,30.86,2.48,8,4.56
2024-04-07,19:00,51.33,38.47,48.84,5.17,43.51
2024-04-07,20:00,144.03,33.65,30.25,8.19,60.41
2024-04-07,21:00,56.56,16.8,74.88,10.96,128.12
2024-04-07,22:00,157.9,42.16,147.23,17.83,94.08
2024-04-07,23:00,50.1,76.34,133.87,10.58,34.64
2024-04-07,00:00,15.61,14.62,94.46,16.96,74.06
2024-04-08,01:00,55.32,17.39,179.61,3.73,70.08
2024-04-08,02:00,90.96,37.35,107.35,7.66,-0.38
2024-04-08,03:00,0.76,57.31,68.86,1.55,55.88
2024-04-08,04:00,9.99,14.34,134.92,5.66,29.92
2024-04-08,05:00,27.64,-7.2,48.06,7.81,55.19
2024-04-08,06:00,16.51,63.54,124.82,10.83,1.93
2024-04-08,07:00,17.04,22.96,56.05,20.54,38.54
2024-04-08,08:00,108.96,31.77,44.87,26.29,163.61
2024-04-08,09:00,27.57,7.72,121.41,18.15,64.99
2024-04-08,10:00,63.89,53.31,23.79,10.1,7.92
2024-04-08,11:00,59.14,8.93,45.78,7.58,44.93
2024-04-08,12:00,112.98,54.93,28.09,4.27,36.65
2024-04-08,13:00,109.63,0.36,35.23,17.68,30.78
2024-04-08,14:00,58,46.18,86.55,5.3,19.01
2024-04-08,15:00,-16.34,6.76,93.88,21.87,82
2024-04-08,16:00,110.42,-13.9,78.81,10.62,32.44
2024-04-08,17:00,45.82,24.2,36.94,21.22,19.61
2024-04-08,18:00,38.19,15.52,101.19,24.39,55.3
2024-04-08,19:00,115.11,19.59,10.21,16.07,21.35
2024-04-08,20:00,113.6,71.92,109.76,22.54,123.45
2024-04-08,21:00,130.59,26.73,73.8,18.42,92.15
2024-04-08,22:00,66.84,52.58,54.82,20.25,146.38
2024-04-08,23:00,108.8,41.33,124.72,19.46,66.82
2024-04-08,00:00,79.22,32.6,159.81,12.54,123.65
2024-04-09,01:00,103.63,62.81,66.14,10.94,68.44
2024-04-09,02:00,68.84,37.82,36.13,18.98,32.79
2024-04-09,03:00,114.56,25.34,9.64,16.16,83.58
2024-04-09,04:00,111.09,11.33,18.54,20.72,11.26
2024-04-09,05:00,0.82,-8.94,121.1,17.92,23.2
2024-04-09,06:00,57.4,8.8,47.32,20.3,91.98
2024-04-09,07:00,105.08,23.01,117.75,20.54,99.2
2024-04-09,08:00,67.33,52.97,124.77,21.75,93.78
2024-04-09,09:00,51.93,76.29,168.94,7.73,93.77
2024-04-09,10:00,33.58,55.11,23.12,4.64,15.02
2024-04-09,11:00,73.88,69.08,8.27,17.02,76.38
2024-04-09,12:00,30.94,10.02,46.27,4.06,40.32
2024-04-09,13:00,85.88,33.67,-13.7,1.87,87.22
2024-04-09,14:00,75.34,63.02,102.25,4.17,36.37
2024-04-09,15:00,103.39,17.46,-0.98,10.38,76.1
2024-04-09,16:00,74.01,35.95,53.3,-0.63,68.24
2024-04-09,17:00,80.66,34.38,-4.7,2.14,58.54
2024-04-09,18:00,10,41.85,-3.27,6.46,92.92
2024-04-09,19:00,78.81,16.24,143.83,5.24,96.62
2024-04-09,20:00,31,48.99,55.69,8.74,67.73
2024-04-09,21:00,85.4,54.74,31.59,6.62,38.18
2024-04-09,22:00,148.65,24.34,136.58,6.96,131.38
2024-04-09,23:00,104.76,43.54,68.83,13.46,134.99
2024-04-09,00:00,53.02,32.49,132.44,0.54,76.6
2024-04-10,01:00,108.97,84.19,164.78,1.7,40.97
2024-04-10,02:00,11.87,18.9,94.89,16.25,37.59
2024-04-10,03:00,34.3,18.94,47.48,1.21,11.45
2024-04-10,04:00,20.5,24.18,56.72,9.01,1.51
2024-04-10,05:00,44.53,16.49,116.95,9.62,105.25
2024-04-10,06:00,57.88,52.82,-11.52,1.46,97.95
2024-04-10,07:00,120.8,72.48,117.82,14.53,74.17
2024-04-10,08:00,21.29,54.7,-6.52,4.68,112.36
2024-04-10,09:00,65.79,20.96,93.35,8.07,17.18
2024-04-10,10:00,34.44,67.52,91.85,15.95,82.96
2024-04-10,11:00,73.44,22.82,95.74,7.4,98.38
2024-04-10,12:00,-0.41,28.8,97.89,14.87,27.16
2024-04-10,13:00,105.02,13.35,85.45,15.83,94.51
2024-04-10,14:00,4,32.79,151.12,7.84,107.43
2024-04-10,15:00,4.82,5.58,88.47,3.42,29
2024-04-10,16:00,44.27,-5.02,33.26,14.82,17.1
2024-04-10,17:00,83.08,8.9,28.52,1.17,29.37
2024-04-10,18:00,13.02,21.94,89.43,12.72,66.81
2024-04-10,19:00,39.76,44.42,97.23,6.13,67.56
2024-04-10,20:00,142.32,29.75,68.53,22.7,58.65
2024-04-10,21:00,147.4,18.5,160.41,20.69,51.25
2024-04-10,22:00,160.39,18.07,189.71,24.78,76.72
2024-04-10,23:00,102.27,50.21,57.83,12.26,109.01
2024-04-10,00:00,50.58,79.69,183.04,2.74,67.08
2024-04-11,01:00,49.83,30,86.03,10.96,104.69
2024-04-11,02:00,9.33,17.32,78.9,15.09,11.19
2024-04-11,03:00,97.98,31.42,39.21,7.19,92.67
2024-04-11,04:00,110,36.09,96.56,14.14,10.89
2024-04-11,05:00,-20.3,58.42,96.81,2.07,58.54
2024-04-11,06:00,77.74,44.69,34.3,7.81,99.57
2024-04-11,07:00,17.38,11.67,113.23,20.78,25.63
2024-04-11,08:00,110.62,58.45,45.65,19.79,70.58
2024-04-11,09:00,104.97,28.26,19.77,14.16,76.69
2024-04-11,10:00,111.16,52.18,100.74,3.88,59.67
2024-04-11,11:00,95.23,20.82,27.65,7.87,67.82
2024-04-11,12:00,106.49,13.1,89.24,13.83,61.1
2024-04-11,13:00,59.19,47.84,87.09,9.38,49
2024-04-11,14:00,99.69,58.03,51.37,5.23,49.87
2024-04-11,15:00,105.72,61.34,50.04,3.65,-0.27
2024-04-11,16:00,41.61,-5.4,-3.15,4.32,-14.92
2024-04-11,17:00,76.95,67.29,94.11,4.56,67.88
2024-04-11,18:00,39.35,0.01,4.03,10.06,37.9
2024-04-11,19:00,43.67,33.58,98.57,7.55,118.77
2024-04-11,20:00,138.51,20.56,166.14,12.29,92.71
2024-04-11,21:00,34.96,19.3,23.64,15.9,97.5
2024-04-11,22:00,98.54,44.57,143.47,22.83,89.11
2024-04-11,23:00,134.9,42.04,166.55,21.22,78.61
2024-04-11,00:00,31.07,41.29,67.78,7.52,11.15
2024-04-12,01:00,118.71,53.5,-9.77,2.58,22.41
2024-04-12,02:00,12.82,31.03,58.85,6.53,-7.09
2024-04-12,03:00,104.14,15.59,133.68,14.29,-12.87
2024-04-12,04:00,81.68,0.85,-13.82,0.55,73.88
2024-04-12,05:00,-13.72,22.25,55.61,2.01,50.51
2024-04-12,06:00,10.71,0.51,149.07,15.52,99.33
2024-04-12,07:00,95.4,11.11,38.25,7.07,120.15
2024-04-12,08:00,97.95,56.84,117.18,11.11,98.87
2024-04-12,09:00,35.56,51.59,10.94,12.44,104.19
2024-04-12,10:00,40.22,20.85,95.04,15.28,66.05
2024-04-12,11:00,102.11,57.09,103.68,15.68,44.63
2024-04-12,12:00,36.55,25.08,10.73,5.63,12.15
2024-04-12,13:00,83.52,45.84,44.92,4.28,85.1
2024-04-12,14:00,37.44,48.51,-11.16,8.82,60.7
2024-04-12,15:00,-15.18,38.73,93.2,13.73,71.46
2024-04-12,16:00,7.42,23.34,79.37,-1.71,72.66
2024-04-12,17:00,30.65,54.21,91.44,14.24,80.8
2024-04-12,18:00,48.34,-0.81,51.5,5.61,94.2
2024-04-12,19:00,137.6,54.94,32.15,8.39,109.37
2024-04-12,20:00,93.3,71.99,43.55,7.6,28.86
2024-04-12,21:00,129.78,46.17,145.34,20.93,66.06
2024-04-12,22:00,22.83,39.19,172.4,6.43,27.31
2024-04-12,23:00,12.15,20.79,85.1,19.04,81.98
2024-04-12,00:00,130.45,35.63,167.87,2.18,32.25
2024-04-13,01:00,84.64,26.63,82.44,15.63,14.41
2024-04-13,02:00,32.3,17.8,78.75,14.52,2.26
2024-04-13,03:00,50.12,48.31,47.72,6.24,99.62
2024-04-13,04:00,10.44,37.71,83.63,13.73,22.37
2024-04-13,05:00,85.48,16.04,95.27,15.46,29.9
2024-04-13,06:00,47.29,4.03,69.11,7.73,4.34
2024-04-13,07:00,45.46,22.7,61.84,9.44,97.04
2024-04-13,08:00,125.38,33.18,50.79,6.98,75.38
2024-04-13,09:00,79.79,66.35,44.13,14.15,106.02
2024-04-13,10:00,20.28,16.87,93.11,4.13,115.36
2024-04-13,11:00,93.23,35.8,10.43,2.07,23.4
2024-04-13,12:00,56.53,-4.46,117.22,7.88,83.03
2024-04-13,13:00,58.78,13,9.45,11.57,58.66
2024-04-13,14:00,76.96,3.23,48.14,3.75,44.56
2024-04-13,15:00,-3.07,18.76,115.14,11.95,50.08
2024-04-13,16:00,4.4,18.94,101.65,6.04,77.53
2024-04-13,17:00,14.77,57.61,82.65,2,1.64
2024-04-13,18:00,-12.2,-5.26,125.41,13.8,90.21
2024-04-13,19:00,34.86,-4.07,115.01,8.28,96.7
2024-04-13,20:00,52.51,-0.59,19.86,6.98,40.79
2024-04-13,21:00,99.33,68.19,30.05,6.59,40.16
2024-04-13,22:00,34.82,4.71,139.41,9.83,111.37
2024-04-13,23:00,106.56,36.91,87.56,16.12,23.32
2024-04-13,00:00,77.72,40.39,144.55,2.42,12.81
2024-04-14,01:00,12.95,3.32,85.31,12.95,-1.34
2024-04-14,02:00,98.1,59.79,118.22,4.01,82.35
2024-04-14,03:00,67.61,7.04,9.06,14.95,8.04
2024-04-14,04:00,13.42,36.66,53.74,6.42,33.02
2024-04-14,05:00,54.92,-4.63,128.02,6.71,75.43
2024-04-14,06:00,-9.17,61.91,75.62,14.51,7.87
2024-04-14,07:00,114.86,19.16,35.78,8.68,49.11
2024-04-14,08:00,-5.51,18.05,56.08,1.06,91.76
2024-04-14,09:00,15.69,35.62,85.76,18.07,56.71
2024-04-14,10:00,-2.65,62.32,30.86,8.63,105.36
2024-04-14,11:00,56.76,53.63,47.9,16.91,42.53
2024-04-14,12:00,-4.02,7.84,127.23,6.7,24.18
2024-04-14,13:00,-2.4,61.76,41.54,13.78,-2.09
2024-04-14,14:00,55.69,64.17,97.67,11.17,13.36
2024-04-14,15:00,92.28,34.59,55.97,8.59,47.94
2024-04-14,16:00,40.62,-10.45,86.55,0.22,17.42
2024-04-14,17:00,95.84,2.08,5.22,-0.23,35.43
2024-04-14,18:00,74.93,57.54,21.13,12.83,51.75
2024-04-14,19:00,1.06,21.53,87.85,17.02,56.9
2024-04-14,20:00,77.96,9.57,142.34,16.1,123.41
2024-04-14,21:00,72.91,59.22,131.58,10.91,87.26
2024-04-14,22:00,69.18,26.87,109.89,8.69,116.74
2024-04-14,23:00,12.67,29.85,27.26,14.97,57.46
2024-04-14,00:00,57.18,20.02,-7.89,9.66,105.13
2024-04-15,01:00,2.24,15.01,39.92,16.58,19.1
2024-04-15,02:00,82.32,52.71,31.02,14.17,38.65
2024-04-15,03:00,34.8,49.46,54,8.49,-23.17
2024-04-15,04:00,29.55,32.66,3.86,13.74,21.76
2024-04-15,05:00,69.39,12.78,31.95,5.18,87.59
2024-04-15,06:00,28.78,49.46,40.13,11.31,92.62
2024-04-15,07:00,32.52,22.53,115.47,12.92,94.04
2024-04-15,08:00,142.51,59.22,168.4,23.52,45.42
2024-04-15,09:00,82.11,0.43,76.1,20.33,72.04
2024-04-15,10:00,67.31,31.86,114.36,9.7,74.52
2024-04-15,11:00,3.43,26.71,-11.39,9.52,16.63
2024-04-15,12:00,126.21,51.47,3.88,12.62,39.13
2024-04-15,13:00,96.96,31.6,43.16,1.65,-8.77
2024-04-15,14:00,-15.78,13.4,-12.09,16.71,37.35
2024-04-15,15:00,52.84,40.42,67.24,6.61,94.05
2024-04-15,16:00,9.38,48.31,5.87,6.35,9.97
2024-04-15,17:00,-3.04,41.47,111.27,-0.45,76.33
2024-04-15,18:00,52.46,46.66,157.47,13.03,71.25
2024-04-15,19:00,81.72,63.99,1.09,4.7,54.82
2024-04-15,20:00,45.67,49.36,50.17,16.52,45.97
2024-04-15,21:00,82.15,24.11,150.73,11.92,84.17
2024-04-15,22:00,21.86,22.7,44.84,18.06,114.48
2024-04-15,23:00,17.77,59.38,168.39,22.23,24.13
2024-04-15,00:00,58.24,8.21,55.15,8.26,13.02
2024-04-16,01:00,-11.85,10.17,147.66,-0.65,85.47
2024-04-16,02:00,54.1,34.84,54.73,5.78,95.17
2024-04-16,03:00,82.98,30.76,96.39,14.16,83.92
2024-04-16,04:00,35.3,43.07,50.03,4.23,-7.78
2024-04-16,05:00,-9.31,-6.69,-7.57,8.63,87.92
2024-04-16,06:00,-15.26,-5.65,94.81,4.51,37.88
2024-04-16,07:00,123.3,30.03,155.78,19.59,71.64
2024-04-16,08:00,26.64,12.86,60.48,23.34,82.29
2024-04-16,09:00,119.63,25.43,170.24,9.71,23.9
2024-04-16,10:00,101.97,21.22,67.25,6.4,100.96
2024-04-16,11:00,57.73,5.36,113.39,11.16,70.09
2024-04-16,12:00,58.84,-2.48,13.84,10.15,18.6
2024-04-16,13:00,29.14,28.77,147.38,14.08,49.22
2024-04-16,14:00,0.39,13.53,35.03,15.07,17.08
2024-04-16,15:00,37.89,22.69,14.5,-2.72,-7.05
2024-04-16,16:00,-4.53,29.22,61.26,9.82,47.02
2024-04-16,17:00,43.07,4.12,47.05,11.39,47.7
2024-04-16,18:00,105.79,32.8,26.37,10.84,27.02
2024-04-16,19:00,109.43,52.27,-22.57,18.6,36.16
2024-04-16,20:00,24.1,33.43,49.83,16.67,33.3
2024-04-16,21:00,58.88,4.32,159.97,22.39,108.55
2024-04-16,22:00,36.34,25.07,124.33,23.49,95.65
2024-04-16,23:00,53.77,32.39,90.09,12.73,50.04
2024-04-16,00:00,76.58,40.52,130.64,3.74,35.54
2024-04-17,01:00,22.63,50.83,12.42,8.32,20.94
2024-04-17,02:00,58.93,51.84,74.9,16.15,20.44
2024-04-17,03:00,-14.14,3.94,13.57,3.84,-5.06
2024-04-17,04:00,-21.79,37.44,116.87,15.95,66.38
2024-04-17,05:00,98.27,-11.98,138.24,14.31,-3.96
2024-04-17,06:00,108.44,28.02,1.17,5.15,88.44
2024-04-17,07:00,61.35,70.83,1.32,18.26,111.9
2024-04-17,08:00,30.45,28.78,91.3,9.83,58.41
2024-04-17,09:00,23.42,23.75,93.81,7.47,52.42
2024-04-17,10:00,126.2,19.03,37.91,4.45,14.28
2024-04-17,11:00,23.12,56.52,133.02,7.9,86.67
2024-04-17,12:00,115.82,48.76,61.21,3.13,89.65
2024-04-17,13:00,44.66,-12.46,24.38,3.7,91.25
2024-04-17,14:00,112.87,52.38,77.23,1.26,-12.6
2024-04-17,15:00,-16.56,51.25,34.92,1.86,67.79
2024-04-17,16:00,46.75,38.03,21.2,-0.1,79.88
2024-04-17,17:00,106.1,32.91,89.61,14.28,57.6
2024-04-17,18:00,7.59,-3.96,36.29,-0.31,48.1
2024-04-17,19:00,103.43,17.07,55.83,10.97,81.91
2024-04-17,20:00,88.08,42.57,136.8,3.68,35.39
2024-04-17,21:00,165.37,19.48,147.25,5.99,67.54
2024-04-17,22:00,135.56,39.43,61.07,6.69,55.82
2024-04-17,23:00,89.77,68.53,156.43,4.98,15.82
2024-04-17,00:00,99.33,48.02,96.95,15.54,10.3
2024-04-18,01:00,49.58,39.39,55.97,15.67,91.45
2024-04-18,02:00,15.61,-5.37,20.91,6.1,35.82
2024-04-18,03:00,36.98,42.72,145.92,1.56,-4.43
2024-04-18,04:00,-21.71,14.82,60.48,0.21,1.17
2024-04-18,05:00,84.64,47.54,149.65,14.44,78.91
2024-04-18,06:00,61.3,9.34,22.44,-1.26,68.75
2024-04-18,07:00,57.08,1.46,123.43,16.33,27.57
2024-04-18,08:00,21.22,76.37,171.4,25.62,60.25
2024-04-18,09:00,100.95,69.5,44.53,9.76,12.1
2024-04-18,10:00,58.8,45.22,-3.78,15.47,-0.7
2024-04-18,11:00,95.88,57.1,94.48,11.11,-2.17
2024-04-18,12:00,13.93,21.28,1.68,11.6,49.8
2024-04-18,13:00,105.33,55.03,82.51,4.14,-8.35
2024-04-18,14:00,-14.1,4.85,-6.07,0.57,21.6
2024-04-18,15:00,31.88,-10.65,53.73,3.81,45.87
2024-04-18,16:00,102.97,-12.39,28.11,4.69,41.6
2024-04-18,17:00,-17.82,46.64,-33.51,6.19,75.4
2024-04-18,18:00,55.77,60.57,74.04,7.6,38.5
2024-04-18,19:00,135.13,60.54,58.94,3.47,9.84
2024-04-18,20:00,37.95,31.27,-5.15,18.79,24.39
2024-04-18,21:00,39.25,65.69,133.16,7.77,19.07
2024-04-18,22:00,117.12,16.29,92.15,11.11,46.9
2024-04-18,23:00,101.72,68.55,161.61,15.3,32.4
2024-04-18,00:00,139.76,44.38,15.69,3.91,2.14
2024-04-19,01:00,3.63,28.23,41.89,1.1,18.85
2024-04-19,02:00,12.2,11.4,107.2,7.58,95.16
2024-04-19,03:00,104.97,48.96,107.59,-1.17,61.86
2024-04-19,04:00,-26.17,35.69,70.47,5.65,92.56
2024-04-19,05:00,-0.22,33.1,111.99,5.57,13.37
2024-04-19,06:00,93.62,52.72,36.77,14.95,74.14
2024-04-19,07:00,100.5,45.58,13.69,7.38,58.94
2024-04-19,08:00,64.95,6.3,122.5,16.69,39.4
2024-04-19,09:00,143.92,0.36,87.51,8.09,30.03
2024-04-19,10:00,130.03,55.23,151.69,2.47,59.76
2024-04-19,11:00,-4.22,16.23,-5.83,6.6,66.9
2024-04-19,12:00,114.04,10.43,57.94,8.1,83.44
2024-04-19,13:00,114.78,33.56,51.32,8.86,39.78
2024-04-19,14:00,117.47,31.21,127.58,10.63,42.8
2024-04-19,15:00,39.83,-12.83,1.34,8.79,85.43
2024-04-19,16:00,33.26,-13,-3.99,9.54,64.03
2024-04-19,17:00,-16.97,0.76,-16.17,-1.6,94.66
2024-04-19,18:00,41.55,4.57,-35.17,0.39,46.89
2024-04-19,19:00,-2.45,64.77,8.99,15.08,5.23
2024-04-19,20:00,99.17,66.02,8.26,12.97,41.87
2024-04-19,21:00,70.34,13.93,88.7,18.83,94.13
2024-04-19,22:00,33.62,18.15,120.97,2.76,47.81
2024-04-19,23:00,86.78,41.84,45.09,13.26,41.97
2024-04-19,00:00,126.37,50.12,122.92,10.7,8.33
2024-04-20,01:00,23.92,26.52,35.02,15.8,54.36
2024-04-20,02:00,62.31,34.53,71.88,15.21,11.71
2024-04-20,03:00,-20.78,0.14,100.31,2.57,-3.16
2024-04-20,04:00,100.27,-8.59,113.18,1.02,-19.52
2024-04-20,05:00,74.07,52.27,5.94,12.9,46.7
2024-04-20,06:00,98.64,27.17,-37.99,14.07,66.52
2024-04-20,07:00,71.01,60.49,-14.46,13.9,-8.44
2024-04-20,08:00,64.87,10.79,-16.01,16.44,-2.68
2024-04-20,09:00,121.87,57.11,-26.19,11.21,37.63
2024-04-20,10:00,75.87,5.45,83.16,15.93,94.67
2024-04-20,11:00,13.51,53.03,95.97,8.43,10.92
2024-04-20,12:00,96.9,46.77,122.8,4.04,83
2024-04-20,13:00,63.71,42.17,1.57,11.23,24.17
2024-04-20,14:00,61.53,-5.82,22.18,1.68,2.66
2024-04-20,15:00,42.39,-0.52,122.79,17.76,6.67
2024-04-20,16:00,90.81,55.71,134.74,17.63,98.11
2024-04-20,17:00,42.27,34.64,75.03,15.26,24.33
2024-04-20,18:00,16.24,-6.73,49.5,2.13,33.68
2024-04-20,19:00,100.74,59.12,11.96,14.89,53.48
2024-04-20,20:00,148.25,29.99,140.84,6.68,50.2
2024-04-20,21:00,52.96,56.45,111.14,12.74,44.9
2024-04-20,22:00,83.88,43.96,174.18,19.16,91.95
2024-04-20,23:00,75.17,68.07,129.87,16.62,58.98
2024-04-20,00:00,34.91,17.74,79.28,7.1,49.34
2024-04-21,01:00,125.53,24.68,143.64,4.84,7.91
2024-04-21,02:00,50.39,41.69,66.64,12.05,1.63
2024-04-21,03:00,54.49,-16.12,114.07,-1.45,2.24
2024-04-21,04:00,63.27,26.28,11.4,2.67,92.57
2024-04-21,05:00,15.34,41.78,13.09,10.77,29.55
2024-04-21,06:00,53.16,-9.13,132.69,-0.9,29.26
2024-04-21,07:00,55.68,54.6,33.55,8.14,-21.35
2024-04-21,08:00,29.7,52.83,36.29,-1.52,5.56
2024-04-21,09:00,30.42,3.79,13.21,0.85,17.98
2024-04-21,10:00,88.33,33.21,132.4,7.77,21.77
2024-04-21,11:00,113.5,8.12,125.97,4.55,105.89
2024-04-21,12:00,-6.51,17.9,10.73,8.77,86.76
2024-04-21,13:00,128.31,-1.68,87.03,15.46,56.01
2024-04-21,14:00,73.19,65.88,102.55,5.98,93.62
2024-04-21,15:00,35.8,-4.91,44.46,10.6,4.22
2024-04-21,16:00,-13.63,4.06,15.78,14.83,28.67
2024-04-21,17:00,-13.68,41.58,23.05,6.04,-2.3
2024-04-21,18:00,117.35,21.05,118.77,11.41,61.66
2024-04-21,19:00,78.85,4.16,42.6,7.16,48.26
2024-04-21,20:00,34.23,41.42,21.03,6.31,114.73
2024-04-21,21:00,155.64,74.37,67.87,9.14,129.46
2024-04-21,22:00,52.86,6.06,71.98,8.94,88.01
2024-04-21,23:00,16.93,45.51,2.92,14.93,107.91
2024-04-21,00:00,114.91,46.94,107.87,16.94,23.17
2024-04-22,01:00,37.72,41.51,141.98,10.36,76.22
2024-04-22,02:00,25.61,-5.51,90.87,8.92,-11.08
2024-04-22,03:00,64.33,4.09,0.81,2.86,27.93
2024-04-22,04:00,42.04,-10.08,21.57,11.05,61.94
2024-04-22,05:00,104.03,-0.84,-23.09,3.31,-10.07
2024-04-22,06:00,114.96,5.73,23.9,6.56,-6.09
2024-04-22,07:00,133.79,32.01,42,15.83,17.03
2024-04-22,08:00,41.35,21.54,149.41,14.89,108.99
2024-04-22,09:00,121.47,56.41,17.04,15.73,45.74
2024-04-22,10:00,38.89,15.36,8.52,17.78,22.59
2024-04-22,11:00,-5.08,64.42,75.06,12.4,51.58
2024-04-22,12:00,-11.44,14.52,90.34,6.35,22.38
2024-04-22,13:00,111.31,34.4,87.41,3.88,21.79
2024-04-22,14:00,111.76,29.94,102.58,13.8,90.2
2024-04-22,15:00,1.14,26.49,51.95,2.01,90.17
2024-04-22,16:00,45.14,50.81,121.06,4.12,49.93
2024-04-22,17:00,-10.77,-7.89,49.48,3.59,63.83
2024-04-22,18:00,59.33,9.46,60.92,4.42,46.94
2024-04-22,19:00,93.04,4.87,86.77,9.26,80.3
2024-04-22,20:00,94.03,37.02,5.62,8.63,92.25
2024-04-22,21:00,91.88,49.51,80.37,18.42,121.51
2024-04-22,22:00,99.24,66.04,91.76,16.08,69.72
2024-04-22,23:00,87.04,21.66,162.4,12.26,119.97
2024-04-22,00:00,53.42,27.27,-6.62,12.01,113.2
2024-04-23,01:00,-7.85,44.35,-12.74,3.76,4.83
2024-04-23,02:00,108.76,42.38,-16.22,-1.81,77.65
2024-04-23,03:00,103.65,15.55,70.38,12.3,69.98
2024-04-23,04:00,-29.99,35.44,34,-0.39,-14.82
2024-04-23,05:00,4.76,-3.53,-23.13,7.88,-18.57
2024-04-23,06:00,-18.17,19.24,6,13.36,28.86
2024-04-23,07:00,133.99,4.73,71.93,10.88,65.91
2024-04-23,08:00,16.16,61.62,150.38,10.5,92.92
2024-04-23,09:00,123.71,72.43,15.2,20.34,16.6
2024-04-23,10:00,103.62,22.17,131.64,1.23,90.39
2024-04-23,11:00,2.72,44.94,96.36,-0.07,59.21
2024-04-23,12:00,21.5,51.19,50.53,4.33,36.41
2024-04-23,13:00,-13.69,7.22,45.3,7.54,76.49
2024-04-23,14:00,-14.7,20.45,123.36,10.26,69.23
2024-04-23,15:00,2.52,6.35,70.43,14.43,24.7
2024-04-23,16:00,93.35,16.25,72.37,8.61,-16.42
2024-04-23,17:00,-15.64,18.65,46.62,13.74,-5.51
2024-04-23,18:00,-18.57,60.14,13.22,10.92,63.07
2024-04-23,19:00,48.55,11.75,108.08,12.1,66.86
2024-04-23,20:00,101.3,70.83,110.72,8.78,35.7
2024-04-23,21:00,74.2,74.95,132.51,21.62,107.76
2024-04-23,22:00,94.26,81.31,29.42,9.68,44.87
2024-04-23,23:00,134.71,47.26,19.38,0,83.91
2024-04-23,00:00,42.73,68.84,87.33,0,14.89
2024-04-24,01:00,-11.02,12.32,22.79,0,27.04
2024-04-24,02:00,-2.36,30.45,26.15,0,39.53
2024-04-24,03:00,87.73,22.54,38.22,0,17.8
2024-04-24,04:00,-25.72,9.05,18.27,21.61,7.6
2024-04-24,05:00,-15.98,12.34,109.13,11.26,49.94
2024-04-24,06:00,116.55,43.45,56.16,12.14,-2.86
2024-04-24,07:00,86.85,42.96,74.37,12.94,57.52
2024-04-24,08:00,104.8,70.17,134.23,19.41,100.26
2024-04-24,09:00,54.61,45.76,134.89,6.61,36.53
2024-04-24,10:00,102.66,35.24,87.01,16.59,33.21
2024-04-24,11:00,5.54,14.65,62.14,-0.16,56.24
2024-04-24,12:00,66.31,47.58,150.53,3.89,9.29
2024-04-24,13:00,103.57,30.47,142.16,7.06,70.66
2024-04-24,14:00,64.6,23.38,16.99,4.65,-5.28
2024-04-24,15:00,16.3,-5.84,33.04,-0.78,16.31
2024-04-24,16:00,99.96,12.69,151.07,-0.36,69.78
2024-04-24,17:00,1.19,59.05,25.07,-0.49,10.17
2024-04-24,18:00,26.61,-2.22,124.62,10.73,42.5
2024-04-24,19:00,78.71,36.91,15.68,17.13,35.61
2024-04-24,20:00,8.46,12.46,116.55,14.02,98.59
2024-04-24,21:00,117.77,43.76,-0.9,20.27,28.05
2024-04-24,22:00,35.23,41.16,34.13,11.87,65.3
2024-04-24,23:00,119.94,49.67,97.97,20.5,38.18
2024-04-24,00:00,122.75,14.9,105.03,9.96,105.13
2024-04-25,01:00,44.62,8.82,119.16,0.44,13.99
2024-04-25,02:00,15.15,22.56,24.17,5.07,42.9
2024-04-25,03:00,20.26,-10.73,85.02,8.89,81.36
2024-04-25,04:00,73.32,53.87,54.07,12.46,84.46
2024-04-25,05:00,107.52,55.96,51.4,1.56,-7.85
2024-04-25,06:00,96.2,46.14,63.56,8.59,29.12
2024-04-25,07:00,107.46,16.16,108.9,4.18,23.09
2024-04-25,08:00,132.43,63.34,189.3,22.24,112.99
2024-04-25,09:00,11.53,23.29,10.3,4.11,17.47
2024-04-25,10:00,26.04,2.82,17.53,2.7,25.92
2024-04-25,11:00,47.88,-7.05,28.84,10.55,93.29
2024-04-25,12:00,50.13,44.06,0.45,4.77,60.63
2024-04-25,13:00,65.61,-4.11,77.25,9.85,15.86
2024-04-25,14:00,32,46.21,67.91,3.16,22.86
2024-04-25,15:00,-13,1.62,60.94,11.1,79.12
2024-04-25,16:00,61.46,51.91,61.35,6.83,-1.54
2024-04-25,17:00,49.65,50.42,-10.68,13.23,85.71
2024-04-25,18:00,121.36,34.06,22.33,9.75,72.18
2024-04-25,19:00,119.56,50.14,40.15,6.72,104.43
2024-04-25,20:00,38.42,24.04,125.39,9.2,103.58
2024-04-25,21:00,47.17,35.9,187.22,21.08,116.21
2024-04-25,22:00,67.06,10.76,79.83,15.22,97.26
2024-04-25,23:00,142.26,67.13,36.06,7.08,117.26
2024-04-25,00:00,32.38,-1.39,161.18,12.29,16.89
2024-04-26,01:00,118.68,48.78,92.38,11.44,89.24
2024-04-26,02:00,23.26,61.57,119.86,2.65,63.55
2024-04-26,03:00,-10.28,20.67,138.79,9.93,-9.32
2024-04-26,04:00,45.64,19.46,-23.95,1.6,72.97
2024-04-26,05:00,21.51,27.66,-9.5,5.33,46.19
2024-04-26,06:00,54.8,10.64,147.74,0.45,70.89
2024-04-26,07:00,7.65,36.92,-15.3,7.28,44.69
2024-04-26,08:00,112.87,57.49,45.93,16.86,38.12
2024-04-26,09:00,15.2,20.21,139.04,16.3,69.95
2024-04-26,10:00,72.77,17.59,20.61,8.14,12.82
2024-04-26,11:00,11.7,-6.33,76.05,4.74,55.71
2024-04-26,12:00,63.26,26,115.83,6.01,48.58
2024-04-26,13:00,62.92,53.12,56.69,10.88,-14.31
2024-04-26,14:00,3.74,29.48,39.87,1.81,36.56
2024-04-26,15:00,-17.48,-10.56,50.47,0.93,54.82
2024-04-26,16:00,34.59,51.12,46.54,10.93,71.72
2024-04-26,17:00,103.7,26.9,111.96,6.98,29.25
2024-04-26,18:00,27.82,-7.15,102.6,12.9,47.6
2024-04-26,19:00,7.24,-3.01,52.01,0.21,39.12
2024-04-26,20:00,36.33,63.47,27.14,7.15,31.6
2024-04-26,21:00,65.46,31.42,-4.08,15.72,110.11
2024-04-26,22:00,19.13,73.4,83.08,7.09,92.96
2024-04-26,23:00,103.12,45.36,80.4,10.08,106.97
2024-04-26,00:00,20.47,36.51,-14.82,7.44,54.54
2024-04-27,01:00,97.96,58.42,139.33,3.83,5.7
2024-04-27,02:00,66.9,47.52,12.76,12.3,31.95
2024-04-27,03:00,87.84,26.45,-21.41,5.34,36.69
2024-04-27,04:00,42.4,41.01,-23.47,11.61,-10.4
2024-04-27,05:00,-28.29,46.33,82.3,3.71,-16.82
2024-04-27,06:00,89.62,54.5,-12.54,-0.81,3.08
2024-04-27,07:00,-17.67,56.59,70.62,12.84,3.88
2024-04-27,08:00,4.29,30.6,151.98,10.29,99.04
2024-04-27,09:00,73.31,60.74,150.19,3.49,115.52
2024-04-27,10:00,56.74,56.48,72.92,14.2,83.71
2024-04-27,11:00,21.47,41.89,3.09,18.4,59.06
2024-04-27,12:00,74.36,2.52,124.97,6.11,21.26
2024-04-27,13:00,114.8,23.36,90.62,13.76,97.61
2024-04-27,14:00,45.96,-13.98,-10.35,6.37,99.49
2024-04-27,15:00,85.03,28.08,14.04,-0.48,-10.04
2024-04-27,16:00,56.62,23.76,98.27,5.6,73.4
2024-04-27,17:00,122.63,38.51,-33.36,0.7,-3.64
2024-04-27,18:00,36.57,57.13,41.33,2.47,8.98
2024-04-27,19:00,100.96,48.81,49.2,11.76,97.1
2024-04-27,20:00,94.12,46.19,67.61,2.1,1.85
2024-04-27,21:00,42.56,29.44,100.4,4.9,41.2
2024-04-27,22:00,134.04,7.82,139.49,17.62,39.9
2024-04-27,23:00,41.62,4.2,91.99,17.33,61.83
2024-04-27,00:00,127.24,34.15,-14.38,4.13,89.01
2024-04-28,01:00,114.55,27.51,50.66,4.05,56.34
2024-04-28,02:00,82.16,10.9,5.22,10.55,11.6
2024-04-28,03:00,17.91,36.84,91.06,-0.41,9.96
2024-04-28,04:00,52.73,3.48,66.13,-0.71,-5.35
2024-04-28,05:00,-0.77,-13.91,-4.1,11.01,59.2
2024-04-28,06:00,-6.92,30.24,42.12,6.81,-6.61
2024-04-28,07:00,-19.29,45.39,14.62,15.25,2.48
2024-04-28,08:00,82.46,-1.39,-1.55,5.82,45.61
2024-04-28,09:00,52.63,19.53,118.2,16.45,60.8
2024-04-28,10:00,114.85,29.42,-0.7,12.7,82.77
2024-04-28,11:00,93.08,16.8,99.51,14.12,14.78
2024-04-28,12:00,40.08,19.83,52.68,4.19,16.29
2024-04-28,13:00,68.59,19.5,96.54,7.16,98.22
2024-04-28,14:00,41.07,3.23,-0.28,15.39,48.56
2024-04-28,15:00,1.02,8.15,-2.7,4.65,92.51
2024-04-28,16:00,3.58,53.38,133.44,10.23,90.34
2024-04-28,17:00,73.82,51.57,69.44,7.72,13.41
2024-04-28,18:00,10.23,12.57,25.45,-0.66,98.7
2024-04-28,19:00,6.39,37.88,13.73,7.94,59.67
2024-04-28,20:00,63.39,32.84,73.82,15.84,103.48
2024-04-28,21:00,132.13,5.25,101.79,18.97,93.2
2024-04-28,22:00,104.03,54.42,49.44,15.93,34.2
2024-04-28,23:00,18.78,0.41,8.43,17.84,100.85
2024-04-28,00:00,84.51,64.32,35.94,5.22,56
2024-04-29,01:00,65.98,45.74,102.46,12.65,-3
2024-04-29,02:00,12.01,-7.64,123.8,6.53,62.53
2024-04-29,03:00,37.51,6.23,26.17,-0.48,40.26
2024-04-29,04:00,79.74,3.18,27,4.89,84.33
2024-04-29,05:00,90.04,-5.16,20.43,2.75,88.76
2024-04-29,06:00,-14.17,-9.48,74.53,5.31,19.9
2024-04-29,07:00,53.61,10.66,126.74,11.63,79.29
2024-04-29,08:00,117.39,10.56,21.54,15.86,85.94
2024-04-29,09:00,103.92,39.26,62.58,19.42,41.29
2024-04-29,10:00,25.49,55.87,35.4,12.25,102.98
2024-04-29,11:00,3.01,18.88,39.87,9.64,19.79
2024-04-29,12:00,46.04,4.07,-21.82,2.2,96.23
2024-04-29,13:00,115.44,3.57,84.11,6.29,33.8
2024-04-29,14:00,124.67,49.77,-4.38,11.92,29.6
2024-04-29,15:00,88.62,-4.31,119,9.6,73.63
2024-04-29,16:00,-12.61,1.7,95.29,1.26,58.6
2024-04-29,17:00,107.09,3.83,-29.75,8.69,-12.08
2024-04-29,18:00,119.6,-3.53,74.26,17,82.15
2024-04-29,19:00,26,19.94,133.17,14.23,69.64
2024-04-29,20:00,140.35,64.02,48.41,24.2,32.61
2024-04-29,21:00,49.32,32.9,19.9,13.99,101.49
2024-04-29,22:00,140.3,71.92,29.87,22.04,94.12
2024-04-29,23:00,109.98,17.33,157.71,26.16,47.85
2024-04-29,00:00,110,60.05,162.17,10.52,88.04
2024-04-30,01:00,54.79,54.69,-10.91,12.69,-10.53
2024-04-30,02:00,85.91,-7.89,0.45,14.23,14.26
2024-04-30,03:00,71.33,46.28,63.81,-2.31,56.67
2024-04-30,04:00,74.38,33.81,22.61,2.73,48.51
2024-04-30,05:00,79.39,-8.19,-23.25,5.34,48.9
2024-04-30,06:00,100.17,-10.1,136.02,9,70.51
2024-04-30,07:00,86.54,15.78,48.3,12.05,108.3
2024-04-30,08:00,138.04,55.64,94.72,15.11,134.7
2024-04-30,09:00,86.85,34.21,27.13,11.51,89.36
2024-04-30,10:00,97.18,48.28,11.6,7.63,0.83
2024-04-30,11:00,22.22,14.32,-3.13,6.92,71.01
2024-04-30,12:00,-5.32,54.19,132.19,2.68,-9.34
2024-04-30,13:00,68.22,-4.58,50.65,13.07,37.38
2024-04-30,14:00,86.16,-10.59,-20.74,-1.06,33.37
2024-04-30,15:00,49.34,33.1,-4.52,12.44,96.42
2024-04-30,16:00,71.29,54.29,44.49,14.94,23.69
2024-04-30,17:00,-10.46,26.43,103.63,8.42,23.89
2024-04-30,18:00,22.07,12.99,136.48,8.36,0.46
2024-04-30,19:00,30.43,43.21,47.56,8.62,2.13
2024-04-30,20:00,131.56,64.99,96.99,7.98,94.02
2024-04-30,21:00,26.13,30.39,59.08,4.7,117.56
2024-04-30,22:00,6.48,70.62,13.28,18.64,92.89
2024-04-30,23:00,52.66,55.01,92.24,20.95,9.91
2024-04-30,00:00,65.21,44.43,59.73,18.15,26.58
2024-05-01,01:00,35.36,-4.19,119.44,1.43,30.44
2024-05-01,02:00,107.19,-0.08,133.05,5.41,74.45
2024-05-01,03:00,89.51,-1.17,22.34,-2.15,-20.01
2024-05-01,04:00,97.75,46.01,34.76,6.61,29.83
2024-05-01,05:00,105.27,14.91,137.15,-1.57,80
2024-05-01,06:00,-29.06,51.79,52.7,5.94,58.05
2024-05-01,07:00,9.97,-1.63,128.73,4.71,-0.48
2024-05-01,08:00,27.27,6.36,45.11,16.1,53.89
2024-05-01,09:00,33.99,15.84,52.67,17.2,89.59
2024-05-01,10:00,22.84,6.25,37.74,5.17,75.97
2024-05-01,11:00,-9.83,30.71,126.45,2.3,58.19
2024-05-01,12:00,3.13,11.19,112.57,7.5,27.99
2024-05-01,13:00,118.49,22.65,84.89,16.38,16.25
2024-05-01,14:00,103.45,46.46,66.73,12.36,75.64
2024-05-01,15:00,42.27,-9.91,119.96,6.84,55.83
2024-05-01,16:00,56.8,55.97,25.96,15.25,23.43
2024-05-01,17:00,30.74,41.86,137.82,3.06,39.04
2024-05-01,18:00,10.23,18.6,-17.26,16.69,34.68
2024-05-01,19:00,29.83,42.59,9.57,12.73,105.55
2024-05-01,20:00,95.34,0.55,85.85,6.71,81.59
2024-05-01,21:00,67.42,21.78,154.23,21.56,15.01
2024-05-01,22:00,16.46,52.83,70.45,9.63,124.12
2024-05-01,23:00,28.09,53.31,47.11,8.18,25.86
2024-05-01,00:00,92.98,31.22,115.43,5.48,17.14
2024-05-02,01:00,106.43,213.27,96.58,1.89,28.26
2024-05-02,02:00,77.27,-11.48,-22.32,6.69,2.08
2024-05-02,03:00,30.5,39.4,115.03,2.59,-23.89
2024-05-02,04:00,78.98,50.73,1.83,-3.66,8.19
2024-05-02,05:00,74.78,-13.16,-31,7.79,2.28
2024-05-02,06:00,67.79,12,62.77,-0.36,86.16
2024-05-02,07:00,73.43,2.46,115.33,7.78,22.38
2024-05-02,08:00,118.61,61.35,17.52,22.78,104.4
2024-05-02,09:00,138.22,25.91,147.61,10.17,33.66
2024-05-02,10:00,0.45,-8.76,55.75,2.11,72.23
2024-05-02,11:00,75.57,45.13,109.67,5.13,-10.61
2024-05-02,12:00,62.99,14.54,28.37,4.26,25.73
2024-05-02,13:00,81.76,-4.24,5.73,11.64,92.57
2024-05-02,14:00,84.57,41.25,-6.09,-2.46,22.56
2024-05-02,15:00,46.58,16.83,116.06,-3.01,33.13
2024-05-02,16:00,34.28,-6.47,59.07,-1.74,53.03
2024-05-02,17:00,111.62,51.92,-22.38,-1.43,49.4
2024-05-02,18:00,76.41,2.59,-11.33,10.39,15.51
2024-05-02,19:00,24.09,39.58,120.3,4.33,68.03
2024-05-02,20:00,0.95,21.36,97.37,9.02,59.81
2024-05-02,21:00,145.24,71.86,43.19,15.84,64.42
2024-05-02,22:00,48.53,45.05,117,11.25,115.15
2024-05-02,23:00,21.18,15.6,87.42,6.62,41.31
2024-05-02,00:00,51.4,7.09,151.08,4.76,45.84
2024-05-03,01:00,80.48,-13.66,130.74,10.84,0.63
2024-05-03,02:00,84.5,1.25,41.8,12.66,-13.75
2024-05-03,03:00,25.7,16.93,131.25,0.3,-5.63
2024-05-03,04:00,-26.69,49.9,90.32,11.88,48.68
2024-05-03,05:00,-7.16,39.58,-12.36,11.96,54.85
2024-05-03,06:00,71.42,-5.46,131.8,10.14,14.75
2024-05-03,07:00,28.52,24.03,-3.46,11,2.96
2024-05-03,08:00,16,36.55,65.85,26.13,82.94
2024-05-03,09:00,128.99,49.53,71.96,18.51,90.17
2024-05-03,10:00,89.5,-13.79,72.22,9.58,103.79
2024-05-03,11:00,18.35,-7.01,104.54,6.46,1.85
2024-05-03,12:00,-12.56,46.71,74.46,2.69,69.38
2024-05-03,13:00,46,-4.01,-4.46,8.57,52.27
2024-05-03,14:00,9.33,17.52,22.46,9.5,33.81
2024-05-03,15:00,-11.34,38.37,41.23,5.77,86.96
2024-05-03,16:00,110.96,29.05,104.13,14.42,77.08
2024-05-03,17:00,-12.14,18.88,141.66,4,92.66
2024-05-03,18:00,-17.22,55.73,146.38,4.08,48.22
2024-05-03,19:00,11.33,5.6,91.62,5.26,58.76
2024-05-03,20:00,135.47,-3.12,64.79,13.85,33.24
2024-05-03,21:00,78.04,0.75,7.69,9.85,39.99
2024-05-03,22:00,-1.43,21.52,123.91,7.17,48.91
2024-05-03,23:00,14.22,61.87,10.78,7.73,56.16
2024-05-03,00:00,126.43,3.37,-9.83,14.53,11.2
2024-05-04,01:00,108,57.6,102.36,5.38,22.04
2024-05-04,02:00,7.2,22.22,29.58,2.46,51.04
2024-05-04,03:00,16.7,-3.89,-37.63,5.16,78.65
2024-05-04,04:00,52.79,31.24,60.23,6.11,34.64
2024-05-04,05:00,-22.61,-13.37,73.1,5.64,76.52
2024-05-04,06:00,-8.84,30.67,108.7,10.76,81.9
2024-05-04,07:00,101.3,31.98,42.29,5.33,53.14
2024-05-04,08:00,47.53,37.54,20.39,10.79,76.4
2024-05-04,09:00,75.44,-3.47,82.3,12.48,86.41
2024-05-04,10:00,-11.56,7.26,-6.07,18.2,41.62
2024-05-04,11:00,74.4,61.68,112.14,8.84,90.07
2024-05-04,12:00,125.43,24.9,130.96,9.85,68.21
2024-05-04,13:00,38.69,53.94,68.12,8.91,27.68
2024-05-04,14:00,93.12,0.06,66.01,-2.38,56.17
2024-05-04,15:00,111.82,-11.12,19.25,15.45,8.48
2024-05-04,16:00,48.15,45.28,67.16,12.43,38.48
2024-05-04,17:00,58.96,36.73,106.77,10.52,90.48
2024-05-04,18:00,21.94,27.66,109.31,6.8,94.44
2024-05-04,19:00,31.07,-4.57,-25.54,9.67,89.66
2024-05-04,20:00,34.55,-8.06,-3.03,17.95,26.79
2024-05-04,21:00,54.01,29.92,59.41,1.23,65.64
2024-05-04,22:00,12.4,-5.68,-17.85,15.26,107.54
2024-05-04,23:00,58.3,16.4,18.71,2.31,33.77
2024-05-04,00:00,0.72,51.35,8.3,13.39,66.72
2024-05-05,01:00,-7.5,23.76,5.35,9.26,78.91
2024-05-05,02:00,35.21,17.81,24.52,13.72,43.26
2024-05-05,03:00,82.45,13.04,-43.59,3.07,5.04
2024-05-05,04:00,87.22,36.3,3.59,4.82,60.65
2024-05-05,05:00,-32.21,21.74,72.84,2.71,47.1
2024-05-05,06:00,9.71,27.2,80.07,2.7,58.68
2024-05-05,07:00,-31.35,34.06,-5.88,12.22,67.04
2024-05-05,08:00,52.63,14.89,116.37,6.14,11.64
2024-05-05,09:00,91.88,38.18,100.76,2.48,40.99
2024-05-05,10:00,47.48,53.78,63.01,10.19,63.47
2024-05-05,11:00,26.61,25.55,106.89,5.96,83.97
2024-05-05,12:00,0.3,44.12,-28.36,16.03,71.65
2024-05-05,13:00,38.59,17.02,119.78,10.29,105.53
2024-05-05,14:00,21.16,38.9,115.46,11.63,21.48
2024-05-05,15:00,-11.51,21.08,-29.54,9.55,89.87
2024-05-05,16:00,-21.43,28.39,137.36,13.52,72.24
2024-05-05,17:00,10.83,27.09,105.28,6.25,56.09
2024-05-05,18:00,-10.61,9.96,-0.97,5.37,48.28
2024-05-05,19:00,87.94,17.79,-5.83,14.24,86.82
2024-05-05,20:00,83.57,52.42,78.71,10.68,77.72
2024-05-05,21:00,83.57,31.04,123.48,8.09,103.28
2024-05-05,22:00,37.54,54.05,150.17,4.29,84.58
2024-05-05,23:00,67.38,13.68,99.68,10.37,88.16
2024-05-05,00:00,-20.72,31.39,-7.57,0.09,62.51
2024-05-06,01:00,30.07,18.61,74.88,2.52,54.26
2024-05-06,02:00,17.23,10.11,55.29,11.55,39.45
2024-05-06,03:00,28.21,7.1,78.18,12.72,6.02
2024-05-06,04:00,-3.7,-1.81,114.91,-1.59,85.92
2024-05-06,05:00,24.94,26.38,81.83,9.23,18.65
2024-05-06,06:00,100.41,-11.23,22.96,2.04,-26.21
2024-05-06,07:00,51.49,17.93,89.8,2.38,34.66
2024-05-06,08:00,97.69,25.43,98.19,2.62,30.42
2024-05-06,09:00,88.28,2.57,-8.18,10.44,70.48
2024-05-06,10:00,72.34,-9.04,61.89,14.18,61.15
2024-05-06,11:00,63.77,28.5,137.06,6.18,113.24
2024-05-06,12:00,81.6,27.51,-2.41,4.72,83.05
2024-05-06,13:00,87.57,40.87,143.86,10.28,87.72
2024-05-06,14:00,96.68,36.7,84.44,-0.59,43.72
2024-05-06,15:00,-19.57,16.97,45.44,12.41,99.25
2024-05-06,16:00,15.92,44.81,27.39,6.17,1.95
2024-05-06,17:00,27.18,17.81,92.12,6.99,81.97
2024-05-06,18:00,35.45,-9.28,-17.02,16.13,58.37
2024-05-06,19:00,118.67,55.86,143.26,5.64,61.97
2024-05-06,20:00,81.11,25.95,-16.33,11.29,43.21
2024-05-06,21:00,136.49,65.78,155.24,21.42,72.68
2024-05-06,22:00,91,53.84,104.68,19.03,30.28
2024-05-06,23:00,58.69,31.19,-2.25,17.98,42.05
2024-05-06,00:00,65.86,24.64,59.28,13.73,60.51
2024-05-07,01:00,97.49,21.45,18.71,12.18,-0.55
2024-05-07,02:00,92.76,-6.38,79.94,-0.57,50.01
2024-05-07,03:00,27.11,36.92,-35.97,-2.71,45.98
2024-05-07,04:00,35.95,23.3,77.69,8.69,74.9
2024-05-07,05:00,75.58,-7.45,3.74,5.99,-8.69
2024-05-07,06:00,83.42,53.38,21.99,15.23,88.4
2024-05-07,07:00,81.48,24.96,-14.34,17.42,6.87
2024-05-07,08:00,65.74,48.38,43.24,23.75,109.19
2024-05-07,09:00,100.26,65.27,107.28,10.2,88
2024-05-07,10:00,59.38,16.7,-12.97,5.8,103.5
2024-05-07,11:00,48.35,49.28,92.53,13.79,66.4
2024-05-07,12:00,88.43,4.42,12.65,11.66,32.08
2024-05-07,13:00,0.14,7.6,133.38,15.65,67.52
2024-05-07,14:00,-4.73,56.14,-41.22,6.21,22.94
2024-05-07,15:00,7.21,20.62,36.91,13.24,77.91
2024-05-07,16:00,93.84,16.4,54.95,4.15,72.73
2024-05-07,17:00,51.72,-8.99,119.65,9.64,70.72
2024-05-07,18:00,105.69,35.07,57.01,5.18,11.92
2024-05-07,19:00,119.35,43.89,93.41,11.31,55.76
2024-05-07,20:00,146.25,16.52,9.62,9.56,117.84
2024-05-07,21:00,48.21,53.35,49.46,13.9,94.69
2024-05-07,22:00,33.98,16.88,39.79,8.96,82.12
2024-05-07,23:00,137.18,36.61,139.38,15.96,62.31
2024-05-07,00:00,6.46,52.23,55.9,4.5,14.54
2024-05-08,01:00,86.11,15.8,8.16,9.66,77.33
2024-05-08,02:00,88.64,10.99,87.16,12.35,38.26
2024-05-08,03:00,78.77,9.63,126.1,-2.56,82.64
2024-05-08,04:00,97.26,0.47,66.3,12.33,-16.39
2024-05-08,05:00,54.9,0.39,43.83,13.03,71.06
2024-05-08,06:00,49.49,-0.2,-18.62,14.46,-7.13
2024-05-08,07:00,92.89,57.1,-5.08,20.29,82.96
2024-05-08,08:00,112.38,78.06,21.08,19,108.75
2024-05-08,09:00,43.39,20.07,151.37,15.49,35.31
2024-05-08,10:00,39.45,21.47,100.89,7.76,44.81
2024-05-08,11:00,-20.72,7.21,121,2.4,16.87
2024-05-08,12:00,91.1,15.17,71.6,1.9,50.24
2024-05-08,13:00,-14.51,8.05,48.65,2.85,61.42
2024-05-08,14:00,86.49,5.52,-20.47,-2.09,81.75
2024-05-08,15:00,8.15,25.61,82.29,0.56,26.76
2024-05-08,16:00,14.08,43.89,-6.04,2.51,64.41
2024-05-08,17:00,25.61,32.42,14.58,11.92,12.83
2024-05-08,18:00,100.95,38.02,42.37,11.33,1.04
2024-05-08,19:00,50.54,65.13,20.65,4.13,111.72
2024-05-08,20:00,116.37,9.53,-18.55,5.02,73.39
2024-05-08,21:00,26.24,63.53,152.38,10.51,102.22
2024-05-08,22:00,132.22,53.78,55.95,19.75,93.88
2024-05-08,23:00,78.37,42.09,112.99,14.62,17.48
2024-05-08,00:00,121.64,18.23,14.5,10.31,24.98
2024-05-09,01:00,111.36,12.12,142.24,1.54,51.49
2024-05-09,02:00,-20.99,24.83,5.85,8.51,4.69
2024-05-09,03:00,-4,-4.57,50.12,9.13,72.45
2024-05-09,04:00,3.33,-5.36,28.77,13.38,85.97
2024-05-09,05:00,86.18,22.1,83.35,-0.61,8.34
2024-05-09,06:00,10.79,16.85,54.51,16.07,25.99
2024-05-09,07:00,29.91,3.43,58.59,3.87,79.16
2024-05-09,08:00,127.71,8.65,155,10.6,53.8
2024-05-09,09:00,104.56,4.79,28.87,6.09,115.84
2024-05-09,10:00,52.59,41.9,89.78,6.62,101.08
2024-05-09,11:00,-5.46,59.27,134.52,-0.17,11.05
2024-05-09,12:00,80.1,-5.42,4.96,0.45,-11.48
2024-05-09,13:00,45.4,2.87,35.74,15.7,46.64
2024-05-09,14:00,19.74,-1.11,51.5,3.36,68.47
2024-05-09,15:00,104.92,29.77,64.76,2.72,61.03
2024-05-09,16:00,6,53.04,64.88,3.61,22.37
2024-05-09,17:00,26.48,17.24,2.9,10.33,64.9
2024-05-09,18:00,116.91,-5.63,-29.88,2.12,86.85
2024-05-09,19:00,88.26,21.82,77.96,5.43,30.4
2024-05-09,20:00,143.84,10.18,11.93,6.1,102.04
2024-05-09,21:00,134.39,67.58,102.53,14.27,17.61
2024-05-09,22:00,22.62,64.18,17.52,8.2,99.59
2024-05-09,23:00,96.63,3.12,101.22,11.75,48.29
2024-05-09,00:00,88.66,30.57,24.53,15.03,45.12
2024-05-10,01:00,66.2,55.19,103.78,2.16,32.14
2024-05-10,02:00,-26.08,19.51,31.7,0.2,19.97
2024-05-10,03:00,64.6,0.45,124.15,9.84,34.15
2024-05-10,04:00,41.84,27.15,117.98,1.38,54.83
2024-05-10,05:00,57.04,11.35,-20,-0.53,79.51
2024-05-10,06:00,70.05,47.82,64.81,13.71,60.64
2024-05-10,07:00,11.76,56.66,72.22,15.03,18.92
2024-05-10,08:00,132.34,74.5,-6.05,12.48,118.2
2024-05-10,09:00,97.26,6.18,30.02,17.24,85.9
2024-05-10,10:00,24.86,-10.63,20.39,10.07,10.41
2024-05-10,11:00,34.46,43.95,148.83,13.38,24.6
2024-05-10,12:00,63.86,7.79,110.35,7.58,67.17
2024-05-10,13:00,44.75,54.16,95.85,17.18,82.71
2024-05-10,14:00,64.11,7.53,67,1.6,48.71
2024-05-10,15:00,62.59,38.54,73.84,1.39,78.92
2024-05-10,16:00,86.18,-10.77,121.25,8.66,22.33
2024-05-10,17:00,24.28,4,99.88,10.07,14.93
2024-05-10,18:00,15.99,36.73,-11.04,14,-1.21
2024-05-10,19:00,-11.89,13.6,-30.61,9.14,50.29
2024-05-10,20:00,132.63,55.89,36.24,2.16,97.68
2024-05-10,21:00,103.98,4.12,43.85,19.45,70.96
2024-05-10,22:00,2.31,48.94,93.47,5.04,17.85
2024-05-10,23:00,86.28,6.9,16.92,12.05,58.98
2024-05-10,00:00,98.77,23.11,133.35,16.5,24.17
2024-05-11,01:00,2.03,49.91,45.27,1.01,40.62
2024-05-11,02:00,53.52,8.23,5.95,-1.54,59.28
2024-05-11,03:00,-6.16,4.79,67.25,11.72,90.45
2024-05-11,04:00,31.32,16.24,25.94,8.44,-15.78
2024-05-11,05:00,65.26,15.08,93.36,5.9,74.27
2024-05-11,06:00,-31.29,-17.18,81.81,-1.91,85.48
2024-05-11,07:00,45.93,43.38,93.48,4.55,71.91
2024-05-11,08:00,95.72,39.59,72.15,10.52,-1.88
2024-05-11,09:00,19.8,49.52,20.8,4.97,1.31
2024-05-11,10:00,77.36,55.49,102.48,1.36,8.98
2024-05-11,11:00,10.89,44.57,-6.5,0.74,24.79
2024-05-11,12:00,125.62,4.99,99.59,6.13,11.96
2024-05-11,13:00,43.02,51.13,120.3,11.98,13.11
2024-05-11,14:00,69.8,39.89,124.6,13.26,64.65
2024-05-11,15:00,4.06,-4.06,25.08,9.07,88.58
2024-05-11,16:00,42.41,8.88,58.4,-0.41,-7.71
2024-05-11,17:00,5.21,-5.93,59.41,4.42,14.49
2024-05-11,18:00,60.73,32.8,31.18,13.56,63.68
2024-05-11,19:00,101.39,7.01,108.67,1.35,28.93
2024-05-11,20:00,120.99,27.48,143.15,2.73,67.26
2024-05-11,21:00,3.87,4.7,72.49,18.27,32.98
2024-05-11,22:00,16.9,15.03,-6.94,19.41,83.34
2024-05-11,23:00,15.89,8.2,18.57,9.46,96.32
2024-05-11,00:00,94.69,43.21,20.33,4.82,56.23
2024-05-12,01:00,103.75,13.44,57.21,8.93,36.77
2024-05-12,02:00,-5.93,4.67,16.55,15.48,27.74
2024-05-12,03:00,102.95,41.78,79.53,14.09,-21.37
2024-05-12,04:00,23.71,26.21,-24.19,4.4,26.33
2024-05-12,05:00,-15.84,30.98,56.26,14.58,78.98
2024-05-12,06:00,53.12,5.25,-18.21,5.72,79.26
2024-05-12,07:00,90.35,-11.4,0.61,12.48,4.95
2024-05-12,08:00,-9.02,54.15,68.61,15.87,64.45
2024-05-12,09:00,102.57,62.51,-27.29,10.68,26.42
2024-05-12,10:00,20.64,7.71,64.61,1.66,32.33
2024-05-12,11:00,90,15.53,74.57,10.22,36.62
2024-05-12,12:00,34.22,-3.16,88.2,1.31,16.04
2024-05-12,13:00,98.03,61.22,24.18,10.8,76.95
2024-05-12,14:00,48.05,62.03,-16.61,10.82,32.65
2024-05-12,15:00,99.42,4.48,-17.07,2.07,96.4
2024-05-12,16:00,103.8,-7.35,59.76,4.16,64.59
2024-05-12,17:00,25.54,53.93,-16.25,-0.39,99.36
2024-05-12,18:00,-19.09,58.62,92.42,14.18,15.12
2024-05-12,19:00,15.16,12.57,27.68,10.48,85.87
2024-05-12,20:00,56.56,19.57,132.69,3.38,91.48
2024-05-12,21:00,98.61,31.45,29.32,16.19,40.65
2024-05-12,22:00,119.6,56.66,37.09,6.06,63.35
2024-05-12,23:00,109.75,-1.24,107.67,10.21,52.31
2024-05-12,00:00,82.37,3.01,-22.27,18.26,77.17
2024-05-13,01:00,1.97,42.07,53,3.08,84.8
2024-05-13,02:00,88.19,-15.66,16.1,8.23,3
2024-05-13,03:00,3.75,42.12,-40.47,13.16,-5.61
2024-05-13,04:00,31.76,48.83,70.12,6.22,11.4
2024-05-13,05:00,13.51,53.31,-22.15,-1.87,-21.15
2024-05-13,06:00,14.42,43.71,-19.71,11.77,3.89
2024-05-13,07:00,129.95,-1.01,-16.36,11.85,91.8
2024-05-13,08:00,118.24,19.31,86.78,14.5,60.72
2024-05-13,09:00,117.48,58.13,43.6,13.33,109.51
2024-05-13,10:00,14.71,51.04,122.9,8.89,2.26
2024-05-13,11:00,70.98,34.11,-5.29,10.23,71.01
2024-05-13,12:00,102.11,0.1,110.4,10.3,46.17
2024-05-13,13:00,84.68,48.87,-3.16,3.37,-9.47
2024-05-13,14:00,5.73,12.33,-20.41,10.91,74.04
2024-05-13,15:00,52.57,26.46,-29.22,14.15,71.89
2024-05-13,16:00,-15.74,46.92,132.93,15.32,0.16
2024-05-13,17:00,45.13,18.54,56.09,9.4,31.5
2024-05-13,18:00,53.22,20.9,86.88,5.42,50.92
2024-05-13,19:00,124.71,-5.86,-15.88,11.38,43.46
2024-05-13,20:00,117.97,16.78,1.4,7.82,110.81
2024-05-13,21:00,28.97,70.49,19.6,16.32,75.32
2024-05-13,22:00,147.2,9.11,9.67,13.89,63.3
2024-05-13,23:00,104.72,31.26,136.63,7.13,71.6
2024-05-13,00:00,73.3,41.68,112.87,16.94,103.72
2024-05-14,01:00,26.53,-3.76,-34.07,7.43,43.16
2024-05-14,02:00,102.49,11.14,56.93,12.32,72.73
2024-05-14,03:00,77.49,-5.73,31.55,6.79,79.92
2024-05-14,04:00,85.34,4.15,-11.9,4.49,58.58
2024-05-14,05:00,-29.87,50,-2.14,13.35,85.32
2024-05-14,06:00,29.38,0.63,-27.02,10.82,4.56
2024-05-14,07:00,80.71,42.79,75.18,20.14,28.58
2024-05-14,08:00,58.7,29.6,-6.69,9.79,120.98
2024-05-14,09:00,72.01,42.63,47.31,14.95,21.79
2024-05-14,10:00,-6.25,38.2,64.29,5.59,13.96
2024-05-14,11:00,31.82,8.57,107.8,10.5,51.57
2024-05-14,12:00,101.38,-3.88,136,9.94,93.21
2024-05-14,13:00,71.55,-18.41,93.31,14.46,84.78
2024-05-14,14:00,48.73,15.77,23.42,3.2,-0.53
2024-05-14,15:00,-1.84,11.5,122.48,7.1,18.22
2024-05-14,16:00,22.47,36.56,82.28,12.92,-0.01
2024-05-14,17:00,10.16,27.19,3.15,8.6,58.84
2024-05-14,18:00,14.46,29.13,-28.76,3.59,88.71
2024-05-14,19:00,109.77,19.34,35.8,8.18,22.68
2024-05-14,20:00,4.18,1.15,103.71,8.82,50.64
2024-05-14,21:00,40.72,-0.02,119.05,11.51,113.98
2024-05-14,22:00,75.99,1.99,34.14,13.99,2.57
2024-05-14,23:00,89.66,32.26,-8.3,13.32,42.15
2024-05-14,00:00,88.8,44.3,2.31,16.91,61.3
2024-05-15,01:00,12.26,58.56,51.14,7.8,76.48
2024-05-15,02:00,-18.6,50,130.83,9.3,-22.23
2024-05-15,03:00,-15.07,53.04,-27.92,2.84,-28.92
2024-05-15,04:00,102.41,-12.22,64.76,0.05,24.56
2024-05-15,05:00,74.26,8.95,-21.49,10.22,-10.65
2024-05-15,06:00,49.1,-4.79,92.4,0.25,69.41
2024-05-15,07:00,39.19,15.8,-9.95,6.67,15.95
2024-05-15,08:00,50.6,54.23,91.12,4.83,13.18
2024-05-15,09:00,44.16,-2.08,-15.72,7.82,85.67
2024-05-15,10:00,113.53,4.21,93.27,11.54,69.72
2024-05-15,11:00,-17.16,42.52,82.54,9.85,97.16
2024-05-15,12:00,-4.33,27.92,135.06,3.67,4.33
2024-05-15,13:00,86.41,20.89,99.93,14.37,83.8
2024-05-15,14:00,-5.78,1.59,118.25,5.07,16.32
2024-05-15,15:00,107.62,41.13,122.93,-1.72,97.57
2024-05-15,16:00,74.04,54.9,5.18,11,63.19
2024-05-15,17:00,14.01,35.49,37.71,10.22,40.96
2024-05-15,18:00,111.07,44.84,42.36,9.65,55.34
2024-05-15,19:00,48.06,-0.1,99.71,14.33,34.61
2024-05-15,20:00,55.67,5.91,78.78,13.58,48.78
2024-05-15,21:00,44.45,26.33,12.94,17.66,119.4
2024-05-15,22:00,135.02,14.72,64.25,8.31,82.94
2024-05-15,23:00,135.74,29.85,1.73,16.04,32.42
2024-05-15,00:00,17.21,5.22,102.95,9.18,-8.41
2024-05-16,01:00,85.72,-2.11,-12.59,11.99,92.58
2024-05-16,02:00,69.45,10.34,41.86,0.46,66.68
2024-05-16,03:00,-16.83,51.52,-18.7,7.73,41.81
2024-05-16,04:00,37.06,-9.45,80.19,10.34,49.25
2024-05-16,05:00,-23.18,48.19,107.71,14.54,2.1
2024-05-16,06:00,48.84,-11.34,44.6,15.96,84.96
2024-05-16,07:00,-1.57,31.4,50.92,18.03,16.12
2024-05-16,08:00,65.2,46.71,50.18,21.64,115.71
2024-05-16,09:00,54.84,-0.94,-7.53,5.82,106.36
2024-05-16,10:00,12.57,35.79,48.25,18.83,87.36
2024-05-16,11:00,44.87,10.96,76.54,16.32,30.21
2024-05-16,12:00,67.48,40.72,87.43,15.61,61.04
2024-05-16,13:00,7.67,15.71,-28.33,17.87,58.87
2024-05-16,14:00,99.42,2.62,96.49,4.16,28.52
2024-05-16,15:00,34.92,27.89,92.51,4.44,86.92
2024-05-16,16:00,63.55,50.24,-34.13,10.66,81.79
2024-05-16,17:00,85.45,-14.81,77.85,5.16,-8.46
2024-05-16,18:00,4.03,2.31,129.15,-0.66,101.77
2024-05-16,19:00,0.23,-2.03,33.57,2.26,57.82
2024-05-16,20:00,81.23,20.53,57.29,19.27,109.41
2024-05-16,21:00,101.43,52.06,137.59,12.39,97.2
2024-05-16,22:00,93.62,47.29,84.7,6.04,65.29
2024-05-16,23:00,101.17,65.53,53.8,14.43,113.51
2024-05-16,00:00,13.85,1.71,25.7,18.24,24.4
2024-05-17,01:00,-4.6,33.91,93.29,10.88,43.56
2024-05-17,02:00,82.82,48.31,101.28,6.42,22.37
2024-05-17,03:00,45.52,-13.65,122.42,8.02,85.85
2024-05-17,04:00,-9.03,26.95,74.61,11.54,63.37
2024-05-17,05:00,-27.99,35.35,31.93,-0.26,29.82
2024-05-17,06:00,27.7,21.56,64.18,-0.35,50.56
2024-05-17,07:00,93.02,48.8,115.16,18.7,98.82
2024-05-17,08:00,66.2,61.64,15.44,15.65,74.75
2024-05-17,09:00,11.76,17.55,42.82,12.14,62.77
2024-05-17,10:00,85.61,31.06,18.8,14.2,25.97
2024-05-17,11:00,105.08,23.56,109.3,14.88,11.23
2024-05-17,12:00,-3.11,-11.6,3.7,0.08,81.73
2024-05-17,13:00,49.94,36.75,13.47,9.22,-0.75
2024-05-17,14:00,80.44,41.14,102.74,11.39,61.63
2024-05-17,15:00,64.12,-17.16,4.94,1.08,4.68
2024-05-17,16:00,79.97,27.44,81.48,-0.52,98.8
2024-05-17,17:00,120.67,38.43,11.44,6.34,1.69
2024-05-17,18:00,78.47,8.98,36.78,13.27,64.54
2024-05-17,19:00,97.6,-5.83,21.25,12.7,74.26
2024-05-17,20:00,73.26,27.34,72.13,12.7,5.6
2024-05-17,21:00,114.53,63.79,-19.19,12.15,87.03
2024-05-17,22:00,107.82,65.47,44.43,13.94,64.68
2024-05-17,23:00,52.91,61.45,38.82,2.62,15.68
2024-05-17,00:00,90.54,61.86,140.04,3.29,68.44
2024-05-18,01:00,21.95,10.47,-24.96,5.21,88.89
2024-05-18,02:00,58.72,-4.8,-36.94,14.13,17.56
2024-05-18,03:00,40.73,28.68,16.17,2.39,14.25
2024-05-18,04:00,81.5,38.84,65.99,6.02,67.71
2024-05-18,05:00,30.89,22.14,-27,0.05,-17.31
2024-05-18,06:00,53.54,32.15,100.47,13.96,82.18
2024-05-18,07:00,47.44,21.36,45.5,-1.26,28.91
2024-05-18,08:00,1,10.57,106.72,1.1,11.05
2024-05-18,09:00,5.47,29.52,-21.37,7.19,44.1
2024-05-18,10:00,52.52,54.56,93.01,7.15,4.66
2024-05-18,11:00,-10.05,31.63,118.42,10.72,32.4
2024-05-18,12:00,119.52,39.86,82.2,13.55,14.26
2024-05-18,13:00,-6.86,-1.07,6.7,10.39,57.12
2024-05-18,14:00,105.25,17.1,83.56,-0.49,4.48
2024-05-18,15:00,65.41,38.02,36.37,4.53,25.68
2024-05-18,16:00,-3.04,17,93.96,7.85,97.01
2024-05-18,17:00,94.45,28.68,28.49,-0.54,102.88
2024-05-18,18:00,34.05,48.32,29.5,-1.62,87.55
2024-05-18,19:00,73.49,49.61,-12.37,13.94,39.6
2024-05-18,20:00,-7.26,10.34,93.16,16.23,113.91
2024-05-18,21:00,107.47,36.04,115.58,9.17,6.39
2024-05-18,22:00,135.52,47.53,-4.5,7.79,100.6
2024-05-18,23:00,29.55,0.61,42.39,1.12,75.96
2024-05-18,00:00,71.54,3.17,-8.78,12.66,27.3
2024-05-19,01:00,30.15,-4.18,-41.91,2.57,5.57
2024-05-19,02:00,-34.03,24.08,119.98,12.4,-16.11
2024-05-19,03:00,88.81,42.82,104.08,4.2,27.14
2024-05-19,04:00,14.9,44.82,53.81,2.49,26.98
2024-05-19,05:00,38.97,-2.42,-16.48,13.8,29.58
2024-05-19,06:00,65.2,27.42,-33.01,5.73,29.4
2024-05-19,07:00,56.3,-0.65,113.68,5.1,58.44
2024-05-19,08:00,13.42,-0.91,70.98,4.86,46.69
2024-05-19,09:00,26.32,9.24,46.66,15.44,40.75
2024-05-19,10:00,46.77,9.31,82.94,4.73,72.29
2024-05-19,11:00,89.75,12.41,33.96,2.88,18.04
2024-05-19,12:00,105.18,37.1,51.32,10.7,84.76
2024-05-19,13:00,45.91,9.17,82.94,2.31,26.24
2024-05-19,14:00,47.56,11,-35.72,7.63,100.94
2024-05-19,15:00,80.33,57.04,109,3.76,12.54
2024-05-19,16:00,10.73,-6.29,131.32,1.05,77.82
2024-05-19,17:00,11.74,43.95,-23.78,6.94,100.36
2024-05-19,18:00,57.26,54.34,-1.52,3.19,35.24
2024-05-19,19:00,119.46,-6.03,24.57,10.68,99.83
2024-05-19,20:00,117.57,47.99,-9.07,8.92,85.3
2024-05-19,21:00,69.81,7.97,61.32,6.01,115.1
2024-05-19,22:00,35.35,49.16,109.52,19.58,45.88
2024-05-19,23:00,78.01,26.8,-30.9,14.87,37.04
2024-05-19,00:00,79.58,13.92,-15.55,7.63,81.56
2024-05-20,01:00,-19.18,-9.64,101.63,7.06,-13.99
2024-05-20,02:00,31.88,27.56,113.93,5.72,84.84
2024-05-20,03:00,36.3,7.86,-4.85,10.05,43.45
2024-05-20,04:00,-27.42,12.61,122.99,-3.48,9.25
2024-05-20,05:00,-1.39,17.42,90.33,-3.88,7.09
2024-05-20,06:00,107.07,52.63,80.85,11.34,62.06
2024-05-20,07:00,46.54,32.86,62.52,16.63,16.54
2024-05-20,08:00,96.38,44.06,4.6,18.46,85.33
2024-05-20,09:00,122.32,47.58,94.42,4.24,79.95
2024-05-20,10:00,19,-8.56,122.02,0.87,23.84
2024-05-20,11:00,92.39,37.59,46.92,4.34,65.5
2024-05-20,12:00,-12.78,38.61,33.7,9.84,76.8
2024-05-20,13:00,88.03,18.26,44.35,8.16,106.44
2024-05-20,14:00,68.02,10.03,25.17,11.69,11.16
2024-05-20,15:00,-1.63,3.51,46.5,21.86,31.12
2024-05-20,16:00,40.47,38.61,-28.31,13.08,82.6
2024-05-20,17:00,108.65,8.79,67.36,8.45,55.9
2024-05-20,18:00,101.43,50.77,116.86,10.88,8.31
2024-05-20,19:00,-15.44,-11.9,-36.79,7.12,92.26
2024-05-20,20:00,36.43,-3.76,76.28,12.36,36.32
2024-05-20,21:00,9.05,0.08,130.91,18.27,75.39
2024-05-20,22:00,53.72,24.09,127.56,9.68,70.7
2024-05-20,23:00,-0.67,49.9,-8.9,4.89,0.05
2024-05-20,00:00,59.05,30.24,118.74,-0.86,94.4
2024-05-21,01:00,33.37,2.52,34.13,4.51,17
2024-05-21,02:00,65.25,14.27,13.24,11.83,73.25
2024-05-21,03:00,-4.72,32.47,-29.65,-4.22,3.9
2024-05-21,04:00,-26.43,48.43,63.69,8.25,76.75
2024-05-21,05:00,82.43,-7.71,94.12,-1.76,-1.05
2024-05-21,06:00,94.27,-11.54,96.58,5.13,2.7
2024-05-21,07:00,7.98,11.77,-4.36,10.74,-4.9
2024-05-21,08:00,40.58,-0.71,110.75,9.16,87.19
2024-05-21,09:00,116.4,43.43,128.32,7.71,82.43
2024-05-21,10:00,63.84,21.61,-9.49,12.17,28.68
2024-05-21,11:00,49.43,28.81,-29.12,21.17,41.81
2024-05-21,12:00,107.63,4.1,130.04,6.86,34.32
2024-05-21,13:00,48.33,47.23,38.1,17.66,24.18
2024-05-21,14:00,40.12,-14.24,80.97,19.2,84.48
2024-05-21,15:00,130.02,-19.78,0.92,24.56,35.96
2024-05-21,16:00,39.68,14.07,111.02,16.73,3.82
2024-05-21,17:00,-10.3,-5.77,130.66,8.95,48.64
2024-05-21,18:00,24.28,59.57,-22.26,15.17,90.83
2024-05-21,19:00,127.91,0.78,31.41,8.08,-0.77
2024-05-21,20:00,32.99,20.5,110.48,13.82,64.31
2024-05-21,21:00,-1.51,4.25,-4.84,14.34,56.58
2024-05-21,22:00,20.34,40.17,23.5,6.19,38.55
2024-05-21,23:00,54.7,50.17,57.34,3.05,98.32
2024-05-21,00:00,82.85,-9.79,16.16,4.01,84.46
2024-05-22,01:00,46.44,8.1,-10.2,12.67,50.69
2024-05-22,02:00,13.04,51.16,-27.31,-1.34,45.77
2024-05-22,03:00,6.12,-10.71,-11.59,2.68,82.29
2024-05-22,04:00,15.39,42.2,44.99,6.48,3.52
2024-05-22,05:00,-16.95,-19.23,8.81,8.49,36.88
2024-05-22,06:00,40.11,-0.57,-8.31,6.41,-6.93
2024-05-22,07:00,100.03,-10.03,118.36,16.43,54.66
2024-05-22,08:00,87.2,20.53,-17.85,13.79,36.09
2024-05-22,09:00,26.83,35.44,53.79,10.8,35.24
2024-05-22,10:00,111.16,-1.73,84.08,11.21,36.06
2024-05-22,11:00,90.48,-9.74,13.27,7.11,14.16
2024-05-22,12:00,-10.98,17.74,33.98,8.85,24.89
2024-05-22,13:00,50.67,17.39,100.48,6.28,39.79
2024-05-22,14:00,104.39,-11.62,-1.6,23.54,82.63
2024-05-22,15:00,74.49,39.88,39.72,15.35,47.63
2024-05-22,16:00,11.42,10.97,-8.2,9.85,67.55
2024-05-22,17:00,116.38,3.41,70.98,8.23,39.59
2024-05-22,18:00,78.36,-3.67,-17.65,4.03,63.81
2024-05-22,19:00,56.89,6.49,29.96,8.3,89.75
2024-05-22,20:00,71.02,56.09,139.46,7.72,16.09
2024-05-22,21:00,37.41,31.05,54.7,12.54,38.71
2024-05-22,22:00,90.47,10.7,132.36,10.67,68.89
2024-05-22,23:00,90.12,35.76,12.82,9.32,46.23
2024-05-22,00:00,49.88,28.68,-36.52,-1.18,44.63
2024-05-23,01:00,48.43,25.12,-0.43,6.48,83.72
2024-05-23,02:00,-1.25,-0.49,-26.64,8.05,13.42
2024-05-23,03:00,44.15,32.15,18.75,9.46,43.58
2024-05-23,04:00,80.53,-14.64,120.68,6.16,-3.23
2024-05-23,05:00,61.17,24.58,69.09,-4.66,66.31
2024-05-23,06:00,-15.94,-0.33,68.97,7.09,28.12
2024-05-23,07:00,18.63,3.72,41.72,-0.54,96.56
2024-05-23,08:00,18.97,16.72,137.61,22.85,15.21
2024-05-23,09:00,37.75,2.97,103.88,8.29,77.03
2024-05-23,10:00,101.33,20.47,111.39,15.39,34.33
2024-05-23,11:00,107.43,13.91,45.02,19.68,61.63
2024-05-23,12:00,86.38,10.77,89.67,13.32,66.52
2024-05-23,13:00,94.59,7.36,27.27,9.47,17.42
2024-05-23,14:00,-7.4,-12.45,-32.26,7.9,26.88
2024-05-23,15:00,108.5,14.32,-34.73,13.53,27.86
2024-05-23,16:00,29.71,29.98,77.27,12.02,30.78
2024-05-23,17:00,75.82,19.36,81.07,5.77,78.01
2024-05-23,18:00,-12.95,55.43,-25.23,2.3,19.39
2024-05-23,19:00,-8.66,18.43,61.08,10.37,105.39
2024-05-23,20:00,121.93,53.25,87.53,15.17,45.08
2024-05-23,21:00,47.81,5.08,44.64,8.34,77.79
2024-05-23,22:00,42.1,36.41,9.78,18.54,81.23
2024-05-23,23:00,-3.85,57.97,40.76,10.41,84.19
2024-05-23,00:00,61.45,14.32,-6.15,11.38,-7.81
2024-05-24,01:00,-0.54,-10.28,34.47,-3.34,7.96
2024-05-24,02:00,5.36,-18.85,23.8,12.55,16.95
2024-05-24,03:00,-23.26,-10.7,89.89,10.08,-29.02
2024-05-24,04:00,43.5,6.43,82.63,2.67,43.62
2024-05-24,05:00,-0.63,-16.23,121.06,3.57,53.37
2024-05-24,06:00,95.89,9.8,5.11,12.83,63.42
2024-05-24,07:00,-1.68,9.83,-19.35,16.88,67.15
2024-05-24,08:00,67.99,26.77,130.98,15.84,95.57
2024-05-24,09:00,128.44,12.81,36.65,19.67,21.04
2024-05-24,10:00,24.47,-0.33,-1.26,11.57,69.09
2024-05-24,11:00,44.92,-7.37,-18.82,3.93,34.04
2024-05-24,12:00,28.43,5.44,74.82,7.78,13.45
2024-05-24,13:00,85.48,14.17,-1.74,20.54,7.88
2024-05-24,14:00,-12.79,11.94,-19.04,18.57,100
2024-05-24,15:00,53.81,-8.77,135.65,21.69,80.02
2024-05-24,16:00,24.84,16.01,81.8,7.36,44.51
2024-05-24,17:00,73.92,-9.77,90.6,16.16,16.04
2024-05-24,18:00,70,35.95,19.06,8.17,103.61
2024-05-24,19:00,8.34,0.67,-29.73,16.95,15.89
2024-05-24,20:00,53.21,-2,50.18,14.85,10
2024-05-24,21:00,78.29,-7.88,0.02,15.11,33.45
2024-05-24,22:00,-7.49,9.08,-23.72,10.67,48.44
2024-05-24,23:00,28.58,10.47,98.23,7.11,-4.64
2024-05-24,00:00,85.56,19.83,97.99,12.8,89.51
2024-05-25,01:00,-9.04,-17.54,-28.5,11.66,72.79
2024-05-25,02:00,81.61,-2.47,36.45,-3.88,-14.76
2024-05-25,03:00,26.51,23.27,6.13,8.1,31.86
2024-05-25,04:00,-0.24,25.67,101.69,4.68,-31.22
2024-05-25,05:00,78.7,13.72,-26.72,8.56,-14.22
2024-05-25,06:00,-35.56,19.86,70.26,3.75,67.64
2024-05-25,07:00,28.83,-8.46,113.12,2.76,42.76
2024-05-25,08:00,3.6,40.33,92.15,1.17,5.32
2024-05-25,09:00,101.48,32.69,35.72,-0.83,68.09
2024-05-25,10:00,43.41,24.63,83.01,8.93,68.9
2024-05-25,11:00,122.6,-13.14,-26.25,17.63,-1.77
2024-05-25,12:00,66.73,0.93,84.79,16.24,94.27
2024-05-25,13:00,40.57,42.54,7.98,11.6,104.61
2024-05-25,14:00,20.51,46.03,45.37,2.92,82.36
2024-05-25,15:00,65.13,-13.09,-40.17,15.14,95.95
2024-05-25,16:00,39.22,-7,76.07,2.32,47.75
2024-05-25,17:00,97.45,-15.54,29.94,11.08,-10.53
2024-05-25,18:00,-0.34,50.47,-7.85,4.87,23.2
2024-05-25,19:00,44.32,16.71,88.65,13.07,69.43
2024-05-25,20:00,74.68,15.69,8.73,16.14,106.41
2024-05-25,21:00,33.98,8.66,69.84,12.2,43.52
2024-05-25,22:00,49.21,57.01,-21.72,8.58,54.27
2024-05-25,23:00,60.25,36.12,94.53,14.02,98.8
2024-05-25,00:00,81.48,17.32,2.3,6.34,81.65
2024-05-26,01:00,22.02,-14.83,-24.87,0.97,8.13
2024-05-26,02:00,35.33,51.43,63.66,1.85,-17.66
2024-05-26,03:00,-31.31,-17.73,32.04,8.98,25.16
2024-05-26,04:00,5.79,14.07,32.08,7.04,-27.41
2024-05-26,05:00,52.08,43.45,67.31,-5.1,66.86
2024-05-26,06:00,-37.31,13.46,27.74,2.66,38.72
2024-05-26,07:00,-23.06,-19.35,-33.72,5.67,37.7
2024-05-26,08:00,11.42,-15.86,53.88,9.85,4.39
2024-05-26,09:00,68.46,7.65,-41.27,6.41,46.6
2024-05-26,10:00,117.48,53.12,70.47,11.75,-3.1
2024-05-26,11:00,1.11,-9.76,83.33,5.48,77.72
2024-05-26,12:00,59.02,52.25,132.21,17.63,26.24
2024-05-26,13:00,-6.11,26.5,35.3,7.42,58.36
2024-05-26,14:00,5.89,22.52,24.82,1.96,48.46
2024-05-26,15:00,1.08,-11.1,65.52,7.71,32.51
2024-05-26,16:00,44.56,20.05,53.78,13.6,10.07
2024-05-26,17:00,35.13,34.01,77.72,7.94,25.57
2024-05-26,18:00,23.17,19.61,106.3,19.63,68.19
2024-05-26,19:00,53.2,1.58,105.06,8.43,101.81
2024-05-26,20:00,108.83,12.74,81.85,12.12,55.12
2024-05-26,21:00,74.14,27.52,-19.41,27.23,33.71
2024-05-26,22:00,74.58,55.6,20.33,16.17,52.43
2024-05-26,23:00,31.48,8.89,35.54,9.62,-2.57
2024-05-26,00:00,10.13,2.98,41.02,24.71,92.47
2024-05-27,01:00,6.64,25.96,85.8,0,62.26
2024-05-27,02:00,48.79,-3.52,12.98,8.48,40.04
2024-05-27,03:00,46.78,-2.76,55.99,9.07,67.42
2024-05-27,04:00,-16.51,48.95,39.72,1.68,22.99
2024-05-27,05:00,37.21,14.66,79.31,9.44,48.36
2024-05-27,06:00,-33.58,10.7,118.57,12.83,21.82
2024-05-27,07:00,1.1,9.71,59.21,4.66,69.41
2024-05-27,08:00,137.33,60.31,56.81,25.87,26
2024-05-27,09:00,43.83,18.81,29.64,5.63,88.55
2024-05-27,10:00,88.76,9.98,-38.98,7.56,65.94
2024-05-27,11:00,-1.07,30.43,79.4,8.33,90.67
2024-05-27,12:00,28.86,-4.25,80.63,16.81,42.95
2024-05-27,13:00,36.61,-10.69,-28.87,6.82,83.99
2024-05-27,14:00,-16.73,29.6,76.78,15.22,61.47
2024-05-27,15:00,108.98,9.6,-16.82,11.1,93.14
2024-05-27,16:00,108.72,-1.79,27.07,4.67,3.63
2024-05-27,17:00,75.17,22.78,101.11,2.94,49.18
2024-05-27,18:00,24.93,39.08,-30.86,14.51,-5.1
2024-05-27,19:00,6.05,40.41,86.94,5.18,28.37
2024-05-27,20:00,43.85,-9.05,118.42,1.5,107.76
2024-05-27,21:00,-8.38,24.89,128.64,3.26,30.56
2024-05-27,22:00,96.94,58.69,26.59,3.87,41.86
2024-05-27,23:00,69.9,9.31,98.64,13.69,14.88
2024-05-27,00:00,23.98,17.97,50.41,7.72,72.83
2024-05-28,01:00,47.21,-13.14,52.26,7.11,36.53
2024-05-28,02:00,75.67,9.66,121.32,8.74,8.05
2024-05-28,03:00,99.61,21.06,30.64,-1.54,65.54
2024-05-28,04:00,78.75,0.64,-46.6,-2.57,-27.2
2024-05-28,05:00,80.86,-22.62,-1.4,11.64,-1.03
2024-05-28,06:00,78.52,17.25,102.25,9.39,30.86
2024-05-28,07:00,89.15,30.62,21.51,6.2,29.74
2024-05-28,08:00,14.59,36.19,28.09,16.87,59.04
2024-05-28,09:00,111.72,-12.77,108.92,17.59,49.8
2024-05-28,10:00,13.11,9.36,-10.33,20.68,97.16
2024-05-28,11:00,9.15,52.95,-8.85,19.21,55.65
2024-05-28,12:00,73.16,-15.85,29.3,18.03,14.51
2024-05-28,13:00,-5.38,-18.08,76.23,19.34,59.07
2024-05-28,14:00,17.75,49.15,14.79,19.02,108.9
2024-05-28,15:00,101.61,19.4,63.32,7.94,81.86
2024-05-28,16:00,101.46,44.54,-7.08,12.2,22
2024-05-28,17:00,94.12,53.26,-38.2,10.08,19.75
2024-05-28,18:00,69.48,5.13,74.37,3.72,65.17
2024-05-28,19:00,-1.81,-9.25,-26.99,9.04,95.68
2024-05-28,20:00,66.49,16,83.74,4.32,3.67
2024-05-28,21:00,122.07,9.3,118.7,9.23,112.6
2024-05-28,22:00,52.62,33.94,67.39,8.22,80.05
2024-05-28,23:00,37.92,61.66,31.14,18.73,56.79
2024-05-28,00:00,35.72,55.58,-19.99,11.74,74.05
2024-05-29,01:00,62.7,-11.6,-16.66,-0.74,10.7
2024-05-29,02:00,95.99,34.66,6.74,2.35,60.81
2024-05-29,03:00,-20.34,20.34,93.94,4.25,6.97
2024-05-29,04:00,18.26,31.82,32.52,2.58,75.94
2024-05-29,05:00,-20.37,-3.85,-27.43,-1.17,11.37
2024-05-29,06:00,13.14,44.04,79.37,12.53,20.87
2024-05-29,07:00,-13.06,9.03,15.13,5.6,70.91
2024-05-29,08:00,76.2,12.55,-4.25,21.22,115.64
2024-05-29,09:00,38.28,31.11,137.51,12.79,40.48
2024-05-29,10:00,-4.37,38.89,-0.7,8.97,-4.7
2024-05-29,11:00,6.16,51.7,-0.77,10.11,80.81
2024-05-29,12:00,111.4,48.85,26.91,10.83,96.97
2024-05-29,13:00,61.24,46.05,-17.92,19.85,79.63
2024-05-29,14:00,33.73,55.66,96.67,19.44,83.19
2024-05-29,15:00,64.67,35.29,-29.15,9.01,45.4
2024-05-29,16:00,-3.47,24.91,142.9,18.87,8.24
2024-05-29,17:00,5.99,-12.01,18.68,7.83,93.49
2024-05-29,18:00,77.2,24.92,35.65,7.33,101.9
2024-05-29,19:00,49.84,52.61,22.16,7.42,-2.22
2024-05-29,20:00,98.32,22.04,79.56,12.91,114.83
2024-05-29,21:00,62.41,16.67,91.75,2.44,10.26
2024-05-29,22:00,46.54,-3.18,135.93,3.6,84.53
2024-05-29,23:00,69.73,56.63,-15.89,11.69,25.47
2024-05-29,00:00,101.39,25.44,53.68,4.51,73.23
2024-05-30,01:00,40.08,-12.34,55.14,4.97,1.14
2024-05-30,02:00,16.12,42.12,114.9,1.92,-3.66
2024-05-30,03:00,52.56,-10.74,11.06,-5.02,76.76
2024-05-30,04:00,-18.55,3.2,23.65,-2.64,43.64
2024-05-30,05:00,39.22,23.29,123.71,6.38,77.75
2024-05-30,06:00,33.45,-5.47,8.86,6.62,86.16
2024-05-30,07:00,51.43,32.47,-17.25,3.86,92.49
2024-05-30,08:00,37.5,3.63,121.16,21.94,106.74
2024-05-30,09:00,60.53,32.29,-33.5,14.75,96.56
2024-05-30,10:00,13.41,7.08,2.41,15.33,49.17
2024-05-30,11:00,116.9,11.29,129.25,18.54,43.35
2024-05-30,12:00,78.46,-14.03,-7.04,8.24,2.15
2024-05-30,13:00,104.29,24.3,53.84,6.83,91.11
2024-05-30,14:00,115.86,50.5,64.37,16.92,78.91
2024-05-30,15:00,97.67,10.37,113.15,7.35,-0.87
2024-05-30,16:00,-18.02,46.56,-3.52,13.99,67.05
2024-05-30,17:00,31.37,27.54,125.76,11.08,23.89
2024-05-30,18:00,88.55,-12.25,109.18,7.37,4.54
2024-05-30,19:00,43.02,46.83,91.45,13.69,34.71
2024-05-30,20:00,113.15,18.03,43.98,17.79,95.5
2024-05-30,21:00,104.2,43.14,-7.59,16.38,86.23
2024-05-30,22:00,20.32,-0.4,41.7,4.84,20.39
2024-05-30,23:00,118.16,46.81,0.44,4.42,50.17
2024-05-30,00:00,-5.78,-6.99,-31.11,9.11,-14.88
2024-05-31,01:00,-18.72,52.67,125.1,12.59,3.54
2024-05-31,02:00,89.27,18.43,46.69,-0.3,-25.45
2024-05-31,03:00,49.93,-1.53,67.79,-2.69,-1.41
2024-05-31,04:00,60.79,14.34,46.77,-2.15,75.06
2024-05-31,05:00,66.8,46.11,-20.72,-4.01,-0.44
2024-05-31,06:00,-24.81,-0.57,53.61,10,-22.05
2024-05-31,07:00,58.01,60.08,98.99,7.87,-3.56
2024-05-31,08:00,113.43,8.35,44.22,15.12,20.03
2024-05-31,09:00,97.25,3.57,28.23,14.29,48.87
2024-05-31,10:00,79.14,46.57,73.41,5.96,104.83
2024-05-31,11:00,28.13,32.39,115.54,5.05,45.74
2024-05-31,12:00,-10.92,27.5,2.13,6.55,13.67
2024-05-31,13:00,23.79,46.36,72.47,19.74,40.24
2024-05-31,14:00,68.14,41.02,-2.23,5.74,67.03
2024-05-31,15:00,-0.59,45.43,122.74,3.35,67.36
2024-05-31,16:00,-4.88,35.23,32.23,10.4,92.72
2024-05-31,17:00,33.14,-15.92,39.27,19.37,58.05
2024-05-31,18:00,37.29,25.49,140.37,9.24,47.93
2024-05-31,19:00,43.81,0.06,112.19,4.71,77.05
2024-05-31,20:00,82.99,-12.37,-31.11,2.98,8.4
2024-05-31,21:00,82.94,11.58,106.99,17.08,51.35
2024-05-31,22:00,62.53,23.78,27.32,15.02,77.07
2024-05-31,23:00,44.72,-8.66,120.78,6.48,71.52
2024-05-31,00:00,74.68,25.01,-5.95,13,45.75
2024-06-01,01:00,4.35,149.25,88.21,6.44,49.42
2024-06-01,02:00,-30.66,4.54,-51.95,11.33,-12.08
2024-06-01,03:00,53.16,45.65,-36.95,7.25,79.47
2024-06-01,04:00,49.76,2.64,66.76,-2.66,77.59
2024-06-01,05:00,38.44,-0.96,43.55,-4.74,11
2024-06-01,06:00,-32.38,-9.33,52.9,5.19,70.24
2024-06-01,07:00,-12.5,13.54,112.88,4.85,-1.26
2024-06-01,08:00,102.03,12.98,21.77,5.46,55.87
2024-06-01,09:00,95.58,58.1,52.3,13.4,42.82
2024-06-01,10:00,61.98,-13.26,35.9,3.5,25.71
2024-06-01,11:00,129.41,44.43,104.15,3.4,36.76
2024-06-01,12:00,48.5,13.82,124.32,9.44,-2.93
2024-06-01,13:00,59.92,5.55,25.96,12.46,43.02
2024-06-01,14:00,33.14,53.99,95.99,5.07,-1.72
2024-06-01,15:00,-2.19,-7.56,98.74,6.22,34.77
2024-06-01,16:00,31.17,28.85,96.82,12.32,71.64
2024-06-01,17:00,28.07,-8.83,11.22,-0.67,100.29
2024-06-01,18:00,-17.82,46.43,39.07,-2.72,44.09
2024-06-01,19:00,23.29,37.45,91.76,12.48,50.49
2024-06-01,20:00,4.58,16.58,119.87,16.45,50.61
2024-06-01,21:00,59.54,-9.09,69.58,2.25,42.91
2024-06-01,22:00,101.42,8.8,70.28,15.63,6.07
2024-06-01,23:00,6.37,11.14,-14.77,5.9,0.76
2024-06-01,00:00,-5.4,50.91,40.92,1.18,45.86
2024-06-02,01:00,61.98,47.53,39.06,6.62,63.44
2024-06-02,02:00,42.12,2.85,-17.76,1.17,43.45
2024-06-02,03:00,2.47,33.92,16.29,-2.07,14.63
2024-06-02,04:00,54.31,16.51,54.07,2.3,-15.18
2024-06-02,05:00,48.46,-19.5,80.39,12.37,9.33
2024-06-02,06:00,14.53,37,-42.95,8.15,37.93
2024-06-02,07:00,57.97,3.15,-30.3,14.1,-20.64
2024-06-02,08:00,91.86,25.17,131.34,8.97,60.85
2024-06-02,09:00,55.47,16.14,122.8,3.37,75.72
2024-06-02,10:00,61.67,49.9,109.7,8.04,0.97
2024-06-02,11:00,119.83,56.71,2.83,14.92,108.51
2024-06-02,12:00,53.31,38.77,59.76,9.17,91.94
2024-06-02,13:00,84.12,35.14,-1.32,13.54,9.98
2024-06-02,14:00,64.02,47.81,-13.32,16.69,71.05
2024-06-02,15:00,116.1,6.87,106.04,4.09,98.4
2024-06-02,16:00,55.51,-17,76.32,13.96,17.39
2024-06-02,17:00,64.28,12.72,84.15,3.37,89.36
2024-06-02,18:00,6.62,56.09,23.46,12.54,88.29
2024-06-02,19:00,57.48,45.67,68.11,11.42,18.17
2024-06-02,20:00,96.83,61.32,99.66,1.59,111.19
2024-06-02,21:00,57.07,42.44,-8.43,16.79,103.27
2024-06-02,22:00,90.44,-9.53,49.46,18.3,12.66
2024-06-02,23:00,47.08,59.47,-14.13,18.29,92.64
2024-06-02,00:00,-6.54,47.77,10.24,6.25,13.34
2024-06-03,01:00,38.78,-2.2,-27.66,10.56,66.54
2024-06-03,02:00,72.45,-6.93,-40.13,-1,47.02
2024-06-03,03:00,-41.72,-3,94.29,-3.94,13.47
2024-06-03,04:00,-36.3,46.46,64.73,0.71,-20.49
2024-06-03,05:00,-30.01,6.16,-54.93,12.15,-30.43
2024-06-03,06:00,103.79,36.76,-42.74,0.81,5.47
2024-06-03,07:00,115.53,17.92,-43.02,1.96,47.34
2024-06-03,08:00,59,54.7,104.54,15.07,96.84
2024-06-03,09:00,47.21,17.67,110.62,14.93,61.92
2024-06-03,10:00,17.76,21.92,-31.71,23.24,55.38
2024-06-03,11:00,39.46,37.57,-0.88,9.29,19.36
2024-06-03,12:00,123.18,36.91,-24.91,14.26,61.89
2024-06-03,13:00,75.09,52.69,36.54,20.67,84.07
2024-06-03,14:00,84.52,25.6,-37.7,26.54,101.52
2024-06-03,15:00,-14.82,32.26,120.1,13.37,61.63
2024-06-03,16:00,36.2,43.16,51.27,17,77.37
2024-06-03,17:00,115.31,20.54,99.54,13.68,22.71
2024-06-03,18:00,106.64,-1.35,91.7,4.14,47.81
2024-06-03,19:00,95.27,28.48,-14.2,3.03,8.58
2024-06-03,20:00,-6.19,4.52,-4.12,4.25,0.64
2024-06-03,21:00,22.01,30.91,15.91,8.17,33.65
2024-06-03,22:00,89.37,27.2,67.36,7.73,11.85
2024-06-03,23:00,102.14,42.97,-26.16,15.03,44.47
2024-06-03,00:00,-25.43,43.62,55.39,12.3,-7.19
2024-06-04,01:00,87.92,32.31,36.28,5.97,84.05
2024-06-04,02:00,92.84,9.69,47.12,13.73,68.37
2024-06-04,03:00,45.88,2.89,38.44,8.27,50.68
2024-06-04,04:00,97.88,40.19,79.18,-4.61,28.66
2024-06-04,05:00,-11.95,-8.19,43.65,11.32,-25.82
2024-06-04,06:00,36.79,-11.69,16.71,-3.8,80.19
2024-06-04,07:00,25.3,34,39.2,8.94,95.97
2024-06-04,08:00,7.92,56.36,55.71,21.69,111.32
2024-06-04,09:00,76.06,54.75,54.19,18.36,58.38
2024-06-04,10:00,53.46,21.82,74.95,9.74,52.11
2024-06-04,11:00,21.58,5.72,26.68,14.06,92.49
2024-06-04,12:00,34.35,-19.35,4.35,6.2,110.19
2024-06-04,13:00,10.03,5.35,107.06,20.27,99.84
2024-06-04,14:00,110.42,-0.75,17.11,22.38,55.13
2024-06-04,15:00,59.68,28.48,87.35,15.2,82.84
2024-06-04,16:00,-6.34,3.74,132.39,21.41,65.6
2024-06-04,17:00,-1.04,3.61,35.38,16.19,11.92
2024-06-04,18:00,10.65,41.78,24.76,19.61,62.41
2024-06-04,19:00,26.69,46.03,72.12,2.45,23.07
2024-06-04,20:00,88.98,36.97,94.52,2.6,82.72
2024-06-04,21:00,113.93,48.09,142.62,16.97,11.31
2024-06-04,22:00,21.83,20.44,84.48,12.94,77.39
2024-06-04,23:00,65.14,10.9,100.15,14.75,10.14
2024-06-04,00:00,18.16,22.99,-6.67,5.68,-12.66
2024-06-05,01:00,4.49,16.58,9.56,5.35,50.11
2024-06-05,02:00,68,32.65,-45.54,9.25,30.64
2024-06-05,03:00,8.62,-7.8,-39.95,-3.03,31.42
2024-06-05,04:00,-18.59,3.15,28.63,4.27,52.13
2024-06-05,05:00,75.85,9.6,106.76,-3.91,3.72
2024-06-05,06:00,74.44,-10.04,-41.54,4.57,32.52
2024-06-05,07:00,106.75,60.57,114.64,12.3,85.58
2024-06-05,08:00,47.65,45.67,-5.29,17.13,106.3
2024-06-05,09:00,91.06,53.11,22.46,15.65,6.29
2024-06-05,10:00,65.29,19.68,113.19,17.26,16.5
2024-06-05,11:00,116.17,30.94,46.42,8.25,9.98
2024-06-05,12:00,11.72,31.6,52.13,14.66,120.88
2024-06-05,13:00,8.69,32,-24.91,18.94,75.7
2024-06-05,14:00,96.94,-9.3,96.95,17.91,22.06
2024-06-05,15:00,130.63,32.09,15.74,17.17,117.26
2024-06-05,16:00,120.37,22.09,86.72,20.61,18.34
2024-06-05,17:00,-8.42,33.17,131.71,19.66,78.39
2024-06-05,18:00,55.19,37.03,61.26,11.27,7.65
2024-06-05,19:00,99.43,8.01,131.18,12.05,-4.42
2024-06-05,20:00,103.62,41.91,18.19,7.35,9.72
2024-06-05,21:00,116.19,56.22,94.34,1.63,12.09
2024-06-05,22:00,-16.57,39.47,60.84,7.39,80.26
2024-06-05,23:00,4.43,42.1,15.76,10.15,98.31
2024-06-05,00:00,22.34,-16.88,96.12,-0.34,-15.59
2024-06-06,01:00,40.24,44.16,112.55,-1.09,10.96
2024-06-06,02:00,57.21,-2.62,-26.65,-3.96,26.81
2024-06-06,03:00,34.36,38.99,-40.77,12.53,20.65
2024-06-06,04:00,-45.87,14.42,38.93,9.96,64.86
2024-06-06,05:00,7.36,35.55,121.09,7.25,31.99
2024-06-06,06:00,91.91,48.88,-53.8,-4.87,63.12
2024-06-06,07:00,47.13,4.09,96,6.3,-21.39
2024-06-06,08:00,81.38,39.69,119.08,2.98,85.25
2024-06-06,09:00,108.94,17.15,40.94,-1.76,90.35
2024-06-06,10:00,65.85,12.04,134.3,6.31,55.43
2024-06-06,11:00,14.59,-1.71,78.44,3.65,66.9
2024-06-06,12:00,21.56,12.75,32.15,11.2,58.46
2024-06-06,13:00,87.96,16.18,49.57,3.74,49.04
2024-06-06,14:00,-3.27,-14.46,64.56,0.04,85.82
2024-06-06,15:00,65,3.88,32.14,12.44,71.45
2024-06-06,16:00,104.22,8.88,29.28,2.73,-10.41
2024-06-06,17:00,-21.33,25.19,83.98,16.76,80.06
2024-06-06,18:00,22.1,-7.7,91.13,1.38,34.45
2024-06-06,19:00,-12.98,50.9,-11.03,13.04,48.35
2024-06-06,20:00,72.56,24.68,130.39,17.41,73.82
2024-06-06,21:00,80.45,36.24,-19.21,14.91,61.06
2024-06-06,22:00,2.1,61.48,-29.4,11.8,21.27
2024-06-06,23:00,98.07,-12.33,54.31,9.01,12.31
2024-06-06,00:00,-26.96,36.82,119.21,4.69,3.81
2024-06-07,01:00,-21.9,28.91,29.22,3.03,78.66
2024-06-07,02:00,33.12,10.01,9.43,13.78,28.97
2024-06-07,03:00,31.49,-16.45,46.91,-1.19,21.11
2024-06-07,04:00,59.7,-6.84,54.55,2.31,12.35
2024-06-07,05:00,97.57,28.9,48.95,8.43,79.34
2024-06-07,06:00,-26.31,-1.71,-34.48,7.48,6.2
2024-06-07,07:00,-21.62,35.14,-42.59,-1.86,71.59
2024-06-07,08:00,40.7,28.35,50.49,13.21,10.03
2024-06-07,09:00,-1.3,26.64,137.47,17.18,69.02
2024-06-07,10:00,113.07,-3.33,119.94,10.75,84.76
2024-06-07,11:00,66.14,-8.47,110.31,10.8,64.09
2024-06-07,12:00,11.81,54.81,69.12,10.8,89.91
2024-06-07,13:00,123.59,-6.29,103.96,9.23,101.54
2024-06-07,14:00,45.16,-13.43,70.11,16.66,112.3
2024-06-07,15:00,-4.75,47.58,-15.45,20.11,73.96
2024-06-07,16:00,129.22,21.84,16.3,10.59,26.71
2024-06-07,17:00,53.09,7.67,68.76,4.88,41.33
2024-06-07,18:00,110.9,53.42,2.86,3.42,106.45
2024-06-07,19:00,30.66,-13.13,130.66,14.44,84.44
2024-06-07,20:00,-5.61,44.58,86.87,4.72,33.37
2024-06-07,21:00,62.52,60.93,0.69,13.08,85.3
2024-06-07,22:00,77.04,42.86,105.03,0.79,8.5
2024-06-07,23:00,32.88,5.92,7.18,13.14,42.11
2024-06-07,00:00,67.56,15.32,66.01,0.2,48.75
2024-06-08,01:00,-7.75,26.17,-28.35,-1.7,64.61
2024-06-08,02:00,87.61,18.25,-8.09,13.29,30.79
2024-06-08,03:00,84.32,-13.57,3.8,4.47,38.04
2024-06-08,04:00,23.04,1.22,103.71,11.1,78.29
2024-06-08,05:00,-0.65,31.57,-11.78,-0.44,70.86
2024-06-08,06:00,23.65,48.23,53,-4.36,63.14
2024-06-08,07:00,55.68,-15.96,16.18,12.27,-7.84
2024-06-08,08:00,85.54,7.59,71.33,5.04,0.41
2024-06-08,09:00,103.09,-12.9,104.02,2.46,13.97
2024-06-08,10:00,106.39,21.78,34.15,15.76,66.05
2024-06-08,11:00,97.31,-4.32,-41.96,2.52,75.36
2024-06-08,12:00,52.76,33.17,80.7,3.63,107.21
2024-06-08,13:00,2.19,56.15,-11.27,-0.59,79.76
2024-06-08,14:00,-24.09,42.23,-22.36,10,79.75
2024-06-08,15:00,54.93,-17.19,106.61,-1.79,87.58
2024-06-08,16:00,68.01,-5.71,132.12,5.96,73.81
2024-06-08,17:00,1.59,48.66,74.54,0.06,87.19
2024-06-08,18:00,47.53,31.07,96.78,15.58,24.49
2024-06-08,19:00,35.95,-15.68,-29.02,8.45,43.03
2024-06-08,20:00,119.99,17.52,113.23,13.58,87.93
2024-06-08,21:00,98.34,43.47,110.86,3.87,56.42
2024-06-08,22:00,34.41,25.17,-37.29,9.43,50.41
2024-06-08,23:00,93.74,-13.88,58.4,7.2,62.21
2024-06-08,00:00,67.06,19.55,46.54,11.37,12.69
2024-06-09,01:00,-38.92,-12.23,-5.58,-1.3,-22.75
2024-06-09,02:00,66.05,27.92,-25.1,6.33,62.29
2024-06-09,03:00,-29.27,24.92,33.33,-0.51,49.85
2024-06-09,04:00,28.57,8.99,110.98,4.24,49.97
2024-06-09,05:00,-11.93,27.21,103.28,-0.48,-24.73
2024-06-09,06:00,56.83,22.42,-45.3,0.02,24.76
2024-06-09,07:00,50.37,22.88,19.22,-3.76,74.77
2024-06-09,08:00,40.34,-8.34,-38.88,10.71,-17.17
2024-06-09,09:00,-20.73,8.25,48.92,-0.69,3.66
2024-06-09,10:00,21.14,55.15,15.95,5.6,79.37
2024-06-09,11:00,-14.18,-15.22,45.06,11.24,45.41
2024-06-09,12:00,-8.71,-14.59,60.79,10.85,37.06
2024-06-09,13:00,8.97,37.88,109.53,2.49,39.26
2024-06-09,14:00,101.65,47.87,98.85,17.47,27.59
2024-06-09,15:00,-7.15,-10.29,-0.07,3.59,71.53
2024-06-09,16:00,-7.93,18.9,129.44,16.69,96.39
2024-06-09,17:00,105.92,28.01,83.3,13.25,29.56
2024-06-09,18:00,61.68,12.46,-45.63,10.85,99.28
2024-06-09,19:00,91.08,51.48,127.24,9.99,74.55
2024-06-09,20:00,44.6,57.27,14.17,18.48,-1.85
2024-06-09,21:00,127.84,19.88,108.84,3.29,3.6
2024-06-09,22:00,-0.31,48.56,133.56,12.26,101.54
2024-06-09,23:00,89.82,47.09,30.71,14.46,1.27
2024-06-09,00:00,89.95,-16.7,129.17,7.43,27.87
2024-06-10,01:00,3.39,16.48,98.69,10,2.03
2024-06-10,02:00,-40.78,21.6,17.53,0.42,8.83
2024-06-10,03:00,35.76,7.55,-35.85,6.07,37.09
2024-06-10,04:00,29.52,34.62,27.69,-1.6,29.49
2024-06-10,05:00,-10.82,-22.52,54.6,9.11,-4.49
2024-06-10,06:00,80.52,31.67,53.66,7.22,73.44
2024-06-10,07:00,17.46,33.01,127.79,10.44,22.96
2024-06-10,08:00,26.56,48.39,62.18,22.25,116.17
2024-06-10,09:00,125.1,-11.36,125.34,3.13,54.58
2024-06-10,10:00,13.13,21.19,123.58,20.44,26.4
2024-06-10,11:00,51.03,29.11,92.75,22.39,85.18
2024-06-10,12:00,117.17,53.03,119.46,10.48,57.18
2024-06-10,13:00,61.3,16.86,150.08,21.13,94.2
2024-06-10,14:00,36.17,6.26,100.81,10.2,118.99
2024-06-10,15:00,65.7,16.82,5.03,16.39,48.77
2024-06-10,16:00,130.37,48.28,148.69,20.15,10.67
2024-06-10,17:00,118.81,-8.98,91.84,18.68,105.42
2024-06-10,18:00,50.39,-10.68,46.48,6.74,93.58
2024-06-10,19:00,5.69,44.11,21.27,17.75,81.55
2024-06-10,20:00,21.78,37.56,17.69,3.85,27.77
2024-06-10,21:00,118.19,49.48,-11.79,11.85,1.98
2024-06-10,22:00,34.49,-1.72,34.48,18.06,38.23
2024-06-10,23:00,4,-11.83,25.07,8.54,69.07
2024-06-10,00:00,65.21,-17.48,9.38,-0.99,85.1
2024-06-11,01:00,52.09,-14.62,34.19,0.82,81.59
2024-06-11,02:00,44.48,21.57,27.74,9.45,31.02
2024-06-11,03:00,35.1,-5.47,-45.69,10.15,9.98
2024-06-11,04:00,69.55,49.08,-6.69,11.86,36.29
2024-06-11,05:00,-42.27,34.15,107.76,9.38,58.44
2024-06-11,06:00,7.7,47.94,-45.4,-1.45,-23.84
2024-06-11,07:00,48.83,33.37,9.73,8.74,11.44
2024-06-11,08:00,107.33,0.92,29.78,10.59,59.65
2024-06-11,09:00,63.59,-16.49,39.7,15.71,111.72
2024-06-11,10:00,135.42,8.88,-14.39,22.38,33.03
2024-06-11,11:00,70.8,17.47,-4.19,20.24,85.97
2024-06-11,12:00,33,-16.37,58.94,12.72,33.32
2024-06-11,13:00,80.81,-14.69,10.18,27.77,93.37
2024-06-11,14:00,107.35,43.26,-21.48,26.16,46.03
2024-06-11,15:00,135.22,-23.42,84.76,14.34,91.94
2024-06-11,16:00,113.21,48.04,55.12,14.19,111.23
2024-06-11,17:00,87.15,49.14,58.64,24.29,48.72
2024-06-11,18:00,106.02,45.38,61.07,19.58,22.74
2024-06-11,19:00,77.59,-0.31,91.91,3.99,20.08
2024-06-11,20:00,1.11,45.31,-18.97,7.53,19.54
2024-06-11,21:00,17.77,-7.71,106.17,4.21,21.54
2024-06-11,22:00,109.31,4.09,91.71,8.77,30.17
2024-06-11,23:00,86.5,51.94,56.96,8.02,-12.88
2024-06-11,00:00,12.01,-9.67,-14.05,12.43,82.23
2024-06-12,01:00,-4.61,49.45,10.12,2.84,-9.81
2024-06-12,02:00,11.9,-10.09,15.14,6.71,74.54
2024-06-12,03:00,-36.29,-1.82,57.22,-3.63,32.58
2024-06-12,04:00,9.05,12.45,46.56,9.17,-32.08
2024-06-12,05:00,53,36.11,-32.43,-3.74,76.46
2024-06-12,06:00,-38.79,-12.37,37.42,5.92,26.63
2024-06-12,07:00,5.09,-16.97,-2.04,6.37,46.64
2024-06-12,08:00,16.42,25.94,-26.44,10.9,81.64
2024-06-12,09:00,122.8,8.06,126.29,14.76,68.74
2024-06-12,10:00,123.8,56.31,93.47,21.48,78.41
2024-06-12,11:00,118.97,24.22,116.66,24.53,44.04
2024-06-12,12:00,23.28,18.47,31.98,19.88,53.71
2024-06-12,13:00,29.61,26.14,140.13,13.71,45.07
2024-06-12,14:00,51.61,33.58,31.1,17.5,86.1
2024-06-12,15:00,131.71,11.62,43.01,26.76,32.38
2024-06-12,16:00,12.28,40.71,57.13,12.82,26.21
2024-06-12,17:00,86.63,21.93,132.14,15.21,95.01
2024-06-12,18:00,38.88,2.02,40.15,7.22,68.92
2024-06-12,19:00,-1.85,28.42,27.13,1.38,32.23
2024-06-12,20:00,119.99,27.94,106.92,3,20.18
2024-06-12,21:00,36.37,19.14,-8.14,16.38,-7.54
2024-06-12,22:00,30.11,47.38,60.07,2.96,65.32
2024-06-12,23:00,75.62,44.25,135.37,16.01,87.01
2024-06-12,00:00,-14.09,10.67,86.14,6.16,-15.53
2024-06-13,01:00,39.21,45.55,21.56,10.5,20.74
2024-06-13,02:00,92.39,5.66,12.18,-1.87,35.41
2024-06-13,03:00,-23.14,1.98,14.25,0.74,-29.55
2024-06-13,04:00,-30.85,25.31,-6.37,3.86,-37.5
2024-06-13,05:00,21.03,-21.12,-3.91,5.83,-27.93
2024-06-13,06:00,36.27,-1.58,80.59,7.23,19.41
2024-06-13,07:00,10.4,-0.27,1.71,14,54.06
2024-06-13,08:00,101.12,58.25,81.03,17.63,63.32
2024-06-13,09:00,4.03,-3.07,136.41,11.44,19.44
2024-06-13,10:00,10.84,22.41,70.64,14.03,50.99
2024-06-13,11:00,116.86,-6.1,57.88,22.37,62.29
2024-06-13,12:00,33.3,24.25,36.2,9.55,19.86
2024-06-13,13:00,117.74,6.85,128.94,15.61,17.87
2024-06-13,14:00,136.38,15.22,-17.73,14.73,56.02
2024-06-13,15:00,52.25,37.54,-27.54,11.62,31.69
2024-06-13,16:00,69.83,46.17,109.92,21.52,28.16
2024-06-13,17:00,81.83,3.11,104.31,17.11,95.79
2024-06-13,18:00,43.49,-7.05,109.85,11.43,45.04
2024-06-13,19:00,53.36,15.93,-1.48,10.67,91.16
2024-06-13,20:00,119.04,42.59,22.98,7.18,0.57
2024-06-13,21:00,110.52,41.7,35.58,5.9,81.69
2024-06-13,22:00,81.67,-11.9,22.9,16.28,75.69
2024-06-13,23:00,73.41,19.43,82.69,13.99,7.01
2024-06-13,00:00,-12.22,41.18,72.08,10.86,73.21
2024-06-14,01:00,28.39,43.09,-0.58,4.14,18.09
2024-06-14,02:00,65.87,15.19,-1.59,12.22,15.02
2024-06-14,03:00,-9.77,27.78,37.07,7.08,-11.39
2024-06-14,04:00,-42.86,2.13,-20.14,10.6,35.63
2024-06-14,05:00,-41.98,6.58,57.85,-1.99,42.87
2024-06-14,06:00,60.55,14.93,105.07,5.51,9.09
2024-06-14,07:00,36.09,27.93,27.07,10.98,63.45
2024-06-14,08:00,75.77,-7.19,2.61,7.75,60.24
2024-06-14,09:00,62.77,2.52,51.2,20.54,126.3
2024-06-14,10:00,106.24,18.25,155.22,15.16,16.32
2024-06-14,11:00,46.2,-16.33,145.6,11.7,96.7
2024-06-14,12:00,121.4,30.56,138.88,21.85,97.86
2024-06-14,13:00,96.86,48.07,-5.1,22.62,29.11
2024-06-14,14:00,-1.23,19.21,-13.67,21.03,86.84
2024-06-14,15:00,39.56,-10.44,133.79,20.22,120.11
2024-06-14,16:00,44.8,41.06,107.19,20.88,33.49
2024-06-14,17:00,5.12,53.43,8.66,15.95,105.07
2024-06-14,18:00,4.25,38.05,19.92,18.93,45.38
2024-06-14,19:00,74.24,-14.78,97.08,12.68,35.15
2024-06-14,20:00,93.6,22.86,129.91,7.46,92.26
2024-06-14,21:00,64.07,54.2,30.77,7.4,31.42
2024-06-14,22:00,102.46,31.81,48.5,12.11,88.58
2024-06-14,23:00,-10.12,-14.03,28.2,6.87,11.59
2024-06-14,00:00,61.52,2.56,51.08,5.25,80.97
2024-06-15,01:00,47.63,12.51,110.9,11.01,64.06
2024-06-15,02:00,-29.94,-17.67,75.46,-1.31,54.78
2024-06-15,03:00,-37.03,-22.49,-7.01,-3.02,16.71
2024-06-15,04:00,24.47,21.31,79.81,8.61,21.47
2024-06-15,05:00,-8.54,9.1,-9.5,1.54,54.61
2024-06-15,06:00,73.53,35.59,111.76,8.82,-7.13
2024-06-15,07:00,42.87,10.47,-22.52,12.73,-31.06
2024-06-15,08:00,77.75,39.28,104.33,2.75,49.79
2024-06-15,09:00,-12.72,7.19,103.46,4.13,6.18
2024-06-15,10:00,46.49,57.41,5.48,17.85,16.03
2024-06-15,11:00,61.02,-13.49,105.48,17.89,71.33
2024-06-15,12:00,37.28,-17.06,22.13,9.52,46.33
2024-06-15,13:00,81.79,51.94,128.65,12.56,100.57
2024-06-15,14:00,40.92,50.89,-3.76,16.72,56.9
2024-06-15,15:00,-16.39,51.94,-29.27,6.45,87.68
2024-06-15,16:00,1.54,2.2,111.67,2.79,31.11
2024-06-15,17:00,114.8,29.31,107.78,12.5,42.52
2024-06-15,18:00,11.15,50.95,-22.42,6.56,85.75
2024-06-15,19:00,72.72,15.59,69.69,6.17,-9.2
2024-06-15,20:00,91.46,6.27,-18.61,16.62,90.28
2024-06-15,21:00,117.56,55.4,112.47,14.14,66.97
2024-06-15,22:00,-9.86,30.43,-15.84,15.58,-1.45
2024-06-15,23:00,-6.65,34.05,52.65,7.18,72.81
2024-06-15,00:00,66.37,47.75,122.43,14.76,58.02
2024-06-16,01:00,41.18,18.77,24.51,12.34,-28.78
2024-06-16,02:00,28.86,37.89,104.27,1.16,63.34
2024-06-16,03:00,18.56,46.26,-53.99,5.36,22.3
2024-06-16,04:00,24.62,41.01,-13.61,-2.6,-25.94
2024-06-16,05:00,48.07,36.13,78.15,-1.16,6.65
2024-06-16,06:00,74.25,-3.09,59.78,-0.12,54.72
2024-06-16,07:00,1.09,16.67,4.98,3.61,-22.49
2024-06-16,08:00,103.55,-18.2,110.49,3.95,31.02
2024-06-16,09:00,-15.26,-8.91,-27.36,7.48,1.92
2024-06-16,10:00,27.77,10.26,66.51,2.35,63.29
2024-06-16,11:00,24.71,51.48,81.26,17.73,92.26
2024-06-16,12:00,-1.75,50.17,81.61,5.31,29.3
2024-06-16,13:00,55.49,-24,8.26,16.78,-2.62
2024-06-16,14:00,96.4,-7.47,-41.88,2.98,69.57
2024-06-16,15:00,-3.48,4.19,69.1,4.44,14.72
2024-06-16,16:00,84.98,12.14,1.44,13.95,33.47
2024-06-16,17:00,72.5,27.2,116.88,8.01,14.17
2024-06-16,18:00,121.81,26.27,-43.05,6.87,89.34
2024-06-16,19:00,94.99,2.5,109.57,17.49,66.41
2024-06-16,20:00,30.4,12.24,-12.66,0.46,13.61
2024-06-16,21:00,21.18,-10.15,-3.24,8.52,47.69
2024-06-16,22:00,24.04,33.83,-6.6,2.08,87.39
2024-06-16,23:00,10.59,14.47,112.79,-0.73,41.04
2024-06-16,00:00,-3.68,-16.02,122.54,3.52,30.33
2024-06-17,01:00,60.63,35.95,57.57,2.53,-28.22
2024-06-17,02:00,-16.06,48.2,44.34,-3.12,20.36
2024-06-17,03:00,-11.08,39.33,101.95,-4.49,-30.43
2024-06-17,04:00,41.98,31.62,64.96,-3.35,72.66
2024-06-17,05:00,-42.94,-4.18,81.71,13.28,66.07
2024-06-17,06:00,0.23,33.69,-54.72,-1.72,77.17
2024-06-17,07:00,80.28,15.3,70.41,8.44,-14.22
2024-06-17,08:00,121.03,55.86,29.7,21.33,28.01
2024-06-17,09:00,51.52,35,133.23,8.27,73.65
2024-06-17,10:00,46.35,33.98,64.32,12.51,60.43
2024-06-17,11:00,23.75,20.55,53.18,17.76,57.58
2024-06-17,12:00,73.1,1.82,86.35,10.06,41.95
2024-06-17,13:00,10.43,23.83,85.61,12.42,27.8
2024-06-17,14:00,-3.28,41.45,7.91,9.62,106.79
2024-06-17,15:00,34.96,37.34,90.05,12.27,102.46
2024-06-17,16:00,24.94,-18.96,20.72,23.09,20.82
2024-06-17,17:00,64.3,8.23,139.55,6.42,95.79
2024-06-17,18:00,-6.03,-4.79,77.61,15.45,49.13
2024-06-17,19:00,94.31,-14.29,80.96,14.08,107.31
2024-06-17,20:00,-7.25,4.56,49.31,9.84,42.84
2024-06-17,21:00,0.54,22.73,127.29,15.39,57.56
2024-06-17,22:00,127.03,10.17,-22.88,17.97,51.21
2024-06-17,23:00,-20.06,46.36,122.73,17.47,16.72
2024-06-17,00:00,79.27,42.32,58.24,14.99,87.22
2024-06-18,01:00,-29.92,-16.98,63.82,-1.18,37.24
2024-06-18,02:00,15.11,21.65,79.05,10.74,-34.33
2024-06-18,03:00,49.65,-6.56,80.95,-5.49,11.43
2024-06-18,04:00,50.65,30.05,3.78,5.82,-23.07
2024-06-18,05:00,-12.99,19.64,-48.7,-3.81,-9.88
2024-06-18,06:00,96.6,41.95,106.24,2.81,-28.91
2024-06-18,07:00,11.31,-10.99,-40.31,10.97,-1.11
2024-06-18,08:00,-2,-9.32,110.44,20.32,96.1
2024-06-18,09:00,75.11,30.34,51.49,19.57,20.51
2024-06-18,10:00,99.38,-12.37,-3.94,14.91,41.07
2024-06-18,11:00,88.34,27.78,50.54,13.45,37.43
2024-06-18,12:00,17.29,2.99,30.75,16.76,83.63
2024-06-18,13:00,109.15,-10.52,-0.98,12.34,15.4
2024-06-18,14:00,38.27,-19.35,70.81,18.45,105.67
2024-06-18,15:00,106.03,29.05,10.24,9.04,119.29
2024-06-18,16:00,129,43.32,120.26,19.95,17.68
2024-06-18,17:00,129.89,29.38,107.39,18.86,58
2024-06-18,18:00,108.68,-7.58,44.4,18.36,17.9
2024-06-18,19:00,57.26,45.26,95.03,8.41,40.36
2024-06-18,20:00,62.68,24.5,106.41,15.74,90.66
2024-06-18,21:00,-10.69,4.16,70.58,8.26,107.93
2024-06-18,22:00,71.85,57.8,91.04,6.86,8.91
2024-06-18,23:00,0.43,35.68,68.4,5.31,76.16
2024-06-18,00:00,42.62,14.74,-17.05,9.96,14.02
2024-06-19,01:00,95.66,-11.81,8.51,5.41,73.38
2024-06-19,02:00,20.17,-3.97,39.96,-2.03,10.39
2024-06-19,03:00,41.49,17.67,74.25,2.17,65.22
2024-06-19,04:00,61.43,16.14,12.45,0.12,35.29
2024-06-19,05:00,-3.43,15.76,23.66,-2.07,13.47
2024-06-19,06:00,-38.29,39.84,-14.42,-3.58,80
2024-06-19,07:00,-4.81,14.8,111.6,6.61,-9.97
2024-06-19,08:00,5.2,23.08,-2.82,23.88,85.9
2024-06-19,09:00,1.75,26.49,68.83,13.07,110.17
2024-06-19,10:00,123.78,48.1,70.88,10.03,103.65
2024-06-19,11:00,38.09,7.89,27.06,28.79,127.1
2024-06-19,12:00,67.42,31.86,-7.45,20.36,26.87
2024-06-19,13:00,139.09,46.62,44.17,23.1,26.77
2024-06-19,14:00,121.85,-12.81,56.64,22.95,103.1
2024-06-19,15:00,32.99,38.67,50.88,24.2,120.24
2024-06-19,16:00,109.41,11.62,16.66,13.41,112.66
2024-06-19,17:00,84.17,-8.27,5.57,20.08,117.8
2024-06-19,18:00,26.88,20.57,69.52,8.33,24.87
2024-06-19,19:00,81.44,21.53,17.4,2.83,50.72
2024-06-19,20:00,122.79,6.37,28.58,7.1,9.12
2024-06-19,21:00,33.49,21.08,38.64,2.42,-7.07
2024-06-19,22:00,31.62,1.32,34.14,9.26,86.13
2024-06-19,23:00,99.37,-14.33,26.36,6.6,75.51
2024-06-19,00:00,-25.59,20.86,-9.3,3.86,48.2
2024-06-20,01:00,39.57,47.53,-38.89,4.04,-7.38
2024-06-20,02:00,72.48,29.43,68.35,8.28,67.46
2024-06-20,03:00,-33.13,5.04,69.91,-4.16,72.88
2024-06-20,04:00,67.58,27.31,86.22,3.21,-38.14
2024-06-20,05:00,88.2,-13.94,-6.52,12.96,-5.58
2024-06-20,06:00,72.92,16.07,105.02,11.33,56.7
2024-06-20,07:00,-17.6,6.47,46.07,2.83,-11.64
2024-06-20,08:00,80.48,-8.57,16.51,4.81,42.26
2024-06-20,09:00,81.06,-12.24,99.71,12.57,46.87
2024-06-20,10:00,94.52,53.93,43.73,11.33,32.54
2024-06-20,11:00,41.75,29.4,-22.12,19.04,73.64
2024-06-20,12:00,94.48,36.3,10.75,11.82,46.24
2024-06-20,13:00,82.81,38.61,89.86,12.76,115.1
2024-06-20,14:00,98.86,49.29,140.16,14.21,114.35
2024-06-20,15:00,92.13,29.48,17.01,15.94,48.26
2024-06-20,16:00,17.55,-4.61,124.25,13.21,17.92
2024-06-20,17:00,0.15,41.82,105.27,20.82,111.23
2024-06-20,18:00,132.72,-8.33,77.86,18.66,6.21
2024-06-20,19:00,38.81,48.04,81.07,10.76,93.66
2024-06-20,20:00,54.08,8.42,-30.19,18.8,36.46
2024-06-20,21:00,63.43,54.94,3.2,14.26,12.3
2024-06-20,22:00,98.45,5.25,56.61,17.16,64.98
2024-06-20,23:00,89.32,27.53,-8.73,2.17,-4.71
2024-06-20,00:00,100.34,-3.64,82.11,0.72,84.66
2024-06-21,01:00,85.08,25.52,-18.86,3.27,-5.85
2024-06-21,02:00,78.29,-22,79.51,13.15,60.77
2024-06-21,03:00,50.2,45.23,86.7,4.87,-32.22
2024-06-21,04:00,87.28,27.1,-29.7,4.01,-3.84
2024-06-21,05:00,84.21,-26.29,63.61,4.85,59.1
2024-06-21,06:00,38.73,39.62,-22.42,-1.15,-21.48
2024-06-21,07:00,27.36,2.79,10,9.72,2.68
2024-06-21,08:00,51.04,3.64,118.91,5.25,87.33
2024-06-21,09:00,145.27,-16.81,85.12,19.32,71.6
2024-06-21,10:00,88.49,50.45,87.02,12.16,38.32
2024-06-21,11:00,128.73,8.97,60.65,11.6,58.02
2024-06-21,12:00,23.77,13.96,-17.56,19.37,72.55
2024-06-21,13:00,39.2,38.67,80.03,16.21,105.65
2024-06-21,14:00,99.57,53.17,11.13,16.46,62.12
2024-06-21,15:00,103.74,39.56,20.27,18.29,121.67
2024-06-21,16:00,52.83,12.07,117.48,15.4,64.04
2024-06-21,17:00,77.49,33.46,16.62,8.83,70.76
2024-06-21,18:00,20.72,-6.42,105.93,11.61,71.06
2024-06-21,19:00,58.31,2.93,11.98,9.74,66.86
2024-06-21,20:00,76.63,34.28,75.42,14.45,72.68
2024-06-21,21:00,2.99,27.08,91.89,1,-6.45
2024-06-21,22:00,83.8,-11.04,106.98,5.67,63.07
2024-06-21,23:00,-6.57,27.41,-0.15,10.89,14.82
2024-06-21,00:00,33.5,-9.39,95.91,2.68,-27.09
2024-06-22,01:00,76.72,39.5,101.37,-0.61,70.57
2024-06-22,02:00,72.82,-21.33,-35.09,6.97,50.82
2024-06-22,03:00,3.89,1.77,69.15,8.01,53.86
2024-06-22,04:00,45.23,5.13,-42.31,-0.14,31.96
2024-06-22,05:00,-11.45,-25.27,66.51,7.77,0.08
2024-06-22,06:00,41.63,36.45,-23.66,-3.89,-3.02
2024-06-22,07:00,28.38,10.66,99.62,5.35,-30.48
2024-06-22,08:00,-23.18,10.58,98.44,13.83,-6.67
2024-06-22,09:00,82.85,-18.43,78.7,11.82,43.26
2024-06-22,10:00,89.99,-14.9,115.61,10.69,78.41
2024-06-22,11:00,65.64,43.39,1.22,3.98,38.96
2024-06-22,12:00,65.49,48.33,109.39,1.22,56.61
2024-06-22,13:00,-15.06,-19.76,-20.15,10.63,80.52
2024-06-22,14:00,68.95,-25.2,-12.62,9.83,9.97
2024-06-22,15:00,30.01,1.13,13.33,13.76,35.99
2024-06-22,16:00,42.99,29.46,56.65,11.35,67.96
2024-06-22,17:00,115.8,2.21,59.25,19.35,76.55
2024-06-22,18:00,98.82,2.06,-0.4,5.14,65.06
2024-06-22,19:00,117.28,-3.93,-21.29,10.25,66.04
2024-06-22,20:00,44.2,0.34,37.56,7.31,72.48
2024-06-22,21:00,-1.76,40.29,66.91,1.03,71.75
2024-06-22,22:00,-14.46,-3.87,65.18,8.18,65.57
2024-06-22,23:00,68.59,-18.46,104.59,6.16,37.71
2024-06-22,00:00,25.83,9.46,-20.35,6.56,-24.12
2024-06-23,01:00,32.64,42.62,35.93,4.72,11.49
2024-06-23,02:00,24.44,-8.71,-54.54,1.86,28.82
2024-06-23,03:00,82.69,32.53,57.71,12.77,-9.23
2024-06-23,04:00,27.34,4.48,12.89,1.26,47.38
2024-06-23,05:00,-1.15,20.04,51.76,12.88,48.35
2024-06-23,06:00,22.99,-6.95,10.93,14.88,60.57
2024-06-23,07:00,49.27,22.92,34.99,1.36,44.37
2024-06-23,08:00,88.02,10.98,72.32,2.17,67.13
2024-06-23,09:00,92.34,32.6,95.67,8.65,61.32
2024-06-23,10:00,62.73,26.59,108.54,14.36,80.1
2024-06-23,11:00,12.49,3.65,68.75,15.49,48.14
2024-06-23,12:00,-9.92,53.49,25.61,7.87,44.18
2024-06-23,13:00,50.05,29.26,-37.05,12.07,37.52
2024-06-23,14:00,-10.53,53.61,75.54,1.6,37.82
2024-06-23,15:00,6.64,9.74,49.49,1.81,-1.36
2024-06-23,16:00,39.44,-7.71,-24.55,16.58,14.47
2024-06-23,17:00,103.95,51.51,113.3,12.02,57.94
2024-06-23,18:00,76.42,8.78,13.22,11.14,-0.64
2024-06-23,19:00,-3.94,29.96,98.14,2.73,94.95
2024-06-23,20:00,61.87,46.6,-7.4,11.67,39.62
2024-06-23,21:00,35.57,-10.67,96.32,10.36,89.67
2024-06-23,22:00,110.39,19.58,-22.22,17.55,-4.78
2024-06-23,23:00,5.9,-4.64,-31.43,4.06,52.89
2024-06-23,00:00,-3.65,-0.89,-50.56,-0.05,27.22
2024-06-24,01:00,54.85,-15.01,118.69,12.59,69.33
2024-06-24,02:00,36.11,30.56,-47.2,1.37,-26.91
2024-06-24,03:00,80.47,-17.47,25.86,7.55,-26.24
2024-06-24,04:00,59.75,-27.38,52.19,7.66,-28.37
2024-06-24,05:00,-26.18,37.18,9.27,-0.32,73.53
2024-06-24,06:00,51.1,-13.99,-34.24,8.83,45.12
2024-06-24,07:00,-21.6,-0.4,47.22,9.29,84.86
2024-06-24,08:00,6.39,40.08,124.91,21.83,23.84
2024-06-24,09:00,63.77,-12.62,119.25,21.82,52.33
2024-06-24,10:00,128.48,-16.07,132,17.53,30.96
2024-06-24,11:00,78.14,19.43,63.42,16.03,81.59
2024-06-24,12:00,4.35,19.78,58.48,12.93,86.86
2024-06-24,13:00,74.23,40.17,52.51,19.1,82.61
2024-06-24,14:00,67.37,50.73,7.72,25.55,15.83
2024-06-24,15:00,57.52,26.17,136.84,15.23,45.56
2024-06-24,16:00,49.91,33.31,61.4,18.07,45.6
2024-06-24,17:00,127.98,13.86,-12.13,25.72,95.1
2024-06-24,18:00,106.92,5.97,44.98,20.54,10.21
2024-06-24,19:00,15.31,-6.53,-9.52,12.42,50.64
2024-06-24,20:00,31.24,43.03,21.49,0.71,96.76
2024-06-24,21:00,17.05,15.99,-39.23,4.26,93.23
2024-06-24,22:00,59.13,11.49,72.25,3.02,88.87
2024-06-24,23:00,69.27,8.76,25.82,4.01,58.42
2024-06-24,00:00,42.77,-8.34,94.07,-0.06,51.65
2024-06-25,01:00,-13.59,18.77,52.65,10.11,37.99
2024-06-25,02:00,38.99,43.77,28.72,11.94,-26.29
2024-06-25,03:00,-6.95,-27.11,103.63,-4.25,-25.15
2024-06-25,04:00,59.01,47.95,-49.81,8.51,43.64
2024-06-25,05:00,45.42,42.8,8.06,0.97,25.4
2024-06-25,06:00,81.8,11.7,90.43,11.74,17.26
2024-06-25,07:00,69.37,35.21,51.57,0.53,64.53
2024-06-25,08:00,98.76,56.97,8.67,5.04,69.83
2024-06-25,09:00,-4.72,33.68,77.55,10.55,70.33
2024-06-25,10:00,69.8,-14.69,-19.98,22.7,18.54
2024-06-25,11:00,35.18,43.1,49.57,10.04,56.31
2024-06-25,12:00,110.04,22.62,141.89,19.53,111.08
2024-06-25,13:00,110.48,-5.46,64.31,8.94,61.49
2024-06-25,14:00,28.8,18.64,74.28,6.69,83.3
2024-06-25,15:00,109.58,26.49,-31.34,24.84,110.16
2024-06-25,16:00,25.41,37.47,5.78,9.85,93.11
2024-06-25,17:00,79.19,-22.01,123.32,13.92,15.93
2024-06-25,18:00,97.27,36.98,87.39,18.83,80.17
2024-06-25,19:00,42.01,-0.21,-49.34,14.94,-7.57
2024-06-25,20:00,-1.87,41.76,124.22,7.69,17.39
2024-06-25,21:00,12.96,10.02,74.9,1.33,-7.22
2024-06-25,22:00,1.64,9.38,101.12,3.22,25.61
2024-06-25,23:00,57.97,39.42,-36.43,8.76,25.24
2024-06-25,00:00,60.1,37.12,104.71,8,-18.46
2024-06-26,01:00,44.49,-13.15,105.63,8.04,58.26
2024-06-26,02:00,31.92,30.96,43.01,1.02,34.87
2024-06-26,03:00,-8.28,48.43,108.53,2.24,61.26
2024-06-26,04:00,91.75,17.92,44.37,-5.83,19.93
2024-06-26,05:00,47.12,29.15,84.15,2.17,-21.13
2024-06-26,06:00,-31.53,34.58,93.89,-2.98,35.47
2024-06-26,07:00,64.73,-0.6,118.83,15.79,21.58
2024-06-26,08:00,67.25,-5.75,89.86,18.61,61.62
2024-06-26,09:00,25.32,34.71,91.86,3.13,113.97
2024-06-26,10:00,9.17,30.55,41,20.22,121.66
2024-06-26,11:00,69.81,54.59,141.51,5.51,31.64
2024-06-26,12:00,42.42,15.21,-6.78,10.56,31.94
2024-06-26,13:00,5.35,-0.27,-8.43,16.93,52.52
2024-06-26,14:00,10.42,26.27,57.84,16.59,85.22
2024-06-26,15:00,106.61,-0.02,132.94,10.71,67.29
2024-06-26,16:00,39.99,18.23,34.81,25.15,3.54
2024-06-26,17:00,-7.58,23.29,121.64,20.65,78.23
2024-06-26,18:00,91.26,11.83,1.07,11.42,51.46
2024-06-26,19:00,11.21,-13.15,35.06,9.17,41.97
2024-06-26,20:00,71.79,15.5,-1.56,0.58,24.84
2024-06-26,21:00,-9.17,19.16,32.26,13.99,24.89
2024-06-26,22:00,13.67,43.87,42.53,3.6,29.86
2024-06-26,23:00,91.85,56.03,62.94,8.62,88.91
2024-06-26,00:00,15.85,50.85,63.31,13.17,86.07
2024-06-27,01:00,48.97,44.79,15.91,-1.16,80.2
2024-06-27,02:00,84.51,29.7,3.65,3.39,36.65
2024-06-27,03:00,-8.23,24.37,8.35,12.19,15.46
2024-06-27,04:00,-4.56,39.74,75.73,-0.19,-2.73
2024-06-27,05:00,82.09,-4.93,-0.46,-3.01,39.13
2024-06-27,06:00,-4.79,25.31,2.71,10.07,40.14
2024-06-27,07:00,52.48,28.77,24.27,1.58,-3.64
2024-06-27,08:00,103.41,23.98,69.68,6,57.39
2024-06-27,09:00,49.85,30.02,62.77,20.02,102.68
2024-06-27,10:00,117.98,24.81,89.73,6.94,103.72
2024-06-27,11:00,39.95,-7.02,-23.75,14.68,23.35
2024-06-27,12:00,37.22,-0.69,54.05,4.27,26.07
2024-06-27,13:00,69.09,16.83,77.66,7.82,113.45
2024-06-27,14:00,56.61,-14.03,6.2,8.5,92.46
2024-06-27,15:00,36.23,-2.04,45.99,9.34,40.06
2024-06-27,16:00,95.14,-8.56,49.8,14.57,67.32
2024-06-27,17:00,7.87,32.92,64.51,14.71,46.47
2024-06-27,18:00,37.83,27.14,39.99,9.63,92.38
2024-06-27,19:00,106.09,49.89,-16.52,4.13,94.24
2024-06-27,20:00,92.67,30.34,109.79,17.65,30.62
2024-06-27,21:00,115.88,32.37,42.13,17.56,70.18
2024-06-27,22:00,31.55,1.73,30,10.7,-8.92
2024-06-27,23:00,87.29,-12.96,-18.53,15.85,-10.71
2024-06-27,00:00,4.25,46.35,93.57,5.89,36.85
2024-06-28,01:00,53.32,47.01,30.64,5.1,28.26
2024-06-28,02:00,1.14,-14.01,111.62,12.96,65.85
2024-06-28,03:00,47.45,-19.57,-10.75,4.15,33.44
2024-06-28,04:00,56.31,-7.11,-31.32,8.67,-22.84
2024-06-28,05:00,55.39,-0.48,92.92,12.9,20.99
2024-06-28,06:00,64.01,-16.45,-64.75,12.65,27.72
2024-06-28,07:00,4.77,-0.59,6.64,13.22,60.09
2024-06-28,08:00,22.53,20.12,11.28,8.45,13.98
2024-06-28,09:00,72.93,47.34,98.62,22.64,51.86
2024-06-28,10:00,137.29,44.01,119.84,10.09,59.63
2024-06-28,11:00,-0.69,7.86,128.13,21.87,26.19
2024-06-28,12:00,114.05,11.22,-26.23,11.75,109.46
2024-06-28,13:00,111.91,50.31,-10.29,24.59,24.48
2024-06-28,14:00,15.55,46.04,137.74,19.14,96.18
2024-06-28,15:00,73.5,49.69,87.31,22.37,84.34
2024-06-28,16:00,32.27,-22.31,92.56,11.07,106.5
2024-06-28,17:00,43.15,21.79,47.73,19.43,57.21
2024-06-28,18:00,64.02,9.73,72.14,13.73,21.28
2024-06-28,19:00,45.04,11.48,105.88,13.69,60.26
2024-06-28,20:00,122.72,4.58,-8.85,6.94,31.43
2024-06-28,21:00,14.31,45.12,71.77,15.2,96.42
2024-06-28,22:00,-9.87,-14.09,18.8,7.48,91.21
2024-06-28,23:00,69,24.16,14.33,5.61,-20.46
2024-06-28,00:00,89.81,-22.33,43.6,-0.17,0.38
2024-06-29,01:00,30.9,-24.65,-10.55,3.95,52.85
2024-06-29,02:00,73.37,-21.62,88.21,-3.12,60.45
2024-06-29,03:00,20.03,26.77,-4.07,1.61,34.05
2024-06-29,04:00,-44.65,-8.38,51.3,10.21,10.27
2024-06-29,05:00,-2,-0.95,77.5,-4.77,60.52
2024-06-29,06:00,31.7,42.13,-51.5,0.73,16
2024-06-29,07:00,68.94,4.34,88.89,0.62,29.34
2024-06-29,08:00,-29.1,12.41,-41.4,3.03,0.6
2024-06-29,09:00,9.74,55.92,44.86,13.46,-13.26
2024-06-29,10:00,37.53,14.13,117.6,9.45,66.45
2024-06-29,11:00,116.84,-13.1,26.12,11.78,15.81
2024-06-29,12:00,91.05,-4.49,129.15,10.99,94.04
2024-06-29,13:00,14.67,14.63,-44.39,14.43,101
2024-06-29,14:00,72.19,13.2,-29.48,16.38,90.31
2024-06-29,15:00,-13.31,-21.86,78.55,10.03,100.22
2024-06-29,16:00,-13.36,34.29,29.55,8.19,29.67
2024-06-29,17:00,11.83,-16.2,17.11,7.47,95.27
2024-06-29,18:00,19.03,-2.69,48.54,1.86,21.89
2024-06-29,19:00,66.86,13.67,-5.79,18.34,-12.66
2024-06-29,20:00,73.06,-11.91,-1.42,2.37,48.8
2024-06-29,21:00,80.52,32.75,55.89,10.01,40.79
2024-06-29,22:00,-15.61,33.46,48.8,2.39,88.68
2024-06-29,23:00,21.08,20.41,-32.65,0.83,38.73
2024-06-29,00:00,54.22,48.85,83.78,0.78,48.82
2024-06-30,01:00,-38.38,-23.84,-31.65,8.3,3.78
2024-06-30,02:00,-1.8,15.21,55.11,-3.99,11.95
2024-06-30,03:00,65.57,-11.38,58.85,2.9,48.43
2024-06-30,04:00,88.06,9.51,-41.91,0.7,-35.1
2024-06-30,05:00,61.95,9.41,-14.27,2.04,-9.68
2024-06-30,06:00,18.93,23.85,71.09,7.64,59.61
2024-06-30,07:00,24.27,-19.45,12.88,6.48,-25.86
2024-06-30,08:00,-3.35,-20.74,94.68,3.3,6.86
2024-06-30,09:00,83.79,15.61,32.14,7.49,71.3
2024-06-30,10:00,40.36,37.14,-16.24,17.17,-3.01
2024-06-30,11:00,63.03,37.99,-18.56,12.92,87.93
2024-06-30,12:00,13.36,35.09,13.23,6.19,75.52
2024-06-30,13:00,77.15,-11.78,25.19,16.04,38.87
2024-06-30,14:00,118.81,44.68,54.92,7.22,24.15
2024-06-30,15:00,115.52,42.78,79.6,8.95,20.25
2024-06-30,16:00,-6.35,54.05,-16.41,10.07,20.16
2024-06-30,17:00,17.85,25.58,-19.44,9.62,98.51
2024-06-30,18:00,56.19,47.14,123.76,4.56,48.29
2024-06-30,19:00,-13.37,4.82,38.47,11.1,67.16
2024-06-30,20:00,25.48,18.88,22.42,16.99,35.44
2024-06-30,21:00,-16.83,7.03,35.26,9.29,55.87
2024-06-30,22:00,77.69,44.42,103.03,5.62,10.26
2024-06-30,23:00,75.03,23.72,100.85,6.59,73.49
2024-06-30,00:00,46.72,43.09,22.8,12.73,17.03
2024-07-01,01:00,-17.35,6.89,82.28,8.52,64.08
2024-07-01,02:00,-42.21,-28.34,68.73,5.5,58.47
2024-07-01,03:00,-15.25,-0.98,-36.07,13.99,-35.72
2024-07-01,04:00,47.21,36.89,22.67,-2.32,67.59
2024-07-01,05:00,-35.88,-1,89.36,4.31,12.86
2024-07-01,06:00,82.14,-24.36,-18.49,0.49,49.25
2024-07-01,07:00,94.23,20.61,28.38,17.57,53.76
2024-07-01,08:00,55.86,-5.53,131,20.72,102.13
2024-07-01,09:00,125.7,52.97,11.63,25.21,126.38
2024-07-01,10:00,140.56,40.77,116.34,23.66,93.27
2024-07-01,11:00,9.07,9.56,52.85,24.86,39.7
2024-07-01,12:00,19.5,19.12,140.27,29.1,89.19
2024-07-01,13:00,128.33,-8.61,118.29,12.7,103.12
2024-07-01,14:00,61.44,47.03,69.6,22.38,18.49
2024-07-01,15:00,11.66,33.86,31.18,23.2,33.24
2024-07-01,16:00,124.15,31.47,111.18,26.46,103.26
2024-07-01,17:00,9.75,21.44,34.8,10.56,129.64
2024-07-01,18:00,-6.85,-4.3,82.61,9.53,49.09
2024-07-01,19:00,59.09,-18.72,13.1,7.71,101.83
2024-07-01,20:00,46.36,42.97,57.7,7.15,29.29
2024-07-01,21:00,121.63,-2.33,82.49,6.31,19.43
2024-07-01,22:00,118.69,9.11,110.71,14.78,76.45
2024-07-01,23:00,108.16,-6.86,82.98,8.37,66.44
2024-07-01,00:00,43.63,-19.41,4.57,-1.96,7.52
2024-07-02,01:00,51.61,-19.96,1.92,2.93,22.96
2024-07-02,02:00,17.01,-23.35,88.37,2.16,64.4
2024-07-02,03:00,26.05,-21.14,92.6,13.73,56.02
2024-07-02,04:00,63.69,35.79,66.46,-2.61,-28.77
2024-07-02,05:00,75.53,38.29,70.87,11.06,0.48
2024-07-02,06:00,-34.56,38.34,103.57,13.7,14.4
2024-07-02,07:00,87.33,26.18,104.85,7.58,48.24
2024-07-02,08:00,-8.08,19.49,67.37,14.59,-2.65
2024-07-02,09:00,18.85,14.62,28.23,11.78,9.17
2024-07-02,10:00,78.39,38.49,32.9,12.61,68.96
2024-07-02,11:00,15.58,51.11,110.8,25.04,57.69
2024-07-02,12:00,87.97,19.25,62.14,17.49,104.79
2024-07-02,13:00,31.62,32.16,119.24,18.83,95.4
2024-07-02,14:00,104.74,4.26,-4.86,24.26,114.58
2024-07-02,15:00,54.7,30.48,105.85,9.25,43.38
2024-07-02,16:00,-1.59,7.35,127.01,13.79,92.34
2024-07-02,17:00,117.01,47.73,-20.33,26.23,74.92
2024-07-02,18:00,76.48,9.17,-29.79,13.02,4.41
2024-07-02,19:00,119.72,23.2,1.41,2.5,60.85
2024-07-02,20:00,65.44,46.21,44.75,0.18,3.08
2024-07-02,21:00,27.26,47.22,7.48,7.81,76.43
2024-07-02,22:00,33.08,-10.99,105.02,9.86,72.93
2024-07-02,23:00,76.28,-9.68,-23.6,6.2,40.1
2024-07-02,00:00,109,0.15,-18.04,-1.08,78.65
2024-07-03,01:00,84.88,28.12,27.71,0.29,58.47
2024-07-03,02:00,-28.59,-5.47,24.86,10.05,73.32
2024-07-03,03:00,-3.03,35.57,-37.32,6.25,-6.2
2024-07-03,04:00,11.91,-6.42,-43.09,-2.12,-3.88
2024-07-03,05:00,36.07,9.91,26.75,10.42,64.41
2024-07-03,06:00,48.67,12.87,-18.72,11.84,-23.71
2024-07-03,07:00,44.07,-3.32,43.65,8.31,43.02
2024-07-03,08:00,109.63,-3.87,79.01,21.44,100.69
2024-07-03,09:00,80.66,-3.83,-22.85,12.98,27.38
2024-07-03,10:00,17.13,42.03,44.92,28.26,42.9
2024-07-03,11:00,17,11.19,26.08,17.05,8.77
2024-07-03,12:00,124.03,12.7,37.09,34.8,100.74
2024-07-03,13:00,38.72,-12.6,114.46,21.54,31.92
2024-07-03,14:00,54.68,-16.39,1.13,17.38,45.34
2024-07-03,15:00,-5.76,15.04,27.25,16.78,72.68
2024-07-03,16:00,42.11,44.01,22.71,16.55,88.11
2024-07-03,17:00,51.72,-14.78,61.2,23.78,45.21
2024-07-03,18:00,1.57,40.35,-19.92,17.29,78.63
2024-07-03,19:00,76.42,47,31.9,16.9,103.67
2024-07-03,20:00,32,16.42,105.59,7.95,-6.84
2024-07-03,21:00,60.4,-3.64,46.71,14.71,37.57
2024-07-03,22:00,30.16,56.01,86.6,11.4,54.71
2024-07-03,23:00,112.07,-5.15,41.08,5.64,58.87
2024-07-03,00:00,-26.99,40.41,58.37,1.78,32.71
2024-07-04,01:00,91.89,0.45,47.28,-3.03,-9.9
2024-07-04,02:00,2.81,12.9,72.63,7.44,-24.59
2024-07-04,03:00,4.55,4.98,68.81,-4.81,-26.21
2024-07-04,04:00,91.77,2.04,29.54,8.8,35.87
2024-07-04,05:00,93.96,-1.99,-29.44,5.42,17.61
2024-07-04,06:00,89.17,43.14,64.41,12.28,45.68
2024-07-04,07:00,58.77,-13.81,67.81,4.66,1.89
2024-07-04,08:00,26.23,45.76,32.64,16.99,99.92
2024-07-04,09:00,37,55.57,-25.38,8.45,110.78
2024-07-04,10:00,-4.09,0.58,-15.58,15.11,86.02
2024-07-04,11:00,124.33,-8.75,123.44,13.45,98.53
2024-07-04,12:00,32.19,42.52,130.58,14.27,65.83
2024-07-04,13:00,49.59,16.62,43.1,20.64,48.48
2024-07-04,14:00,13.8,-19.93,20.58,26.92,13.98
2024-07-04,15:00,135.53,5.53,45.63,23.96,86.53
2024-07-04,16:00,65,41.14,57.25,29.83,71.09
2024-07-04,17:00,106.93,-18.23,66.11,22.8,93.68
2024-07-04,18:00,100.52,-6.33,117.62,15.21,104.09
2024-07-04,19:00,7.95,-9.24,36.83,15.35,-0.7
2024-07-04,20:00,-2.19,8.59,-22.8,3.25,98.41
2024-07-04,21:00,100.81,-8.27,-18.11,8.73,-3.2
2024-07-04,22:00,52.54,-6.18,116.19,2.95,0.95
2024-07-04,23:00,-1.57,49.06,116.69,5.57,71.17
2024-07-04,00:00,28.3,20.27,51.35,12.09,26.69
2024-07-05,01:00,5.53,35.26,115.24,11.24,25.4
2024-07-05,02:00,0.76,19.57,69,2.34,-14.51
2024-07-05,03:00,45.2,-22.37,-16.84,-0.3,20.68
2024-07-05,04:00,-42.78,6.91,-21.26,3.85,44.92
2024-07-05,05:00,10.65,-3.87,81.79,8.68,61.85
2024-07-05,06:00,27.35,26.95,-12.84,8.01,33.14
2024-07-05,07:00,-25.28,-10.66,-49.85,2.72,6.53
2024-07-05,08:00,111.04,12.23,44.44,18.88,83.39
2024-07-05,09:00,79.92,9.3,-31.15,9.81,35.89
2024-07-05,10:00,64.06,23.87,-36.31,26.37,29.58
2024-07-05,11:00,102.88,35.92,-26.5,18.22,33.48
2024-07-05,12:00,80.35,34.41,13.85,21.67,58.89
2024-07-05,13:00,32.27,22.92,55.26,20,121.65
2024-07-05,14:00,130.99,44.96,44.43,24.5,29.85
2024-07-05,15:00,104.07,-8.83,136.43,26.13,10.31
2024-07-05,16:00,57.55,27.33,-39.49,23.27,108.9
2024-07-05,17:00,-3.71,-15.5,18.25,21.79,28.64
2024-07-05,18:00,25.63,-10.89,50.8,11.8,104.01
2024-07-05,19:00,94.66,44.56,102.24,6.85,15.74
2024-07-05,20:00,79.21,45.75,16.78,15.9,22.46
2024-07-05,21:00,0.82,-12.92,52.39,14.32,39.59
2024-07-05,22:00,84.92,0.65,102.81,6.49,3.72
2024-07-05,23:00,15.99,35.54,77.85,5.37,-13.94
2024-07-05,00:00,87.58,33.24,73.12,8.1,66.51
2024-07-06,01:00,-11.92,-10.07,22.26,12.31,31.23
2024-07-06,02:00,-34.57,7.07,-30.69,8.79,-16.67
2024-07-06,03:00,40.47,18.01,24.07,5.06,73.3
2024-07-06,04:00,50.03,-6.4,27.73,7.99,4.97
2024-07-06,05:00,46.44,0.45,8.65,-1.88,-35.77
2024-07-06,06:00,21.77,14.46,106.2,-1.5,21.87
2024-07-06,07:00,61.75,8.29,98.14,8.57,28.08
2024-07-06,08:00,66.39,15.22,38.89,8.75,53.96
2024-07-06,09:00,11.96,50.12,-47.26,14.01,87.09
2024-07-06,10:00,39.3,51,38.38,11.03,98.52
2024-07-06,11:00,22.04,49.8,48.92,9.29,0.46
2024-07-06,12:00,30.33,16.12,8.54,11.31,60.99
2024-07-06,13:00,124.48,10.17,13.6,14.69,67.47
2024-07-06,14:00,45.22,-0.24,85.66,8.25,25.24
2024-07-06,15:00,33.4,28.44,19.62,5.57,82.57
2024-07-06,16:00,56.12,-11.61,40.04,14.25,30.93
2024-07-06,17:00,79.46,47.34,44.32,5.32,5.42
2024-07-06,18:00,95.98,31.54,113.42,11.19,56.23
2024-07-06,19:00,108.08,31.01,111.37,11.76,18.66
2024-07-06,20:00,71.01,18.97,-35.21,5.79,-5.37
2024-07-06,21:00,104.31,40.51,124.18,1.36,27.6
2024-07-06,22:00,55.13,8.56,-24.34,4.34,79.28
2024-07-06,23:00,18.46,-8.52,36,11.77,66.8
2024-07-06,00:00,78.41,50.64,78.58,14.69,-21.59
2024-07-07,01:00,-30.72,-21.22,-42.97,7.99,9.5
2024-07-07,02:00,83.15,0.07,47.61,-2.7,52.91
2024-07-07,03:00,-1.23,37.08,86.73,2.89,-9.57
2024-07-07,04:00,-7.8,-18.28,79.34,10.23,-10.65
2024-07-07,05:00,35.72,12.69,29.95,8.87,38.4
2024-07-07,06:00,-27.47,7.31,-43.37,6.54,58.27
2024-07-07,07:00,-1.07,-3.24,-18.72,0.88,-9.4
2024-07-07,08:00,-14.4,37.55,41.91,1.43,67.58
2024-07-07,09:00,107.17,31.81,5.06,0.5,-19.65
2024-07-07,10:00,64.2,7.21,-42.61,13.72,14.7
2024-07-07,11:00,76.2,5,111.87,16.94,80.58
2024-07-07,12:00,25.53,26.45,12.26,9.76,81.78
2024-07-07,13:00,19.64,43.08,-18.56,14.9,74.63
2024-07-07,14:00,107.23,48.67,38.41,2.03,96.66
2024-07-07,15:00,94.29,9.48,-12.52,3.18,95.91
2024-07-07,16:00,65.81,-9.98,40.89,9.16,28.22
2024-07-07,17:00,-16.59,39.47,-32.16,5.85,50.74
2024-07-07,18:00,-3.05,15.73,61.72,10.79,67.35
2024-07-07,19:00,115.98,32.23,74.18,15.88,66.44
2024-07-07,20:00,106.73,-12.93,-26.74,11.31,42.64
2024-07-07,21:00,89.96,48.86,113.85,16.7,41.22
2024-07-07,22:00,-11.05,32.43,55.98,9.78,70.89
2024-07-07,23:00,36.06,-0.35,45.29,1.14,6.59
2024-07-07,00:00,63.95,13.13,103.56,3.26,68.51
2024-07-08,01:00,73.47,-1.11,61.91,-1.7,-28.31
2024-07-08,02:00,-23,-20.55,90.69,2.25,52.06
2024-07-08,03:00,12.72,9.06,88.7,9.83,-0.41
2024-07-08,04:00,40.58,11.65,-3.25,11.29,19.78
2024-07-08,05:00,42.86,10.88,39.7,4.11,-12.15
2024-07-08,06:00,-16.57,14.75,-45.76,4.64,73.08
2024-07-08,07:00,-24.73,14.73,38,9.17,23.98
2024-07-08,08:00,-3.13,-19.74,62.82,21.08,18.61
2024-07-08,09:00,8.28,49.38,41.91,20,117.63
2024-07-08,10:00,8.92,-15.54,32.86,32.25,25.82
2024-07-08,11:00,45.24,26.88,126.41,18.53,32.5
2024-07-08,12:00,131.41,-17.88,33.84,20.72,14.82
2024-07-08,13:00,106.05,-8.23,15.72,29.72,110.2
2024-07-08,14:00,115.83,-1.93,-3.82,17.44,22.42
2024-07-08,15:00,114.32,-2.15,-17.11,21.61,27.53
2024-07-08,16:00,100.03,25.79,-6.16,23.22,15.72
2024-07-08,17:00,131.67,31.84,29.01,15.6,9.83
2024-07-08,18:00,10.98,21.17,64.84,14.52,43.55
2024-07-08,19:00,28.26,31.85,7.53,6.14,102.11
2024-07-08,20:00,60.82,-16.4,89.53,8.68,4.65
2024-07-08,21:00,103.34,21.97,115.86,6.85,83.33
2024-07-08,22:00,63.6,57.14,9.48,4.12,41.53
2024-07-08,23:00,118.56,0.75,-3.78,6.91,74.66
2024-07-08,00:00,31.92,17.05,10.51,-0.96,38.95
2024-07-09,01:00,-18.34,-20.69,60.99,6.06,38.07
2024-07-09,02:00,-41.6,14.73,-38.94,5.87,26.94
2024-07-09,03:00,30.79,0.84,-27.81,2.13,31.95
2024-07-09,04:00,-11.28,0.08,-28.81,-3.32,49.71
2024-07-09,05:00,0.18,16.37,57.6,12.56,-37.78
2024-07-09,06:00,-12.48,22.63,-32.92,6.07,-7.72
2024-07-09,07:00,101.14,23.37,11.96,0.77,73.95
2024-07-09,08:00,45.27,-2.58,-2.63,23.09,13.67
2024-07-09,09:00,78.52,6.46,38.94,23.11,114.77
2024-07-09,10:00,37.76,36.17,-6.27,29.63,130.44
2024-07-09,11:00,100.18,49.53,48.79,23.42,68.69
2024-07-09,12:00,6.61,20.98,-16.94,30.13,102.97
2024-07-09,13:00,102.02,-14.33,91.29,18.16,66.95
2024-07-09,14:00,30.87,-2.62,-18.69,18.8,81.53
2024-07-09,15:00,131.75,17.85,85.9,15.1,58.71
2024-07-09,16:00,123.56,22.95,58.68,22.8,58.05
2024-07-09,17:00,8.4,41.02,60.38,20.09,37.37
2024-07-09,18:00,53.97,50.52,67.34,12.52,-0.33
2024-07-09,19:00,113.95,19.48,-18.69,19.83,12.97
2024-07-09,20:00,94.64,54,58.1,14.44,50.59
2024-07-09,21:00,123.19,16.14,71.12,7.63,41.73
2024-07-09,22:00,18.42,36.82,42.72,17.07,48.87
2024-07-09,23:00,11.87,0.03,77.46,12.85,21.24
2024-07-09,00:00,80.38,16.78,27.72,0.58,-28.74
2024-07-10,01:00,24.57,-15.07,-49.58,-1.46,-23.53
2024-07-10,02:00,-39.53,22.9,30.02,5.37,-39.2
2024-07-10,03:00,-3.94,21.95,41.32,-3.16,53.6
2024-07-10,04:00,-9.99,44.11,57.98,6.71,44.33
2024-07-10,05:00,-40.54,12.41,-9.22,-1.01,-25.92
2024-07-10,06:00,84.51,8.42,47.79,10.49,21.16
2024-07-10,07:00,-31.1,-3.05,95.75,16.25,78.48
2024-07-10,08:00,46.2,56.62,33.04,10.49,73.97
2024-07-10,09:00,-1.45,-7.05,56.17,24.16,52.13
2024-07-10,10:00,55.7,16.39,-8.95,8.7,21.76
2024-07-10,11:00,61.89,-17.52,86.57,12.31,67.11
2024-07-10,12:00,90.27,8.75,137.02,13.02,51.32
2024-07-10,13:00,108.23,47.48,94.36,25.26,112.23
2024-07-10,14:00,50.44,32.81,16.97,10.12,11.24
2024-07-10,15:00,46.5,18.07,117.35,14.01,102.41
2024-07-10,16:00,58.35,0.64,130.56,20.74,86.88
2024-07-10,17:00,55.71,11.45,130.05,17.94,80.87
2024-07-10,18:00,11.18,-17.75,126.41,15.17,38.38
2024-07-10,19:00,14.8,4.32,52.72,5.38,96.65
2024-07-10,20:00,-15.18,2.3,36.73,4.09,30.46
2024-07-10,21:00,51.69,7.66,0.69,11.25,82.61
2024-07-10,22:00,121.99,-7.16,-43.56,14.02,10.48
2024-07-10,23:00,47.7,-0.98,98.13,12.82,54.96
2024-07-10,00:00,73.94,-16.96,65.11,1.48,49.3
2024-07-11,01:00,71.29,18.63,116.01,13.69,-2.85
2024-07-11,02:00,58.85,-4.39,117.14,8.2,66.89
2024-07-11,03:00,34.25,11.84,-51.76,5.98,-28.14
2024-07-11,04:00,41.78,29.29,-44.46,4.3,5.27
2024-07-11,05:00,51.8,-9.66,-27.32,4.32,63.03
2024-07-11,06:00,55.97,28.43,-0.92,7.74,52.42
2024-07-11,07:00,61.92,-4.89,102.75,4.04,19.28
2024-07-11,08:00,103.48,27.52,-1.34,22.29,12.39
2024-07-11,09:00,109.09,49.85,126.83,11.29,31.41
2024-07-11,10:00,77.04,36.23,106.81,16.22,107.21
2024-07-11,11:00,56.72,-8.85,59.69,19.45,56.27
2024-07-11,12:00,22.47,26.96,78.68,12.35,85.63
2024-07-11,13:00,23.09,-5.14,-13.69,15.07,75.79
2024-07-11,14:00,133.55,30.44,112.81,15.72,99.87
2024-07-11,15:00,128.49,41.36,-3.05,14.57,96.08
2024-07-11,16:00,23.13,13.9,-3.92,19.51,89.73
2024-07-11,17:00,31.24,-9.51,77.11,11.6,96.31
2024-07-11,18:00,99.06,-9.1,-11.71,16.97,100.38
2024-07-11,19:00,18.13,16.88,-29.04,9.12,27.5
2024-07-11,20:00,88.86,45.08,-5.06,9.65,-5.36
2024-07-11,21:00,122.44,31.19,59.66,13.71,96.83
2024-07-11,22:00,12.97,-10.85,-24.92,18.01,-2.28
2024-07-11,23:00,18.53,12.03,107.55,15.47,-9.36
2024-07-11,00:00,43.86,35.14,42.95,15.81,23.65
2024-07-12,01:00,49.84,-7.57,-33.82,14.87,-34.39
2024-07-12,02:00,25.57,25.85,-27.07,6.84,12.68
2024-07-12,03:00,19.26,30.35,-24.99,2.62,-24.48
2024-07-12,04:00,18.63,15.92,5.45,-2.79,41.28
2024-07-12,05:00,-21.7,-14.22,44.64,5.17,10.9
2024-07-12,06:00,36.92,-17.44,56.91,11.25,64.14
2024-07-12,07:00,79.97,-20,-10.58,0.41,-3.17
2024-07-12,08:00,53.05,44.48,-8.02,18.43,21.59
2024-07-12,09:00,107.86,16.32,124.35,25.59,48.85
2024-07-12,10:00,89.88,17.13,4.95,15.62,109.22
2024-07-12,11:00,137.99,-3.3,20.45,18.89,28.97
2024-07-12,12:00,16.14,27.49,81.32,14.94,39.87
2024-07-12,13:00,37.61,8.78,26.47,29.88,108.99
2024-07-12,14:00,74.65,3.46,3.74,28.58,44.93
2024-07-12,15:00,96.07,49.26,58.43,27.45,49.51
2024-07-12,16:00,118.79,-13.64,136.12,12.73,12.3
2024-07-12,17:00,122.43,38.44,87.65,14.05,111.25
2024-07-12,18:00,45.06,39.09,7.86,18.82,105.65
2024-07-12,19:00,112.25,27.31,71.84,8.67,-3.7
2024-07-12,20:00,130.66,47.69,110.66,16.97,30.43
2024-07-12,21:00,69.6,2.3,-34.32,6.82,37.94
2024-07-12,22:00,35.91,-1.06,98.51,-0.33,79.9
2024-07-12,23:00,61.06,10.05,-14.17,-1.65,-9.45
2024-07-12,00:00,78.32,19.91,19.22,11.56,-22.34
2024-07-13,01:00,-7.47,-10.6,12.94,3.03,31.59
2024-07-13,02:00,27.22,-23.7,24.18,-1.24,14.62
2024-07-13,03:00,69.73,-23.05,34.7,-1.13,-0.26
2024-07-13,04:00,54.62,20.44,82.95,-3.29,-34.17
2024-07-13,05:00,2.5,2.43,-10.22,-0.9,5.16
2024-07-13,06:00,-1.73,7.09,0.05,11.29,-32.41
2024-07-13,07:00,-0.87,46.64,44.75,10.8,-22.02
2024-07-13,08:00,5.29,-23.41,0.24,-2.9,53.4
2024-07-13,09:00,57.66,39.08,45.82,4.5,73.49
2024-07-13,10:00,7.88,3.3,-19.12,-0.56,94.27
2024-07-13,11:00,104.79,5.6,120.61,16.31,80.84
2024-07-13,12:00,49.62,21.05,76.16,10.25,11.52
2024-07-13,13:00,12.45,52.54,80.86,-0.92,16.33
2024-07-13,14:00,81.26,-12.06,-25.46,-0.6,84.54
2024-07-13,15:00,-18.75,-6.4,-11.74,0.02,32.62
2024-07-13,16:00,18.71,50.11,19.21,4.84,39.96
2024-07-13,17:00,31.59,-5.93,51.94,14.82,86.39
2024-07-13,18:00,87.74,52.37,106.52,6.39,24.51
2024-07-13,19:00,92.46,0.83,45.72,2.29,16.25
2024-07-13,20:00,19.6,40.43,71.78,13.53,79.33
2024-07-13,21:00,60.94,-13.83,103.91,5.13,31.09
2024-07-13,22:00,14.99,22.5,101.9,4.92,64.82
2024-07-13,23:00,85.64,25.67,115.94,12.44,-3.9
2024-07-13,00:00,-26.86,-6.33,-25.98,1.24,63.94
2024-07-14,01:00,26.24,-14.41,-15.65,5.62,67.45
2024-07-14,02:00,20.82,45.87,56.55,9.98,-1.46
2024-07-14,03:00,-36.6,4.43,100.34,-0.72,5.91
2024-07-14,04:00,73.98,38.06,22.52,-1.32,3.15
2024-07-14,05:00,84.37,-22.74,26.72,8.63,46.41
2024-07-14,06:00,37.81,-11.85,-3.58,-0.61,-6.92
2024-07-14,07:00,58.04,10.31,83.21,-2.09,25.65
2024-07-14,08:00,-13.89,-8.36,57.98,7.48,37.23
2024-07-14,09:00,91.8,0.23,95.49,14.19,-9.39
2024-07-14,10:00,44.41,37.23,-8.58,15.33,53.48
2024-07-14,11:00,-5.44,46.04,49.77,14.54,36.04
2024-07-14,12:00,111.93,-5.01,64.56,18.44,64.83
2024-07-14,13:00,67.18,-10.76,66.68,5.54,81.95
2024-07-14,14:00,11.91,4.83,107.87,8.07,88.49
2024-07-14,15:00,87.38,39.62,-38.06,17.51,64.29
2024-07-14,16:00,57.87,17.67,60.38,3.29,9.7
2024-07-14,17:00,114.59,21.47,-47.81,7.31,-4.21
2024-07-14,18:00,99.12,7.13,47.08,19.16,38.65
2024-07-14,19:00,108.76,30.27,0.76,11.85,-10.71
2024-07-14,20:00,43.54,45.14,110.46,20.36,38.88
2024-07-14,21:00,32.42,25.79,53.09,5.37,59.32
2024-07-14,22:00,20.82,14.84,55.99,6.34,20.69
2024-07-14,23:00,57.38,25.7,60.35,6.15,54.66
2024-07-14,00:00,9.27,26.55,34.88,4.5,61.18
2024-07-15,01:00,-14.81,35.47,-19.99,11.53,43.71
2024-07-15,02:00,21.72,21.18,-53.4,7.53,8.01
2024-07-15,03:00,-0.96,43.68,-11.54,9.83,62.27
2024-07-15,04:00,-31.92,-17.08,61.02,10.72,-35.89
2024-07-15,05:00,35.95,-6.13,89.73,-2.03,33.66
2024-07-15,06:00,34.9,40.59,84.2,10.61,63.05
2024-07-15,07:00,93.3,48.77,-36.65,8.19,25.65
2024-07-15,08:00,83.09,23.65,-8.52,27.12,44.22
2024-07-15,09:00,93.25,8.13,17.3,26.68,112.28
2024-07-15,10:00,59.76,-2.93,61.01,24.35,127.29
2024-07-15,11:00,69.19,-19.49,108.71,32.91,118.82
2024-07-15,12:00,15.21,42.19,36.59,14.44,69.82
2024-07-15,13:00,44.41,-18.07,105.55,29.67,67.46
2024-07-15,14:00,28.15,34.46,15.63,16.88,86.38
2024-07-15,15:00,-1.23,-7.18,135.11,21.03,65.95
2024-07-15,16:00,37.03,46.83,72.29,21.18,50.26
2024-07-15,17:00,106.02,38.96,-32.33,13.85,13.93
2024-07-15,18:00,66.19,-17.06,113.09,19.22,108.06
2024-07-15,19:00,103.71,-10.48,-21.98,16.15,94.2
2024-07-15,20:00,39.2,11.12,99.78,3,35.54
2024-07-15,21:00,70.53,-14.33,16.57,10.72,81.73
2024-07-15,22:00,27.25,52.37,52.76,17.93,69.08
2024-07-15,23:00,-17.16,-3.75,29.28,4.48,-15.91
2024-07-15,00:00,106.15,47.63,52.66,1.03,34.32
2024-07-16,01:00,-38.34,29.64,110.75,10.69,5.9
2024-07-16,02:00,12.97,23.6,50.87,2.57,48.96
2024-07-16,03:00,53.99,-27.82,46.37,-2.48,3.08
2024-07-16,04:00,78.73,-16.44,23.96,5.92,31.06
2024-07-16,05:00,63.85,6,-54.06,2.75,12.24
2024-07-16,06:00,44.49,20.21,30.58,-3.16,18.82
2024-07-16,07:00,-31.45,-17.51,41.45,-0.16,57.87
2024-07-16,08:00,14.64,29.66,11.46,10.02,21.74
2024-07-16,09:00,55.49,-9.78,-23.42,16.21,39.81
2024-07-16,10:00,46.94,40.66,144.28,22.84,52.24
2024-07-16,11:00,112.22,47.61,67.3,17.77,90.73
2024-07-16,12:00,11.85,27.73,103.1,14.96,51.34
2024-07-16,13:00,114.74,15.32,36.06,19.49,70.33
2024-07-16,14:00,99.19,32.54,11.59,14.84,35.68
2024-07-16,15:00,93.01,-13.47,87.83,10.16,14.36
2024-07-16,16:00,38.96,-21.3,126.14,25.43,113.66
2024-07-16,17:00,97.05,44.61,125.14,22.56,46.98
2024-07-16,18:00,131.92,35.32,6.52,4.79,62.72
2024-07-16,19:00,-2,41.53,8.92,4.61,30.54
2024-07-16,20:00,58.7,43.15,102.72,4.19,6.49
2024-07-16,21:00,35.49,47.01,-3.07,14.53,-1.91
2024-07-16,22:00,88.75,23.72,112.34,3.06,46.5
2024-07-16,23:00,96.8,50.09,-28.14,10.11,-23.21
2024-07-16,00:00,45.33,50.64,-12.37,-0.46,-16.91
2024-07-17,01:00,-24.55,-3.7,-24.81,6.46,43.62
2024-07-17,02:00,-30.99,-19.95,-62.92,0.5,-13.9
2024-07-17,03:00,19.69,25.52,-0.01,9.5,15.68
2024-07-17,04:00,23.26,-9.8,3.55,11.13,2.11
2024-07-17,05:00,52.71,12.4,-18.36,-3.7,16.26
2024-07-17,06:00,84.62,-21.77,41.89,3.17,34.72
2024-07-17,07:00,39.48,34.69,-25.8,1.73,-23.46
2024-07-17,08:00,55.73,58.34,103.61,10.31,-2.25
2024-07-17,09:00,4.74,48.47,106.88,10.37,24.32
2024-07-17,10:00,111.08,33.87,13.54,24.43,20.82
2024-07-17,11:00,61.19,25.82,79.57,12.99,107.15
2024-07-17,12:00,101.7,-12.16,107.54,20.02,106.98
2024-07-17,13:00,111.15,26.99,122.15,12.41,15.74
2024-07-17,14:00,113.49,19.59,129.05,14.89,26.51
2024-07-17,15:00,97.83,47.29,128.02,15.08,101.37
2024-07-17,16:00,95.34,51.3,59.35,15.19,90.75
2024-07-17,17:00,122.35,7.79,55.07,13.93,19.9
2024-07-17,18:00,-4.95,27.77,19.3,7.48,52.42
2024-07-17,19:00,80.19,44.39,0.66,4.8,80.27
2024-07-17,20:00,54.07,-7.13,-34.95,2.57,-11.2
2024-07-17,21:00,50.75,-1.42,-37.42,16.16,13.39
2024-07-17,22:00,25.88,45.9,-27.82,13.94,-20.2
2024-07-17,23:00,8.52,4.03,-40.09,16.31,62.44
2024-07-17,00:00,74.3,-10.36,68.69,-0.81,52.5
2024-07-18,01:00,57.1,31.38,-4.26,-2.15,-12.42
2024-07-18,02:00,94.24,-8.34,-20.37,10.82,-6.13
2024-07-18,03:00,72.08,31.38,70.53,13.03,46.29
2024-07-18,04:00,66.97,28.18,71.89,4.86,-1.33
2024-07-18,05:00,92.77,-17.67,77.29,6.27,-8.75
2024-07-18,06:00,52.51,33.83,-56.02,-1.46,31.72
2024-07-18,07:00,44.78,47.41,-15.5,8.66,-9.36
2024-07-18,08:00,20.04,56,112.57,16.31,-14.11
2024-07-18,09:00,74.7,24.33,-17.18,12,104.24
2024-07-18,10:00,70.97,10.59,-11.65,28.2,76.65
2024-07-18,11:00,-1.67,33.19,30.73,29.02,50.69
2024-07-18,12:00,27.52,54.8,142.99,13.26,27.94
2024-07-18,13:00,-7.95,51.66,130.09,17.43,43.9
2024-07-18,14:00,45.24,42.6,123.99,14.03,120.11
2024-07-18,15:00,6.47,3.87,134.91,22.35,45.61
2024-07-18,16:00,123.87,11.74,107.06,10.42,116.1
2024-07-18,17:00,38.96,17.27,124.93,15.29,53.39
2024-07-18,18:00,95.86,-6.26,97.27,20.39,66.93
2024-07-18,19:00,121.11,22.02,-4.6,2.93,52.98
2024-07-18,20:00,91.05,29.84,88.71,2.3,8.94
2024-07-18,21:00,125.34,38.66,72.9,16.03,14.24
2024-07-18,22:00,-1.8,58.38,120.1,17.17,73.23
2024-07-18,23:00,-21.44,-15,94.99,-1.27,44.63
2024-07-18,00:00,-22.87,8.57,-39.21,9.39,34.57
2024-07-19,01:00,30.06,21.16,17.44,-2.36,0.8
2024-07-19,02:00,-23.96,21.04,58.88,0.58,-36.86
2024-07-19,03:00,36.01,51.79,104.8,5.99,21.78
2024-07-19,04:00,-42.06,30.84,40.17,0.01,-3.01
2024-07-19,05:00,70.18,-3.48,26.32,1.28,64.16
2024-07-19,06:00,62.21,32.59,45.05,-4.06,37.28
2024-07-19,07:00,40.74,-7.01,8.93,13.02,51.89
2024-07-19,08:00,119.91,19.44,-33.13,5.72,84.84
2024-07-19,09:00,135.24,11.89,127.73,22.26,50.82
2024-07-19,10:00,75.1,42.47,7.91,15.16,94.11
2024-07-19,11:00,127.44,9.86,128.29,11.45,67.31
2024-07-19,12:00,30,-9.96,141.07,24.41,47.08
2024-07-19,13:00,123.35,21.1,74.49,15.79,88.41
2024-07-19,14:00,91.36,29.56,69.98,28.44,33.1
2024-07-19,15:00,7.91,-4.59,-8.08,15.01,60.63
2024-07-19,16:00,53.38,-13.13,48,18.36,83.83
2024-07-19,17:00,82.39,-0.48,73.5,18.97,115.63
2024-07-19,18:00,108.58,38.61,-1.2,7.58,48.13
2024-07-19,19:00,93,23.29,5.56,3.01,56.37
2024-07-19,20:00,61.91,17.1,44.66,4.08,77.73
2024-07-19,21:00,-7.18,-9.79,0.34,6.84,23.23
2024-07-19,22:00,64.33,28.03,-22.88,6.17,60.53
2024-07-19,23:00,62.97,34.95,63.1,10.49,18.28
2024-07-19,00:00,48.05,-17.59,54.44,2.91,47.1
2024-07-20,01:00,7.69,43.95,2.19,9.14,12.7
2024-07-20,02:00,90.91,25.98,-32.58,-0.74,32.22
2024-07-20,03:00,86.94,5.76,-47.55,0.54,-28.69
2024-07-20,04:00,24.97,21.59,-16.45,9.06,60.3
2024-07-20,05:00,48.94,2.73,41.5,11.07,-44.02
2024-07-20,06:00,40.72,-14.95,73.91,13.54,31.65
2024-07-20,07:00,-11.76,7.87,-7.58,-1.34,70.11
2024-07-20,08:00,63.27,20.8,69.75,6.91,40.41
2024-07-20,09:00,58.84,5.32,-39.99,-0.86,51.22
2024-07-20,10:00,117.82,21.56,101.11,8.88,15.86
2024-07-20,11:00,96.34,-0.64,68.11,8.58,24.54
2024-07-20,12:00,116.58,-19.24,108.9,-0.13,60.01
2024-07-20,13:00,55.4,2.24,20.97,17.54,87.52
2024-07-20,14:00,80.05,16.07,119.31,2.62,74.93
2024-07-20,15:00,109.47,-0.04,100.67,7.02,50.63
2024-07-20,16:00,113.35,29.48,-5.68,15.02,22.57
2024-07-20,17:00,28.22,1.25,106.4,14.92,92.29
2024-07-20,18:00,102.43,47.43,-15.94,11.53,1.91
2024-07-20,19:00,56.76,31.65,13.3,7.82,11.03
2024-07-20,20:00,97.57,6,-36.93,3.39,76.82
2024-07-20,21:00,-13.93,20.16,54.24,16.46,19.17
2024-07-20,22:00,42.48,-14.11,-27.93,6.22,42.55
2024-07-20,23:00,16.04,-17.34,-35.51,16.36,68.41
2024-07-20,00:00,51.07,-19.17,-35.29,16.27,51.42
2024-07-21,01:00,71.75,6.78,-54.1,2.04,9.04
2024-07-21,02:00,18.71,-7.66,14.33,12.37,22.72
2024-07-21,03:00,-47.2,-4.5,79.31,-2.01,-15.43
2024-07-21,04:00,47.46,-5.51,-7.59,4.67,10.04
2024-07-21,05:00,4.89,17.31,3.45,4.58,-21.38
2024-07-21,06:00,85.31,19.87,94.12,7.67,43
2024-07-21,07:00,17.72,15.7,-55.05,0.16,54
2024-07-21,08:00,-2.19,16.14,-58.17,7.46,57.11
2024-07-21,09:00,69.58,-15.8,120.55,9.25,-21.34
2024-07-21,10:00,113.88,-19.92,-22.33,9.24,95
2024-07-21,11:00,39.26,38.69,85.58,15.96,17.44
2024-07-21,12:00,31.04,46.2,103.54,18.84,98.03
2024-07-21,13:00,82.69,29.94,101.78,14.26,63.42
2024-07-21,14:00,15.52,29.85,47.78,16.73,51.9
2024-07-21,15:00,118.59,40.94,85.11,16.21,61.36
2024-07-21,16:00,13.64,43.36,72.66,0.44,40.94
2024-07-21,17:00,73.62,17.94,103.71,3.44,53.58
2024-07-21,18:00,-18.46,6.43,46.27,1.2,2.26
2024-07-21,19:00,-15.12,7.12,21.17,15.52,-10.83
2024-07-21,20:00,3.52,28.55,56.36,14.41,-10.92
2024-07-21,21:00,119.81,1.49,112.23,17.03,12.29
2024-07-21,22:00,-20.82,37.96,106.24,17.05,8.06
2024-07-21,23:00,78.79,30.63,35.53,10.23,52.17
2024-07-21,00:00,-16.58,10.92,32.63,13.4,43.16
2024-07-22,01:00,36.3,-5.9,-2.97,13.08,45.56
2024-07-22,02:00,-1.6,15.06,112.01,8.84,43.56
2024-07-22,03:00,-39.26,26.17,92.2,3.68,62.87
2024-07-22,04:00,30.13,-24.92,-0.11,7.51,4.15
2024-07-22,05:00,-0.68,-5.13,22.52,10.62,61.72
2024-07-22,06:00,84.93,-8.32,-45.93,8.72,33.46
2024-07-22,07:00,82.87,8.33,50,10.92,-20.1
2024-07-22,08:00,134.52,10.75,52.57,21.24,-4.7
2024-07-22,09:00,80.8,-12.65,100.25,24.43,118.51
2024-07-22,10:00,86.43,26.27,20.72,21.52,117.86
2024-07-22,11:00,16.54,29.78,134.69,31.41,115.09
2024-07-22,12:00,34.79,43.67,41.66,18.85,112.4
2024-07-22,13:00,125.53,-2.8,59.91,19.45,34.56
2024-07-22,14:00,88.78,47.58,94.8,33.82,85.18
2024-07-22,15:00,86.38,44.27,-2.05,17.1,111.11
2024-07-22,16:00,28.75,13.53,88.19,24.9,26.8
2024-07-22,17:00,22.01,31.15,26.43,14.11,87.58
2024-07-22,18:00,71.22,30.92,117,15.61,34.62
2024-07-22,19:00,68.59,-6.64,91.28,14.27,7.02
2024-07-22,20:00,96.58,22.81,-10.76,15.49,78.02
2024-07-22,21:00,34.23,5.46,42.79,9.29,65.54
2024-07-22,22:00,56.16,36.2,-49.45,13.57,5.99
2024-07-22,23:00,21.87,3.37,-36.14,9.93,66.64
2024-07-22,00:00,88.79,36.02,-2.79,2.65,5.39
2024-07-23,01:00,44.97,-8.39,3.69,10.59,-16.81
2024-07-23,02:00,-2.23,-23.34,13.16,8.65,-24.1
2024-07-23,03:00,-10.76,-12.89,75.71,11.38,5.42
2024-07-23,04:00,64.9,-7.86,-48.59,-4.54,64.56
2024-07-23,05:00,48.21,20.5,12.98,10.96,37.84
2024-07-23,06:00,-38.18,8.44,29.2,-1.4,-11.98
2024-07-23,07:00,88.49,48.11,53.6,15.22,-26.59
2024-07-23,08:00,119.29,-6.8,122.34,15.02,3.15
2024-07-23,09:00,88.08,3.69,58.29,23.39,39.25
2024-07-23,10:00,57.17,18.66,-0.65,14,81.98
2024-07-23,11:00,72.06,2.62,126.63,23.24,128.42
2024-07-23,12:00,73.11,-15.46,-18,26.89,80.03
2024-07-23,13:00,13.46,5.18,54.44,17.17,54.05
2024-07-23,14:00,109.53,51.41,25.33,23.11,49.3
2024-07-23,15:00,127.35,-19.52,27.31,21.86,25.69
2024-07-23,16:00,43.25,-19.51,138,17.45,67.76
2024-07-23,17:00,71.12,28.26,57.37,18.68,59.26
2024-07-23,18:00,30.03,-14.7,133.6,4.25,41.6
2024-07-23,19:00,-11.38,18.8,102.61,13.21,101.33
2024-07-23,20:00,88.89,-4.01,40.46,12.69,99.38
2024-07-23,21:00,90.54,21.69,92.56,15.45,21.42
2024-07-23,22:00,38.95,2.58,41.56,13.07,0.4
2024-07-23,23:00,118.65,-10.69,53.02,13.09,71.77
2024-07-23,00:00,100.82,-5.3,83.75,-0.94,28.1
2024-07-24,01:00,-36.32,15.93,-48.6,-2.2,28.62
2024-07-24,02:00,10.08,30.61,-22.91,11.85,-16.42
2024-07-24,03:00,83.4,39.49,-64.64,7.36,48.97
2024-07-24,04:00,38.39,30.63,71.72,-3.83,-12.34
2024-07-24,05:00,8.34,27.39,66.37,-1.64,13.24
2024-07-24,06:00,96.43,-0.41,-44.95,8.83,50.83
2024-07-24,07:00,-20.05,27.22,33.43,2.71,-3.1
2024-07-24,08:00,71.09,36.98,-9.1,21.3,31.59
2024-07-24,09:00,108.95,-2.8,13.39,18.75,34.31
2024-07-24,10:00,93.98,35.43,62.41,28.27,107.62
2024-07-24,11:00,59.44,-13.44,13.6,18.66,64.64
2024-07-24,12:00,20.4,21.38,68.71,22.34,87.02
2024-07-24,13:00,63.63,48.34,144.53,26.37,44.98
2024-07-24,14:00,86.75,27.31,3.19,33.62,93.72
2024-07-24,15:00,29.38,-10.2,20.69,16.58,52.85
2024-07-24,16:00,79.6,20.83,48.17,27.03,69.92
2024-07-24,17:00,103.53,33.26,113.14,17,4.22
2024-07-24,18:00,64.08,8.48,-23.98,8.59,84.31
2024-07-24,19:00,61.35,-6.78,107.48,13.89,2.29
2024-07-24,20:00,90.62,42.83,24.52,3.1,1.57
2024-07-24,21:00,130.11,26.01,62.49,0.83,90.27
2024-07-24,22:00,113.74,20.93,56.41,15.29,53.97
2024-07-24,23:00,73.37,11.94,-21.23,13.24,20.09
2024-07-24,00:00,-26.69,11.04,31.15,3.06,16.14
2024-07-25,01:00,36.25,4.52,101.49,11.61,20.02
2024-07-25,02:00,-36.86,-14.97,113.17,5.82,72.27
2024-07-25,03:00,10.8,40.51,85.93,-3.44,62.44
2024-07-25,04:00,-31.19,14.63,-29.61,7.79,-24.36
2024-07-25,05:00,27.66,-17.02,13.28,-1.78,38.63
2024-07-25,06:00,100.62,33.36,97.3,-4.1,-9.43
2024-07-25,07:00,-31.09,27.76,41.04,4.04,-15.84
2024-07-25,08:00,41.16,6.16,91.3,12.45,47.52
2024-07-25,09:00,91.96,12.38,133.25,13.62,34.52
2024-07-25,10:00,21.05,25.11,136.17,30.63,69.66
2024-07-25,11:00,138.35,-9.41,34.72,19.47,87.91
2024-07-25,12:00,111.94,20.45,116.32,34.42,85.97
2024-07-25,13:00,10.49,24.77,1.75,31.01,124.71
2024-07-25,14:00,68.25,51.66,89.58,33,108.44
2024-07-25,15:00,129.14,52.05,22.35,21.27,90.53
2024-07-25,16:00,23.9,17.23,104.19,16.66,11.1
2024-07-25,17:00,110.71,-15.47,136.65,17.06,69
2024-07-25,18:00,39.43,-16.87,-20.46,8.34,42.79
2024-07-25,19:00,115.73,-8.65,-33.85,3.72,37.97
2024-07-25,20:00,6.57,-19.6,24.47,8.04,-10.9
2024-07-25,21:00,82.48,49.09,86.52,9.79,70.8
2024-07-25,22:00,17.93,52.68,32.89,6.43,71.32
2024-07-25,23:00,96.07,-4.29,91.69,9.49,35.38
2024-07-25,00:00,3.18,18.01,8.18,7.53,-12.6
2024-07-26,01:00,-12.77,-10.72,24.11,4.31,18.03
2024-07-26,02:00,35.4,5.37,100.01,-2.02,58.9
2024-07-26,03:00,15.96,-2.54,15.44,2.17,-18.26
2024-07-26,04:00,-26.79,-21.92,65.16,4.68,-22.16
2024-07-26,05:00,35,-23.88,-5.27,7.19,-18.82
2024-07-26,06:00,76.65,14.76,-24.88,3.15,39.37
2024-07-26,07:00,93.15,33.19,-56.44,7.34,66.1
2024-07-26,08:00,98.78,27.44,41.5,24.39,87.18
2024-07-26,09:00,28.55,41.36,-17.02,23.05,110.72
2024-07-26,10:00,19.94,-11.45,93.39,16.98,45.09
2024-07-26,11:00,56.09,16.92,53.19,20.34,89.2
2024-07-26,12:00,87.8,-8.29,59.69,34.74,81.74
2024-07-26,13:00,87.24,46.39,20.13,14.25,31.08
2024-07-26,14:00,44.74,-14.43,86.84,16.68,74.31
2024-07-26,15:00,102.65,-8.59,129.99,17.36,104.47
2024-07-26,16:00,143.12,49.96,98.7,13.1,46.67
2024-07-26,17:00,46.53,-13.29,-6.91,12.25,17.86
2024-07-26,18:00,88.52,24.55,35.8,14.89,26.2
2024-07-26,19:00,60.33,12.91,95.82,5.1,105.99
2024-07-26,20:00,50.4,24.55,111.85,1.9,17.72
2024-07-26,21:00,70.18,54.25,105.04,1.41,58.93
2024-07-26,22:00,96.25,47.55,95.8,14.33,-12.92
2024-07-26,23:00,-20.73,-3.44,-12.3,8.24,23.75
2024-07-26,00:00,36.25,3.11,101.61,9.11,62.71
2024-07-27,01:00,20.66,21.22,84.52,-0.34,-6.84
2024-07-27,02:00,81.67,17.19,-41.21,4.48,29.78
2024-07-27,03:00,15.44,44.57,-16.12,7.99,8.19
2024-07-27,04:00,48.92,22.72,-30.65,6.59,30.28
2024-07-27,05:00,11.56,43.34,-45.84,10.17,39.14
2024-07-27,06:00,-16.48,31.38,-25.37,6.37,58.06
2024-07-27,07:00,21.6,45.7,70.26,7.63,7.85
2024-07-27,08:00,52.04,16.19,38.3,0.97,43.1
2024-07-27,09:00,-4.83,28.33,86.38,5.3,10.62
2024-07-27,10:00,95.96,24.22,-26.11,1.29,24.01
2024-07-27,11:00,52.02,52.55,75.06,13.88,88.21
2024-07-27,12:00,123.93,24.59,-3.42,4.73,84.61
2024-07-27,13:00,-3,27.59,-13.84,13.19,90
2024-07-27,14:00,125.13,12.66,47.89,5.63,38.25
2024-07-27,15:00,-1.79,49.17,136.61,7.81,22.44
2024-07-27,16:00,19.39,11.45,101.4,8.59,81
2024-07-27,17:00,118.93,39.14,48.65,14.87,-0.16
2024-07-27,18:00,39.98,9.43,-12.79,2.67,72.21
2024-07-27,19:00,35.35,17.82,33.97,10.39,34.81
2024-07-27,20:00,62.6,47.21,31.64,5.97,58.56
2024-07-27,21:00,35.56,28.62,-35.39,16.47,-12.6
2024-07-27,22:00,-24.42,6.61,-29.14,13.69,17.24
2024-07-27,23:00,48.04,0.07,-0.93,7.83,-30.53
2024-07-27,00:00,46.4,37.59,61.76,2.85,-34.49
2024-07-28,01:00,18.31,33.85,95.24,1.65,-9.03
2024-07-28,02:00,41.46,13.64,75.93,11.19,-18.15
2024-07-28,03:00,-33.61,-8.67,81.9,10.44,-21.54
2024-07-28,04:00,1.93,-14.89,-30.34,9.47,63.56
2024-07-28,05:00,-17.14,7.24,1.42,9.1,48.56
2024-07-28,06:00,-46.13,-11.91,-29.53,5.25,26.65
2024-07-28,07:00,63.91,-20.28,6.25,13.82,0.13
2024-07-28,08:00,-10.26,23.52,65.71,13.5,69.84
2024-07-28,09:00,67.77,6.61,-40.78,4.3,39.72
2024-07-28,10:00,21.6,-1.64,28.45,13.37,86.31
2024-07-28,11:00,82.44,49.71,-38.2,10.61,99.25
2024-07-28,12:00,9.31,24.16,108.97,10.19,79.98
2024-07-28,13:00,77.61,47.05,16.55,6.62,-6.28
2024-07-28,14:00,82.82,-16.91,52.65,1,-12.98
2024-07-28,15:00,15.42,29.78,17.59,1.81,22.81
2024-07-28,16:00,35.02,18.11,69.94,10.58,82.83
2024-07-28,17:00,49.29,38.82,101.23,17.61,21.68
2024-07-28,18:00,10.62,7.6,23.81,13.64,22.64
2024-07-28,19:00,30.23,-21.7,23.58,6.5,67.25
2024-07-28,20:00,84.51,49.06,58.6,1.61,19.82
2024-07-28,21:00,97.94,-3.95,39.85,8.45,-2.24
2024-07-28,22:00,110.86,31.91,42.17,9.58,79.5
2024-07-28,23:00,102.25,-5.6,112.89,12.91,-0.02
2024-07-28,00:00,73.54,-9.79,114.09,7.51,0.81
2024-07-29,01:00,48.69,19.61,64.83,-3.81,67.67
2024-07-29,02:00,45.79,40.1,-9.22,10.11,-32.4
2024-07-29,03:00,7.09,43.67,-73.4,8.28,32.26
2024-07-29,04:00,-6.2,28.38,67.35,-2.9,19.63
2024-07-29,05:00,-4.59,-19.53,-25.47,2.14,30.86
2024-07-29,06:00,56.16,-1.95,-3.64,-3.16,14.03
2024-07-29,07:00,-4.12,30.08,2.9,7,-15.27
2024-07-29,08:00,49.06,-10.08,7.04,24.82,70.13
2024-07-29,09:00,83.04,48.3,55.29,22.85,116.97
2024-07-29,10:00,11.98,17.31,46.02,37.27,129.27
2024-07-29,11:00,97.54,28.29,-18.08,22.46,46.61
2024-07-29,12:00,29.4,-2.11,62.37,30.18,127.73
2024-07-29,13:00,122.06,4.83,61.56,25.37,112.4
2024-07-29,14:00,98.65,32.68,2.95,24.71,27.27
2024-07-29,15:00,126.94,1.26,20.48,24.68,46.08
2024-07-29,16:00,47.62,14.52,52.66,18.92,29.34
2024-07-29,17:00,112.4,44.66,98.26,21.82,119.08
2024-07-29,18:00,108.43,6.93,50,16.78,108.48
2024-07-29,19:00,135.84,-17.04,131.62,13.13,111.71
2024-07-29,20:00,-4.05,41.53,-0.75,12.9,-5.44
2024-07-29,21:00,63.3,34.43,-13.07,5.67,10.13
2024-07-29,22:00,57.64,9.58,88.15,16.04,77.49
2024-07-29,23:00,-23.15,7.98,1.77,-0.09,56.67
2024-07-29,00:00,-31.43,25.89,88.56,10.97,52.82
2024-07-30,01:00,87.99,1.02,39.68,9.59,60.19
2024-07-30,02:00,50.93,18.48,49.37,6.2,35.36
2024-07-30,03:00,95.11,35.2,-57.28,3.81,-8.24
2024-07-30,04:00,49.26,39.74,-64.37,2.72,-9.13
2024-07-30,05:00,-36.03,31.55,9.96,6.41,-25.03
2024-07-30,06:00,-19.98,23.69,28.48,-2.44,-19.55
2024-07-30,07:00,-2.87,-11.8,87.91,19.3,67.83
2024-07-30,08:00,67.06,27.18,-30.59,15.56,-7.69
2024-07-30,09:00,70.96,31.13,77.12,21.78,28.72
2024-07-30,10:00,61.24,12.2,62.45,17.69,99.53
2024-07-30,11:00,124.04,-11.61,59.43,22.69,50.71
2024-07-30,12:00,52.46,9.59,-9.56,24.47,44.66
2024-07-30,13:00,119.03,25.64,119.84,17.98,26.08
2024-07-30,14:00,110.5,40.89,60.48,27.99,92.33
2024-07-30,15:00,100.74,-10.53,72.17,20.49,106.49
2024-07-30,16:00,24.22,24.09,47.26,15.86,67.34
2024-07-30,17:00,66.28,13.59,27.83,12.82,13.49
2024-07-30,18:00,101.66,-20.34,92.81,21.83,22.41
2024-07-30,19:00,61.85,6.13,107.24,0.11,-3.51
2024-07-30,20:00,110.05,24.83,70.05,5.7,30.59
2024-07-30,21:00,52.23,2.01,-20.55,15.46,71.01
2024-07-30,22:00,61.54,-7.36,-32.93,9.05,22.86
2024-07-30,23:00,114.22,16.86,-24.6,4.39,26.42
2024-07-30,00:00,73.21,-0.44,36.26,-1.25,60.32
2024-07-31,01:00,-3.84,-18.82,-11.51,-0.74,-23.35
2024-07-31,02:00,69.44,2.36,6.84,12.84,36.97
2024-07-31,03:00,-11.76,4.9,94.8,-1,-14.32
2024-07-31,04:00,39.38,-20.44,-35.92,8.97,21.38
2024-07-31,05:00,72.23,18.56,55.69,8.31,-14.44
2024-07-31,06:00,58.29,21.65,-45.05,10.7,13.98
2024-07-31,07:00,-11.27,-4.62,26.05,10.38,-30.52
2024-07-31,08:00,76.12,40.73,-34.52,21.21,82.17
2024-07-31,09:00,130.79,36.39,59.38,25.71,48.33
2024-07-31,10:00,39.41,25.05,62.21,33.71,70.78
2024-07-31,11:00,92.01,1.66,54.7,21.01,134.56
2024-07-31,12:00,107.75,39.86,134.48,30.13,72.45
2024-07-31,13:00,120.9,11.89,94.86,23.04,114.24
2024-07-31,14:00,149.01,-7.6,107.18,21.19,115.68
2024-07-31,15:00,37.44,34.54,-0.05,20.84,44.25
2024-07-31,16:00,14.43,-15.35,135.04,24.35,80.34
2024-07-31,17:00,82.51,6.41,64.9,18.19,18.52
2024-07-31,18:00,65.3,2.52,95.38,15.44,25.47
2024-07-31,19:00,35.92,-21.11,55.64,2.61,50.23
2024-07-31,20:00,78.04,2.48,53.28,15.41,99.32
2024-07-31,21:00,54.59,40.98,80.73,1.91,9.47
2024-07-31,22:00,52.36,20.62,88.57,5.19,89.05
2024-07-31,23:00,113.81,1.88,75.05,8.89,10.39
2024-07-31,00:00,74.47,17.73,-13.87,4.55,15.4
2024-08-01,01:00,34.29,-23.94,-50.49,2.16,49.24
2024-08-01,02:00,64.24,2.17,8.67,-3.8,36.84
2024-08-01,03:00,96.65,-18.47,-37.28,13.29,56.75
2024-08-01,04:00,71.7,2.64,98.22,-0.23,8.43
2024-08-01,05:00,14.74,0.24,99.35,8.38,-36.33
2024-08-01,06:00,-27.59,33,65.93,0.48,12.94
2024-08-01,07:00,72.48,45.74,5.17,10.51,0.77
2024-08-01,08:00,89.99,3.21,53.62,26.94,14.56
2024-08-01,09:00,2.18,25.13,135.72,27.5,43.3
2024-08-01,10:00,36.07,-18.18,-4.66,32.27,119.47
2024-08-01,11:00,150.75,20.36,151,26.37,52.72
2024-08-01,12:00,66.82,-3.09,-14.89,17.88,31.81
2024-08-01,13:00,129.41,25.9,9.63,18.84,56.54
2024-08-01,14:00,82.29,-5.03,-6.06,32.19,51
2024-08-01,15:00,33.86,22.41,149.32,24.72,106.67
2024-08-01,16:00,18.36,-12.46,44.78,25.49,90.85
2024-08-01,17:00,98.93,-5.45,-1.69,24.08,71.98
2024-08-01,18:00,135.09,-8.74,-37.96,15.74,117.19
2024-08-01,19:00,43.4,-15.38,113.22,9.95,83.68
2024-08-01,20:00,30.62,9.65,110.61,2.81,97.25
2024-08-01,21:00,35.64,2.34,30.83,12.84,45.87
2024-08-01,22:00,63.41,20.54,65.03,-0.34,53.29
2024-08-01,23:00,81.48,25.48,-5.84,12.65,38.42
2024-08-01,00:00,48.05,26.26,30.37,12.68,28.76
2024-08-02,01:00,47.17,28.95,-48.16,6.05,-1.94
2024-08-02,02:00,67.26,28.95,-43.68,10.69,-24.88
2024-08-02,03:00,88.42,34.69,1.6,6.3,40.41
2024-08-02,04:00,-26.6,-1.59,25.3,-2.7,-22.45
2024-08-02,05:00,73.16,29.86,81.03,3.6,36.38
2024-08-02,06:00,63.29,16.69,2.67,7.43,36.89
2024-08-02,07:00,-11.65,33.05,120.94,15.9,61.06
2024-08-02,08:00,-10.73,8.02,11.42,24.99,18.76
2024-08-02,09:00,134.5,-4.17,130.95,26.06,97.43
2024-08-02,10:00,15.89,-7.4,74.34,20,27.08
2024-08-02,11:00,40.44,13.83,73.46,26.23,74.17
2024-08-02,12:00,137.78,-12.31,98.39,25.13,30.93
2024-08-02,13:00,141.41,-0.34,120.72,19.19,95.07
2024-08-02,14:00,61.37,7.73,34.84,23.86,112.65
2024-08-02,15:00,42.3,0.07,33.43,19.92,80.78
2024-08-02,16:00,107.16,-4.2,50.01,30.34,79.7
2024-08-02,17:00,91.44,0.4,101.07,14.06,113.05
2024-08-02,18:00,32.21,-1.19,-16.04,14.28,22.24
2024-08-02,19:00,2.37,-8.96,109.28,5.86,82.22
2024-08-02,20:00,32.48,-7.65,81.2,0.1,-0.35
2024-08-02,21:00,39.82,24.02,-15.83,13.32,65.69
2024-08-02,22:00,62.06,0.75,111.51,0.29,20.64
2024-08-02,23:00,-19.67,11.72,42.45,3.44,-25.98
2024-08-02,00:00,93.11,16.78,1.26,-0.02,-1.23
2024-08-03,01:00,-10.95,28.5,20.22,3.5,-0.26
2024-08-03,02:00,77.87,29.94,109.47,11.93,35.6
2024-08-03,03:00,79.14,19.51,-1.41,-1.11,6.57
2024-08-03,04:00,-38.92,-29.38,-3.95,10.81,43.17
2024-08-03,05:00,36.3,0.87,41.34,8.98,39.4
2024-08-03,06:00,83.51,-12.13,-49.63,-3.13,-34.15
2024-08-03,07:00,29.17,37.58,73.87,5.44,40.57
2024-08-03,08:00,-26.16,-14.13,70.1,10.05,45.12
2024-08-03,09:00,0.84,8.54,115.93,4.44,60.8
2024-08-03,10:00,88.5,16.44,99.69,15,80.19
2024-08-03,11:00,9.4,17.34,1.2,14.89,23.01
2024-08-03,12:00,19.5,23.62,0.92,8.23,27.85
2024-08-03,13:00,76.54,26.63,-10.33,3.5,52.3
2024-08-03,14:00,128.55,26.34,-35.23,13.64,7.26
2024-08-03,15:00,11.81,3.33,32.72,8.25,57.11
2024-08-03,16:00,79.17,13.69,-9.23,11.87,26.78
2024-08-03,17:00,91.1,44.49,79.35,14.95,37.14
2024-08-03,18:00,78.77,36.74,-13.06,7.86,39.33
2024-08-03,19:00,107.41,43.95,-13.01,13.26,37.79
2024-08-03,20:00,105.7,-0.25,84.33,1.99,-0.6
2024-08-03,21:00,48,24.26,-28.79,6.06,30.73
2024-08-03,22:00,9.8,-0.64,-16.02,2.63,67.22
2024-08-03,23:00,88.91,-14.86,14.08,13.48,-6.91
2024-08-03,00:00,51.66,7.22,-27.87,6.56,44.36
2024-08-04,01:00,-4.43,45.03,57.25,1.04,-2.44
2024-08-04,02:00,93.76,-7.34,-46.21,1.85,-33.72
2024-08-04,03:00,71.77,5.52,10.49,-2.14,-4.09
2024-08-04,04:00,93.88,23.42,-2.03,0.73,15.81
2024-08-04,05:00,-18.03,-27.33,99.15,2.83,58.93
2024-08-04,06:00,25.42,-5.78,-57.88,2.15,-28.29
2024-08-04,07:00,40.08,-14.41,87.24,5.42,41.18
2024-08-04,08:00,90.68,22.01,86.24,-1.29,28
2024-08-04,09:00,52.9,-2.4,-2.41,3.83,6.43
2024-08-04,10:00,68.84,48.92,-3.75,16.73,-0.74
2024-08-04,11:00,-5.96,-12.66,-23.54,9.86,42.25
2024-08-04,12:00,102.9,15.82,17.77,9.53,1.15
2024-08-04,13:00,105.84,-16.52,86.22,3.33,26.76
2024-08-04,14:00,26.72,-16.64,11.13,12.28,32.72
2024-08-04,15:00,52.42,31.88,-13.64,19.02,55.14
2024-08-04,16:00,-10.35,-12.21,-45.11,3.45,22.24
2024-08-04,17:00,8.93,48.72,1.3,14.07,14.61
2024-08-04,18:00,-1.35,2.18,64.01,3.67,82.38
2024-08-04,19:00,120.9,-13.27,13.92,10.14,11.36
2024-08-04,20:00,125.11,21.99,-31.13,10.17,-7.84
2024-08-04,21:00,98.36,39.03,25.65,5.01,23.73
2024-08-04,22:00,84.73,-16.53,84.83,4.57,17.64
2024-08-04,23:00,1.73,-4.43,93.66,2.31,69.03
2024-08-04,00:00,17.97,-9.46,-61.22,16.85,-7.53
2024-08-05,01:00,-10.33,-22.42,59.02,12.66,19.96
2024-08-05,02:00,22.97,32.56,-4.9,2.89,-14.75
2024-08-05,03:00,7.72,12.31,99,0.54,-42.8
2024-08-05,04:00,-20.99,4.47,-41.99,-2.05,0.45
2024-08-05,05:00,32.2,12.08,68,3.68,25.09
2024-08-05,06:00,77.62,-17.45,37.45,12.13,37.24
2024-08-05,07:00,61.23,-18.33,1.46,13.16,83.61
2024-08-05,08:00,121.73,8.67,115.1,27.04,24.43
2024-08-05,09:00,95.51,-7.09,76.59,34.09,42.3
2024-08-05,10:00,58.72,49.72,73.75,26.25,50.5
2024-08-05,11:00,93.65,21,-26.64,20.64,62.08
2024-08-05,12:00,16.57,21.14,111.5,16.51,34.33
2024-08-05,13:00,119.24,-12.43,91.47,24.68,28.78
2024-08-05,14:00,58.79,1.97,75.23,19.93,85.41
2024-08-05,15:00,101.41,43.83,66.04,21.06,69.63
2024-08-05,16:00,126.15,-5.43,-13.78,29.42,47.17
2024-08-05,17:00,137.76,35.73,-6.41,12.94,104.12
2024-08-05,18:00,14.91,28.42,37.76,4.63,95.95
2024-08-05,19:00,58.73,23.35,88.28,10.56,9.43
2024-08-05,20:00,134.54,-22.13,-35.68,5.44,-18.79
2024-08-05,21:00,27.3,37.95,134.72,-0.49,-12.99
2024-08-05,22:00,8.59,23.85,31.09,0.57,51.89
2024-08-05,23:00,60.45,8.51,52.34,9.41,79.01
2024-08-05,00:00,-21.98,42.64,53.6,13.63,6.74
2024-08-06,01:00,42.39,29.9,-14.58,12.88,40.78
2024-08-06,02:00,30.08,35.91,-38.69,8.49,25.12
2024-08-06,03:00,14.28,-27.16,39.28,-1.15,60.5
2024-08-06,04:00,-15.88,6.51,-50.76,11.32,63.17
2024-08-06,05:00,-49,7.7,-47.25,8.34,-21.55
2024-08-06,06:00,-8.99,34.24,-26.05,-3.39,-23.12
2024-08-06,07:00,99.67,21.15,50.94,15.7,19.52
2024-08-06,08:00,64.33,2.49,43.3,14.86,72.33
2024-08-06,09:00,85.91,15.49,115.59,27.25,60.94
2024-08-06,10:00,45.67,54.05,22.2,31.67,41.44
2024-08-06,11:00,113.1,49.54,31.78,22.85,76.08
2024-08-06,12:00,92.03,-3.15,62.12,25.99,139.23
2024-08-06,13:00,98.21,33.15,6.27,28.25,95.33
2024-08-06,14:00,24.82,27.66,76.63,16.32,104.67
2024-08-06,15:00,141.92,34.32,-9,23.34,39.57
2024-08-06,16:00,116.44,-6.63,30.95,23.78,121.43
2024-08-06,17:00,134.78,-10.37,127.22,14.56,31.27
2024-08-06,18:00,80.67,6.49,87.71,13.93,30.04
2024-08-06,19:00,98.61,40.58,143.35,13.26,34.27
2024-08-06,20:00,112.23,29.71,31.6,7.49,9.79
2024-08-06,21:00,94.79,5.37,22.12,7.55,53.32
2024-08-06,22:00,-8.77,13.94,63.6,13.8,2.41
2024-08-06,23:00,94.8,10.78,105.82,-2.03,46.71
2024-08-06,00:00,23.89,-24.43,-49.3,14.42,23.23
2024-08-07,01:00,84.25,38.58,-46.44,3.47,55.11
2024-08-07,02:00,18.23,32.73,0.31,10.66,45.16
2024-08-07,03:00,62.67,-8.89,51.01,9,61.59
2024-08-07,04:00,-25.35,46.78,-6.42,5.4,64.53
2024-08-07,05:00,-18.76,24.51,83.79,2.43,47.94
2024-08-07,06:00,-36.29,27.47,-18.77,12.31,-28.55
2024-08-07,07:00,75.9,25.46,71.67,9.36,44.92
2024-08-07,08:00,102.28,37.45,-14.28,12.09,17.15
2024-08-07,09:00,53.2,0.13,51.12,27.77,68.89
2024-08-07,10:00,89.67,10.38,-11.41,19.56,115.8
2024-08-07,11:00,135.63,35.1,98.38,30.36,88.28
2024-08-07,12:00,22.35,-15.22,60.17,18.18,33.4
2024-08-07,13:00,149.97,25.21,18.73,28.56,51.46
2024-08-07,14:00,106.69,45.41,93.36,32.53,90.63
2024-08-07,15:00,27.14,3.73,92.86,25.52,103.09
2024-08-07,16:00,13.05,-0.15,-1.38,30.31,44.53
2024-08-07,17:00,115.39,49.71,39.37,17.3,53.08
2024-08-07,18:00,43.42,27.93,66.29,11.41,108.94
2024-08-07,19:00,74.26,29.46,44.31,17.12,69.89
2024-08-07,20:00,129.23,39.5,2.37,16.05,19.61
2024-08-07,21:00,48.06,29.08,122.33,2.67,74.45
2024-08-07,22:00,13.05,31.5,-47.38,1.5,46.31
2024-08-07,23:00,20.1,34.11,-46.29,14.51,35.34
2024-08-07,00:00,51.62,5.41,-25.67,2.08,37.22
2024-08-08,01:00,42.85,41.18,-48.59,3.11,3.03
2024-08-08,02:00,-3.47,45.02,112.29,-3.86,65.7
2024-08-08,03:00,63.31,33.9,-34.83,-2.7,35.86
2024-08-08,04:00,23.73,-12.35,-43.14,2.43,13.08
2024-08-08,05:00,4.72,-13.48,11.46,3.77,51.63
2024-08-08,06:00,-34.36,-19.92,-51.01,-1.22,64.85
2024-08-08,07:00,93.4,20.78,-1.8,17.62,67.63
2024-08-08,08:00,95.05,7.36,35.77,13.91,31.08
2024-08-08,09:00,69.74,-5.21,-0.78,14.64,82.39
2024-08-08,10:00,136.77,-21.6,83.46,22.23,128.59
2024-08-08,11:00,5.03,20.45,24.91,25.68,79.02
2024-08-08,12:00,49.53,31.64,8.01,29.13,38.37
2024-08-08,13:00,144.96,17.48,50.72,30.07,102.4
2024-08-08,14:00,79.65,20.27,73.99,26.82,110.21
2024-08-08,15:00,145.53,-2.71,10,22.05,80.16
2024-08-08,16:00,13.6,34.15,134.64,15.81,111.39
2024-08-08,17:00,9.43,-22.85,4.6,21.2,83.31
2024-08-08,18:00,30.62,-20.74,-35.98,7.66,79.72
2024-08-08,19:00,49.85,25.07,65.95,1.27,36.06
2024-08-08,20:00,99.17,50.94,68.6,17.33,45.98
2024-08-08,21:00,47.02,10.64,102.69,15.65,61.63
2024-08-08,22:00,73.64,-17.18,16.62,9.89,89.53
2024-08-08,23:00,76.38,37.44,13.31,6.9,-8.67
2024-08-08,00:00,-27.65,37.41,118.88,-2.74,-13.54
2024-08-09,01:00,47.88,-15.48,-41.23,2.75,-21.49
2024-08-09,02:00,74.88,-24.19,65.61,1.18,8.73
2024-08-09,03:00,-45.89,21.57,-59.87,-3.95,17.37
2024-08-09,04:00,-49.26,18.47,-5.6,11.28,50.5
2024-08-09,05:00,38.6,-2.96,-43.13,-1.74,19.99
2024-08-09,06:00,-10.58,-11.04,4.6,8.47,-36.64
2024-08-09,07:00,66.46,49.96,78.25,8.63,-30.5
2024-08-09,08:00,57.44,-19.39,-9.02,25.87,29.8
2024-08-09,09:00,27.85,31.93,36.74,17.31,117.07
2024-08-09,10:00,100.38,9.79,5.9,22.71,75.13
2024-08-09,11:00,99.54,29.59,124.77,22.31,56.92
2024-08-09,12:00,30.39,-17.37,92.46,32.06,106.77
2024-08-09,13:00,63.11,28.08,87.12,28.4,67.77
2024-08-09,14:00,73.49,1.56,136.21,31.51,101.47
2024-08-09,15:00,100.05,29.94,37.66,20.04,81.43
2024-08-09,16:00,60.16,12.29,143.42,25.08,73.25
2024-08-09,17:00,31.13,50.78,128.51,16.09,17.52
2024-08-09,18:00,95.29,28.34,33.06,10.72,19.76
2024-08-09,19:00,15.45,29.15,5.19,10.62,-9.66
2024-08-09,20:00,60.48,25.67,61.81,13.66,88.65
2024-08-09,21:00,55,28.96,83.2,15.2,38.56
2024-08-09,22:00,3.1,-6.12,114.95,-0.77,20.8
2024-08-09,23:00,36.97,38.13,51.77,5.68,35.49
2024-08-09,00:00,98.33,-15.14,-57.53,8.11,42.23
2024-08-10,01:00,66.12,-9.09,57.4,10.67,59.59
2024-08-10,02:00,67.74,-3.18,-69.02,2.85,38.49
2024-08-10,03:00,19.81,32.83,-30.77,6.27,24.08
2024-08-10,04:00,-45.89,5.83,57.43,0.42,1.54
2024-08-10,05:00,71.1,-27.39,29.77,4.7,46.07
2024-08-10,06:00,-28.89,30.29,87.11,-3.71,22.23
2024-08-10,07:00,69.82,-24.96,-59.6,10.16,52.22
2024-08-10,08:00,44.96,46.12,-21.37,0.9,23.42
2024-08-10,09:00,-3.45,-7.01,25.11,10.2,67.16
2024-08-10,10:00,126.5,23.33,26.24,15.29,51.21
2024-08-10,11:00,74.87,32.54,23.07,8.61,48.4
2024-08-10,12:00,127.65,42.57,11.99,14.43,53.77
2024-08-10,13:00,83.3,12.68,69.12,15.61,15.66
2024-08-10,14:00,59.9,40.39,109.92,2.16,31.91
2024-08-10,15:00,56.74,9.66,23.37,0.35,24.45
2024-08-10,16:00,70.24,6.65,89.5,11.89,73.52
2024-08-10,17:00,40.92,-20.35,-14.86,7.35,15.35
2024-08-10,18:00,110.66,-13.91,104.06,4.42,6.88
2024-08-10,19:00,115.3,18.3,22.17,16.59,50.1
2024-08-10,20:00,22.66,13.76,75.05,5.71,39.68
2024-08-10,21:00,120.02,25.4,103.69,15.79,37.82
2024-08-10,22:00,-8.47,23.65,-4.71,9.12,-16.24
2024-08-10,23:00,103.89,26.37,-29.36,2.18,12
2024-08-10,00:00,10.16,13.1,39.75,4.51,55.48
2024-08-11,01:00,43.07,-11.99,-20.14,-1.67,71.54
2024-08-11,02:00,-16.59,-12.65,70.38,1.08,-24.51
2024-08-11,03:00,-40.08,1.86,29.01,-0.92,-33.87
2024-08-11,04:00,18.06,-11.87,-12.47,-2.09,-27.93
2024-08-11,05:00,55.51,-21.24,103.26,-2.84,30.97
2024-08-11,06:00,-48.51,12.79,-10.59,12.45,57.62
2024-08-11,07:00,73.49,-17.52,21.35,10.49,-35.65
2024-08-11,08:00,99.27,11.57,53.91,1.91,-21.89
2024-08-11,09:00,113.7,-23.92,122.27,12.44,1.29
2024-08-11,10:00,9.63,3.99,-22.07,5.95,83.51
2024-08-11,11:00,57.15,19.61,8.38,6.28,6.35
2024-08-11,12:00,74.11,25.55,124.08,5.17,93.49
2024-08-11,13:00,-8.43,28.41,-16.98,17.64,-5.09
2024-08-11,14:00,12.35,22.06,37.39,7.12,3.4
2024-08-11,15:00,78.62,9.16,89.76,11.45,16.35
2024-08-11,16:00,59.1,38.6,-2.99,5.46,2.5
2024-08-11,17:00,120.07,31.81,-1.81,18.81,41.56
2024-08-11,18:00,16.49,-13.76,-24.29,6.7,31.2
2024-08-11,19:00,70.46,22.63,19.92,14.31,-4.45
2024-08-11,20:00,7.37,-14.91,107.65,17.39,76.32
2024-08-11,21:00,41.62,8.54,105.37,7.04,40.22
2024-08-11,22:00,-10.85,25.95,-45.36,11.65,0.76
2024-08-11,23:00,81.36,26.28,104.34,2.87,5.92
2024-08-11,00:00,19.9,25.69,7.8,9.56,7.13
2024-08-12,01:00,26.74,-13.46,-7.7,7.27,71.51
2024-08-12,02:00,-41.19,-23.44,103.52,5.05,34.56
2024-08-12,03:00,5.77,8.99,56.16,13.02,39.44
2024-08-12,04:00,61.27,-15.21,54.45,-1.1,-38.98
2024-08-12,05:00,-3.94,-7.78,-73.84,5.19,54.44
2024-08-12,06:00,-37.69,14.06,102.87,2.25,72.75
2024-08-12,07:00,-28.18,-4.3,40.6,7.73,28.52
2024-08-12,08:00,25.22,37.37,71.19,25.31,17.81
2024-08-12,09:00,109.61,29.52,114.97,33.85,126.79
2024-08-12,10:00,144.07,-10.78,13.45,22.04,30.05
2024-08-12,11:00,54.08,15.88,98.27,34.6,46.42
2024-08-12,12:00,101.31,15.69,97.12,28.11,107.81
2024-08-12,13:00,85.99,-21.54,-16.4,20.66,29.51
2024-08-12,14:00,135.79,26.51,101.49,24.65,97.1
2024-08-12,15:00,128.72,-20.87,91.43,29.36,58.55
2024-08-12,16:00,76.19,45.73,81.76,26.44,21.69
2024-08-12,17:00,116.57,6.93,67.27,29.37,114.81
2024-08-12,18:00,14.54,-19.34,62.24,9.07,41.28
2024-08-12,19:00,0.19,45.63,128.2,18.71,93.63
2024-08-12,20:00,80.93,46.09,30.64,11.97,57.1
2024-08-12,21:00,53.6,26.37,65.94,4.15,52.95
2024-08-12,22:00,26.49,14.46,-11.37,13.78,14.97
2024-08-12,23:00,73.96,-2.55,17.88,4.46,-8
2024-08-12,00:00,45.55,13.4,110.19,6.11,14.23
2024-08-13,01:00,46.75,36.37,-55.1,0.13,8.87
2024-08-13,02:00,81.02,-28.67,89.46,13.25,43.89
2024-08-13,03:00,54.86,2.92,22.65,-4.76,-38.26
2024-08-13,04:00,69.85,15.2,92.18,1.14,26.69
2024-08-13,05:00,76.23,40.16,57.03,-4.86,47.05
2024-08-13,06:00,-37.68,46.62,108.34,7.81,-35.01
2024-08-13,07:00,72.78,7.35,-44.92,12.97,50.75
2024-08-13,08:00,11.17,-21,6.22,25.93,93.7
2024-08-13,09:00,91.25,-1.68,92.24,26.06,56.39
2024-08-13,10:00,23.33,10.85,139.06,19.99,79.89
2024-08-13,11:00,109.58,52.41,-4.9,17.3,65.45
2024-08-13,12:00,119.75,17.79,116.23,34.1,62.92
2024-08-13,13:00,80.24,32.12,5.64,29.52,47.93
2024-08-13,14:00,107.94,12.97,109.49,16.88,102.59
2024-08-13,15:00,35.9,6.39,64.5,18.09,25.72
2024-08-13,16:00,57.42,2.42,32.66,30.84,50.23
2024-08-13,17:00,96.76,-19.7,144.16,12.65,91.77
2024-08-13,18:00,22.02,14.94,116.73,12.74,102.54
2024-08-13,19:00,120.71,46.46,31.15,14.54,67.73
2024-08-13,20:00,73.84,19.35,-0.01,10.04,18.67
2024-08-13,21:00,38.95,3.09,20.44,15.62,43.57
2024-08-13,22:00,22.52,35.49,13.71,15.88,-23.01
2024-08-13,23:00,88,16.59,69.05,4.77,76.77
2024-08-13,00:00,71.96,-1.72,68.92,-1.39,39.67
2024-08-14,01:00,-14.46,-22.36,-57.72,2.53,-0.06
2024-08-14,02:00,5.61,30.38,37.68,13.79,-32.69
2024-08-14,03:00,25.03,-19.28,-30.74,-1.21,5.53
2024-08-14,04:00,-31.27,-26.37,-15.58,-2.3,-43.7
2024-08-14,05:00,96.85,-18.33,86,-1.62,46.56
2024-08-14,06:00,53.6,27.46,29.61,8.78,43.83
2024-08-14,07:00,105.81,15.16,37.65,7.98,-5.53
2024-08-14,08:00,30.55,35.3,27.08,28.36,9.24
2024-08-14,09:00,27.7,23.06,28.93,23.08,104.11
2024-08-14,10:00,5.97,11.57,23.76,30.46,46.14
2024-08-14,11:00,31.69,35.74,86.52,33.94,121.65
2024-08-14,12:00,118.67,3.44,20.32,26.93,36.31
2024-08-14,13:00,13.84,-6.22,88.78,15.34,99.6
2024-08-14,14:00,62.41,48.78,6.64,28.32,25.39
2024-08-14,15:00,129.16,-5.18,94.45,15.09,36.77
2024-08-14,16:00,130.64,14.68,84.48,22.45,114.55
2024-08-14,17:00,60.24,-2.56,125.06,11.87,51.1
2024-08-14,18:00,21.38,22.28,10.03,10.69,36.35
2024-08-14,19:00,96.81,13.21,-47.38,3.04,14
2024-08-14,20:00,109.34,26.78,-38.49,10.15,68.36
2024-08-14,21:00,21.62,7.61,-50.27,10.82,90.13
2024-08-14,22:00,-1.91,20.38,88.58,9.76,60.74
2024-08-14,23:00,8.38,-4.9,48.98,15.81,12.97
2024-08-14,00:00,-3.96,2.69,54.93,6.34,-30.82
2024-08-15,01:00,93.08,17.83,107.1,4.23,72.71
2024-08-15,02:00,79.18,1.7,87.16,0.49,47.72
2024-08-15,03:00,0.5,21.08,-38.12,4.81,-10.22
2024-08-15,04:00,-1.99,-15.8,-6.17,-1.42,69.64
2024-08-15,05:00,-15.62,-20.82,84.61,11.24,1.02
2024-08-15,06:00,50.7,-16.41,25.25,7.79,-27.29
2024-08-15,07:00,-1.25,14.84,17.21,12.25,60.69
2024-08-15,08:00,86.48,-9.35,100.42,10.4,58.59
2024-08-15,09:00,46.58,40.09,-6.91,14.43,41.91
2024-08-15,10:00,7.83,-22.73,70.51,4.24,86.52
2024-08-15,11:00,21.95,-14.47,-30.17,8.25,104.27
2024-08-15,12:00,46,18.51,-37.95,9.24,4.6
2024-08-15,13:00,111.87,-1.48,127.68,0.79,36.39
2024-08-15,14:00,-11.74,-20.32,65.88,4.16,35.01
2024-08-15,15:00,12.91,24.91,102.47,12.34,55.19
2024-08-15,16:00,66.11,12.1,-34.45,10.26,95.41
2024-08-15,17:00,90.12,29.57,-29.75,11.08,82.04
2024-08-15,18:00,6.05,2.23,97.97,11.03,20.75
2024-08-15,19:00,115.57,-1.18,44.54,16.42,76.74
2024-08-15,20:00,78.6,20.05,-24.28,9.94,-9.39
2024-08-15,21:00,58.81,-6.54,9.1,9.03,-1.56
2024-08-15,22:00,25.25,11.67,96.12,13.03,12.1
2024-08-15,23:00,23.66,-14.12,51.88,1.18,70.48
2024-08-15,00:00,-37.22,19.02,4.35,9.02,-10.34
2024-08-16,01:00,49.1,-24.29,88.23,2.21,7.15
2024-08-16,02:00,20.88,-22.89,-61.58,0.65,8.83
2024-08-16,03:00,85.47,4.27,76.68,2.57,12.84
2024-08-16,04:00,18.8,-18.82,-69.87,-1.3,-18.62
2024-08-16,05:00,9.43,15.43,-4.48,7.14,53.69
2024-08-16,06:00,-44.87,-19.12,77.85,7.19,56.34
2024-08-16,07:00,28.31,12.21,103.81,15.6,21.1
2024-08-16,08:00,55.55,44.58,98.52,29.43,60.19
2024-08-16,09:00,17.91,0.83,-4.98,20.53,75.75
2024-08-16,10:00,123.36,-4.96,60.77,20.58,27.02
2024-08-16,11:00,30.15,-15.58,78.03,31.62,41.59
2024-08-16,12:00,122.88,24.94,13.21,32.63,106.89
2024-08-16,13:00,73.82,8.45,109.08,14.11,49.54
2024-08-16,14:00,96.55,-12.2,50.91,14.18,52.55
2024-08-16,15:00,131.96,-13.18,100.3,19.44,32.85
2024-08-16,16:00,119.93,-20.11,29.08,16.9,17.67
2024-08-16,17:00,90.22,20.11,50.24,20.31,122.7
2024-08-16,18:00,96.91,22.02,120.93,13.48,75.93
2024-08-16,19:00,47.19,-5.82,68.39,10.64,42.73
2024-08-16,20:00,95.05,-2.78,80.49,8.64,54.13
2024-08-16,21:00,43.12,9.29,89.74,11.01,64.04
2024-08-16,22:00,-14.12,25.96,-58.46,1.31,29.97
2024-08-16,23:00,98,-24.1,-8.97,-2.88,-15.52
2024-08-16,00:00,48.05,28.45,104.19,2.06,-38.55
2024-08-17,01:00,-29.82,2.32,7.12,1.42,-33.39
2024-08-17,02:00,-3.09,27.03,52.65,1.88,34.24
2024-08-17,03:00,63.47,8.4,36.78,7.06,56.77
2024-08-17,04:00,-36.21,25.84,89.49,-5.76,-29.14
2024-08-17,05:00,42.32,11.13,19.88,4.12,46.59
2024-08-17,06:00,83.7,28.05,1.09,-5.22,44.87
2024-08-17,07:00,76.29,41.39,-41,1.38,-36.51
2024-08-17,08:00,14.63,24.03,7.97,11.37,71.7
2024-08-17,09:00,41.2,26.49,-7.75,2.45,55.41
2024-08-17,10:00,75.2,3.3,18.7,13.86,74.09
2024-08-17,11:00,-2.95,35.38,2.02,10,4.58
2024-08-17,12:00,26.28,16.49,26.61,5.33,70.31
2024-08-17,13:00,67.76,21.81,25.74,17.11,22.77
2024-08-17,14:00,23.64,13.23,87.86,15.93,85.43
2024-08-17,15:00,45.32,43.5,50.43,5.68,-6.21
2024-08-17,16:00,107.78,-3.31,107.62,10.31,44.03
2024-08-17,17:00,115.57,-12.41,36.9,9.05,56.98
2024-08-17,18:00,58.53,28.08,38.13,0.06,89.05
2024-08-17,19:00,122.29,47.73,96.91,7.56,54.26
2024-08-17,20:00,120.47,4.96,108.78,9.68,14.05
2024-08-17,21:00,88.09,-13.1,64.22,10.4,83.39
2024-08-17,22:00,99.71,31.24,37.01,10.02,17.47
2024-08-17,23:00,74.17,48.94,22.77,10.97,1.73
2024-08-17,00:00,79.13,29.66,70.61,15.69,73.44
2024-08-18,01:00,29.87,40.11,74.17,-0.11,19.8
2024-08-18,02:00,-18.97,-14.15,-33.46,1.17,45.17
2024-08-18,03:00,-22.64,4.14,0.24,6.1,9.1
2024-08-18,04:00,76.33,-23.94,80.95,-4.82,70.7
2024-08-18,05:00,73.89,-1.78,74.89,2.29,-3.78
2024-08-18,06:00,87.86,7.65,17.09,-3.97,48.16
2024-08-18,07:00,-20.97,31.06,59.19,11.23,35.84
2024-08-18,08:00,84.46,-25.3,111.76,3.37,26.54
2024-08-18,09:00,96.53,12.25,27.04,12.83,64.54
2024-08-18,10:00,52.25,50.49,-41.43,3.54,90.35
2024-08-18,11:00,-2.84,49.35,26.85,14.81,8.25
2024-08-18,12:00,118.67,12.23,-19.68,3.27,95.87
2024-08-18,13:00,-12.52,9.47,35.35,2.56,52.53
2024-08-18,14:00,76.22,7.96,-48.19,9.92,-11.69
2024-08-18,15:00,105.3,15.4,115.86,18.76,94.4
2024-08-18,16:00,27.4,-11.58,60.43,2.45,63.92
2024-08-18,17:00,1.74,21.64,83.86,8.38,82.01
2024-08-18,18:00,-17.45,-6.56,-38.57,9.19,76.8
2024-08-18,19:00,10.4,6.1,-43.13,11.39,-13.83
2024-08-18,20:00,77.62,26.77,31.98,15.89,63.41
2024-08-18,21:00,107.83,13.51,36.39,4.62,28.74
2024-08-18,22:00,63.72,37.04,68.35,15.51,-14.34
2024-08-18,23:00,16.87,11.27,56.74,5.49,53.38
2024-08-18,00:00,-25.84,19.15,68.64,12.42,-25.96
2024-08-19,01:00,54.11,23.2,-17.32,11.42,37.45
2024-08-19,02:00,12.2,17.14,40.44,4.77,-10.11
2024-08-19,03:00,6.32,23.13,4.2,1.37,68.87
2024-08-19,04:00,-31.34,14.93,83.07,1.86,-24.81
2024-08-19,05:00,27.5,12.32,97.81,12.99,-24.68
2024-08-19,06:00,29.15,18.92,-41.89,13.27,9.7
2024-08-19,07:00,64.33,29.7,-47.55,20.79,-7.13
2024-08-19,08:00,-6.91,14.22,86.98,20.5,60.06
2024-08-19,09:00,8.58,48.04,14.87,25.34,85.09
2024-08-19,10:00,123.03,2.15,44.59,37.43,59.58
2024-08-19,11:00,148.82,45.04,125.16,32.42,49.21
2024-08-19,12:00,115.82,50.56,121.56,30.29,120.9
2024-08-19,13:00,109.99,9.27,88.71,28.02,71.5
2024-08-19,14:00,12.78,41.53,39.21,22.23,25.88
2024-08-19,15:00,80.52,12.05,43.96,15.86,88.36
2024-08-19,16:00,62.05,13.74,33.13,24.24,45.17
2024-08-19,17:00,76.96,-19.17,86.29,14.82,92.79
2024-08-19,18:00,98.06,6.04,53.73,14.73,18.43
2024-08-19,19:00,54.06,28.68,52.45,18.34,45.26
2024-08-19,20:00,27.54,-14.02,57.71,6.43,58.74
2024-08-19,21:00,101.26,1.19,-48.05,4.7,87.4
2024-08-19,22:00,25.04,-19.48,-32.43,8.14,42.63
2024-08-19,23:00,60.28,-14.34,63.21,5.59,63.55
2024-08-19,00:00,63.22,31.73,-44.81,11.69,28.66
2024-08-20,01:00,-18.4,11.55,36.35,-2.86,53.48
2024-08-20,02:00,22.77,22.95,-36.05,-2.76,-2.39
2024-08-20,03:00,37.32,-19.26,11.89,8.46,-33.9
2024-08-20,04:00,57.41,14.16,69.44,-2.21,40.79
2024-08-20,05:00,-24.45,-6.63,-7.71,6.81,-8.55
2024-08-20,06:00,-41.17,-20.78,1.5,5.01,-33.48
2024-08-20,07:00,92.36,-10.92,73.59,13.92,0.73
2024-08-20,08:00,95.25,-6.97,106.36,10.05,-0.4
2024-08-20,09:00,31.6,7.04,73.7,29.36,92.53
2024-08-20,10:00,10.52,-16.07,38.67,21.04,56.66
2024-08-20,11:00,91.88,30.01,39.94,24.87,71.53
2024-08-20,12:00,131.4,-11.02,144.31,24.89,45.96
2024-08-20,13:00,39.33,-20.75,64.04,25.55,84.06
2024-08-20,14:00,27.01,29.67,118.29,31.8,35.21
2024-08-20,15:00,89.52,2.59,35.37,23.37,49.5
2024-08-20,16:00,105.39,-22.52,89.37,27.44,93.75
2024-08-20,17:00,52,42.71,-14.97,26.93,9.1
2024-08-20,18:00,107.05,46.82,93.41,16.99,26.25
2024-08-20,19:00,22.47,25.55,108.53,11.62,84.72
2024-08-20,20:00,118.74,46.83,68.29,6.44,109.19
2024-08-20,21:00,13.49,43.48,94.75,15.19,0.59
2024-08-20,22:00,48.23,-18.86,1.71,7.31,56.95
2024-08-20,23:00,-3.52,42.25,51.14,6.28,-26.25
2024-08-20,00:00,35.59,-23.76,-10.4,14.6,14.67
2024-08-21,01:00,34.93,-7.43,7.49,5.89,59.72
2024-08-21,02:00,21.39,30.53,-27.52,3.36,23.81
2024-08-21,03:00,62.58,28.61,60.04,0,12.78
2024-08-21,04:00,95.66,15.81,85.68,-0.43,53.54
2024-08-21,05:00,64.05,-9.86,27.9,0.34,-12.51
2024-08-21,06:00,-2.48,9.89,49.82,-0.16,-8.42
2024-08-21,07:00,-24.29,24.33,42.43,18.35,53.34
2024-08-21,08:00,87.86,33.54,135.27,18.72,108.87
2024-08-21,09:00,136.8,24.51,89.65,30.69,119.97
2024-08-21,10:00,129.65,8.08,21.57,23.2,81.96
2024-08-21,11:00,52.15,1.69,95.24,32.37,40.64
2024-08-21,12:00,106.42,-17.77,75.94,19.73,14.24
2024-08-21,13:00,33.48,16.48,109.3,23.14,98.32
2024-08-21,14:00,4.53,39.94,38.13,22.37,79.6
2024-08-21,15:00,16.66,7.92,-18.6,18.82,62.3
2024-08-21,16:00,100.26,-7.49,140.9,24.31,78.37
2024-08-21,17:00,121.64,26.23,112.66,22.41,128.39
2024-08-21,18:00,18.72,-13.33,113.67,7.53,44.24
2024-08-21,19:00,126.68,-19.23,70.13,16.69,73.61
2024-08-21,20:00,69.21,-20.33,24.07,15.65,44.87
2024-08-21,21:00,20.84,47.99,47.18,4.06,31.79
2024-08-21,22:00,-10.09,3.04,67.43,9.14,29.59
2024-08-21,23:00,110.02,23.03,38,3.03,30.76
2024-08-21,00:00,93.87,9.42,81.57,10.51,-13.73
2024-08-22,01:00,62.33,35.49,95.42,1.86,42.39
2024-08-22,02:00,-45.77,-16.07,-49.57,4.83,29.65
2024-08-22,03:00,-47.72,-17.48,-69.41,6.1,36.41
2024-08-22,04:00,-24.62,11.11,-33.03,-4.29,71.85
2024-08-22,05:00,59.81,-14.01,29.05,2.05,52.01
2024-08-22,06:00,20.79,34.48,23.96,11.09,45.91
2024-08-22,07:00,-21.7,43.23,38.23,8.14,45.16
2024-08-22,08:00,46.85,-21.39,107.14,15.93,19.11
2024-08-22,09:00,116.22,-4.29,62.14,14.29,85.5
2024-08-22,10:00,26.45,10.51,104.44,31.6,90.16
2024-08-22,11:00,20.42,44.28,42.33,27.4,71.45
2024-08-22,12:00,48.32,3.22,59.24,30.97,94.58
2024-08-22,13:00,142.03,-13.18,33.11,27.12,39.14
2024-08-22,14:00,113.63,50.01,95.51,27.93,59.4
2024-08-22,15:00,6,-22.81,66.18,26.03,40.74
2024-08-22,16:00,22.21,-21.14,77.62,25.83,54.74
2024-08-22,17:00,15.75,8.58,-9.99,20.36,123.49
2024-08-22,18:00,22.8,-14.1,104.51,20,58.47
2024-08-22,19:00,87.47,46.41,-40.39,2.31,77.34
2024-08-22,20:00,129.74,36.69,23.43,3.08,106.07
2024-08-22,21:00,97.18,-16.76,66.25,13.75,111.3
2024-08-22,22:00,95.95,-11.49,44.38,9.03,53.44
2024-08-22,23:00,25.46,-16.7,90.21,9.58,-15.71
2024-08-22,00:00,2.58,26.4,-9.41,-0.77,-6.56
2024-08-23,01:00,60.54,-22.62,2.1,1.86,-28.59
2024-08-23,02:00,62.51,-19.36,-60.62,-0.48,-19.96
2024-08-23,03:00,0.91,38.81,-69.78,13.87,-11.4
2024-08-23,04:00,15.65,-17.71,103.03,9.48,6.69
2024-08-23,05:00,-4.82,9.37,-46.52,-3.52,-5.24
2024-08-23,06:00,50.2,-19.33,-52.09,-3.34,77.45
2024-08-23,07:00,-3.81,35.33,12.57,10.71,82.36
2024-08-23,08:00,52.59,13.03,92.45,22.34,67.15
2024-08-23,09:00,51.77,45.54,93.72,19.16,88.09
2024-08-23,10:00,97.65,28.53,56.12,25.87,154.53
2024-08-23,11:00,41.92,50.91,130.29,23.52,39.31
2024-08-23,12:00,139.42,10,104.79,19.97,142.87
2024-08-23,13:00,55.9,42.83,106.24,17.5,50.93
2024-08-23,14:00,59.79,5.51,-7.28,26.48,49.72
2024-08-23,15:00,34.43,-13.28,141.9,27.29,59.94
2024-08-23,16:00,110.83,-9.65,13.21,21.43,111.95
2024-08-23,17:00,37.68,-2.53,27.91,18.02,119.45
2024-08-23,18:00,2.04,36.96,106.68,12.66,53.69
2024-08-23,19:00,70.69,-24.44,-8.06,0.69,104.02
2024-08-23,20:00,32.2,36.37,-21.63,8.82,100.13
2024-08-23,21:00,111.55,29.78,-17.01,4.28,120.12
2024-08-23,22:00,88.3,39.17,115.44,6.7,19.63
2024-08-23,23:00,81.13,10.08,74.9,2.42,73.85
2024-08-23,00:00,85.21,-6.41,54.85,12.1,96.57
2024-08-24,01:00,-34.18,38.23,82.75,10.57,119.71
2024-08-24,02:00,-4.63,34.11,27.9,4.61,48.48
2024-08-24,03:00,59.28,7.43,81.92,8.65,24.31
2024-08-24,04:00,-37.29,40.3,-58.37,5.57,57.5
2024-08-24,05:00,-44.99,26.88,56.87,12.2,124.47
2024-08-24,06:00,76.25,27.52,104.83,3.69,103.66
2024-08-24,07:00,21.53,-2.18,79.66,5.25,57.64
2024-08-24,08:00,26.63,-11.89,26.95,4.39,94.91
2024-08-24,09:00,51.26,-9.79,91.51,2.95,58.48
2024-08-24,10:00,-2.15,41.48,76.52,12.35,64.18
2024-08-24,11:00,75.12,17.38,-46.35,0.56,92.28
2024-08-24,12:00,103.32,42.08,-25.41,8.06,28.49
2024-08-24,13:00,98.19,-17.39,3.33,15.82,91.6
2024-08-24,14:00,104.16,15.46,46.79,14.1,2.16
2024-08-24,15:00,36.39,47.18,81.64,12.77,61.32
2024-08-24,16:00,87.88,45.82,74.02,-2.43,55.38
2024-08-24,17:00,53.77,-13.92,87.01,7.64,58.33
2024-08-24,18:00,98.09,30.02,21.92,12.34,41.16
2024-08-24,19:00,112.6,-10.77,51.39,15.37,-8.06
2024-08-24,20:00,112.89,31.57,16.47,17.82,68.77
2024-08-24,21:00,-24.96,31.04,-35.89,4.51,-17.39
2024-08-24,22:00,51.9,17.87,52.67,11.19,58.33
2024-08-24,23:00,-25.73,-11.4,-45.19,9.95,-15.15
2024-08-24,00:00,-12.14,43.69,105.91,1.49,2.24
2024-08-25,01:00,-3.45,-16.69,93.44,10.22,5.84
2024-08-25,02:00,72.09,2.06,82.89,14.31,-29.05
2024-08-25,03:00,-24.74,17.93,-19.25,3.18,8.47
2024-08-25,04:00,-4.12,-19.03,-39.37,7.44,71.29
2024-08-25,05:00,73.7,14.97,82.22,5.38,77.77
2024-08-25,06:00,-38.09,4.94,39.23,9.84,81.72
2024-08-25,07:00,-48.73,-16.32,-27.11,0.62,8.98
2024-08-25,08:00,85.39,1.68,23.8,-1.17,64.3
2024-08-25,09:00,56.64,-23.26,65.41,13.25,43.2
2024-08-25,10:00,-17.32,-20.57,85.68,14.35,-18.2
2024-08-25,11:00,34.94,4.09,-22.62,4.47,68.86
2024-08-25,12:00,17.83,36.85,44.83,10.83,83.24
2024-08-25,13:00,95.35,9.6,-31.22,6.26,3.04
2024-08-25,14:00,38.73,28.65,-37.15,2.07,11.96
2024-08-25,15:00,63.14,14.13,115.11,11.2,83.86
2024-08-25,16:00,85.43,-25.12,70.91,7.77,5.75
2024-08-25,17:00,55.27,-0.06,116.32,8.83,16.02
2024-08-25,18:00,-9.1,-21.68,-4.43,17,66.66
2024-08-25,19:00,66.32,-21.26,-12.6,13.5,64.26
2024-08-25,20:00,62.95,42.87,44.47,13.53,28.29
2024-08-25,21:00,16.41,6.78,112.8,5.48,17.77
2024-08-25,22:00,3.77,-12.8,30.05,5.47,18.48
2024-08-25,23:00,-1.82,11.67,34.33,1.28,67.96
2024-08-25,00:00,53.97,-7.7,84.61,5.32,68.57
2024-08-26,01:00,67.04,46.35,99.36,9.13,-18.53
2024-08-26,02:00,61.32,40.94,11.3,2.9,-11.2
2024-08-26,03:00,30.18,-26.78,-63.55,2.55,-5.22
2024-08-26,04:00,53.13,8.8,31.75,12.07,47.26
2024-08-26,05:00,80.87,-13.56,17.47,9.39,65.3
2024-08-26,06:00,85.56,-23.65,-34.61,8.12,56.19
2024-08-26,07:00,114.36,16.19,93.51,21.95,3.63
2024-08-26,08:00,49.39,-10.99,137.39,15.25,65.52
2024-08-26,09:00,142.68,0.38,106.1,30.17,47.36
2024-08-26,10:00,28.44,3.22,53.58,25.13,57.25
2024-08-26,11:00,142.48,1.48,132.84,26.94,-10.5
2024-08-26,12:00,107.87,46.82,95.75,24.54,35.35
2024-08-26,13:00,117.24,40.99,44.48,18.98,14.1
2024-08-26,14:00,87.12,9.22,-8.32,21.7,53.91
2024-08-26,15:00,57.64,48.91,7.32,14.37,32.95
2024-08-26,16:00,116.68,18.3,-18.08,9.47,80.9
2024-08-26,17:00,5.17,27.69,124.77,16.98,80.07
2024-08-26,18:00,127.65,5.06,87.02,14.03,88.32
2024-08-26,19:00,44.73,19.42,46.62,11.52,54.05
2024-08-26,20:00,23.21,41.64,-45.3,7.56,6.55
2024-08-26,21:00,99.22,-9.24,-24.13,-0.88,61.2
2024-08-26,22:00,87.97,14.23,60.12,2.82,95.74
2024-08-26,23:00,70.95,47.84,47.92,4.77,-11.02
2024-08-26,00:00,62.51,-15.64,-3.79,13.92,37.25
2024-08-27,01:00,-40.32,-23.59,36.49,0.68,75.6
2024-08-27,02:00,43.08,-10.17,-12.96,6.6,80.51
2024-08-27,03:00,43.3,-19.1,30.28,5.93,64.74
2024-08-27,04:00,38.51,10.32,52.28,11.7,-19.45
2024-08-27,05:00,2.12,19.72,6.94,6.38,60.69
2024-08-27,06:00,-46.03,-13.83,-52.03,5.5,43.78
2024-08-27,07:00,-9.81,24.27,25.75,17.78,-13.77
2024-08-27,08:00,71.38,36.12,107.77,12.34,46.25
2024-08-27,09:00,18.42,17.19,97.85,26.72,90.64
2024-08-27,10:00,20.89,5.45,-3.49,24.76,38.88
2024-08-27,11:00,5.48,4.75,121.61,15.37,33.34
2024-08-27,12:00,19.83,-9.98,139.56,30.47,-8.09
2024-08-27,13:00,110.61,-1.73,42.04,30.61,80.18
2024-08-27,14:00,79.07,-22.08,75.23,19.66,79.27
2024-08-27,15:00,72.88,35.48,-2.72,28.11,27
2024-08-27,16:00,68.42,2.46,50.45,27.46,67.78
2024-08-27,17:00,92.44,15.6,114.29,19.64,94.22
2024-08-27,18:00,11.69,-1.49,-8.41,16.43,23.24
2024-08-27,19:00,117.81,3.45,-13.12,8.79,19.04
2024-08-27,20:00,32.71,34.38,-40.35,5.45,2.73
2024-08-27,21:00,-22.19,32.74,90.07,6.55,75.11
2024-08-27,22:00,114.18,41.15,65.48,10.72,7.71
2024-08-27,23:00,92.85,35.79,7.17,15.51,15.31
2024-08-27,00:00,71.27,13.02,-64.31,10.24,19.39
2024-08-28,01:00,8.98,-25.71,19.08,12.69,12.59
2024-08-28,02:00,28.89,-12.5,-51.38,4.03,-7.68
2024-08-28,03:00,39.35,9.63,-40.54,11.84,14.98
2024-08-28,04:00,76.97,23.59,74.28,-5.19,77.6
2024-08-28,05:00,40.87,-3.52,74.59,0.04,10.32
2024-08-28,06:00,61.79,14.4,12.05,9.43,85.15
2024-08-28,07:00,-28.83,-13.86,105.45,1.8,60.24
2024-08-28,08:00,53.53,28.39,79.67,20.22,88.64
2024-08-28,09:00,59.96,-8.4,18.5,10.71,17.49
2024-08-28,10:00,134.28,27.22,113.99,18.06,49.07
2024-08-28,11:00,124.53,14.04,86.83,17.67,40.54
2024-08-28,12:00,115.7,41.92,85.47,20.95,114.17
2024-08-28,13:00,135.66,26.27,74.37,22.41,80.76
2024-08-28,14:00,13.34,44.31,107.34,23.73,89.72
2024-08-28,15:00,48,-21.52,114.45,30.04,68.91
2024-08-28,16:00,99.42,28.33,13.68,14.27,85.1
2024-08-28,17:00,25.13,-3.05,69.05,21.91,81.32
2024-08-28,18:00,120.64,32.39,-27.68,15.93,101.93
2024-08-28,19:00,-4.48,48.9,-22.43,4.53,73.19
2024-08-28,20:00,110.39,48.71,41.29,11.09,133.66
2024-08-28,21:00,-8.17,43.42,-28.46,-0.3,130.79
2024-08-28,22:00,-5.9,-3.36,75.45,4.97,74.34
2024-08-28,23:00,70.47,-13.29,65.46,14.59,75.83
2024-08-28,00:00,15.39,-13.19,67.27,1.71,48.7
2024-08-29,01:00,88.4,17.18,36.24,6.73,48.88
2024-08-29,02:00,21,-24.72,35.33,4.41,-5.67
2024-08-29,03:00,30.55,20.63,-13.47,-1.58,7.79
2024-08-29,04:00,-33.16,-8.16,-22.61,-4.5,60.6
2024-08-29,05:00,22.28,30.82,100.27,2.39,-0.84
2024-08-29,06:00,-28.8,32.24,80.66,4.29,37.57
2024-08-29,07:00,10.19,19.8,12.25,18.23,29.25
2024-08-29,08:00,107.48,44.68,122.74,23.98,16.42
2024-08-29,09:00,101.55,26.84,93.47,24.12,-12.77
2024-08-29,10:00,20.04,19.01,-15.69,24.98,43.9
2024-08-29,11:00,98.99,43.67,-16.29,18.75,66.06
2024-08-29,12:00,107.64,24.67,104.93,17.26,41.06
2024-08-29,13:00,107.12,38.55,-10.27,25.99,87.61
2024-08-29,14:00,46.03,-0.3,92.65,16.52,18.37
2024-08-29,15:00,-1.77,25.39,-18.28,20.51,-12.8
2024-08-29,16:00,93.24,9.74,8.27,23.95,73.82
2024-08-29,17:00,85.29,-16.71,-16.26,21.57,0.65
2024-08-29,18:00,-5.24,27.73,101.73,7.86,-17.19
2024-08-29,19:00,22.83,25.45,-24.58,12.75,-17.29
2024-08-29,20:00,103.89,22.89,65.76,17.35,10.05
2024-08-29,21:00,11.43,-3.68,9.43,7.83,52.09
2024-08-29,22:00,86.74,-5.29,31.27,4.72,33.92
2024-08-29,23:00,39.31,19.42,-9.06,13.09,85.78
2024-08-29,00:00,-27.53,38.94,82.49,-0.76,-23.41
2024-08-30,01:00,-26.47,33.78,7.25,-1.58,-21.06
2024-08-30,02:00,16.85,10.15,1.93,4.45,51.64
2024-08-30,03:00,40.04,-9.56,9.55,-3.43,34.04
2024-08-30,04:00,76.61,25.1,-65.87,3.61,-13.73
2024-08-30,05:00,-33.37,23.6,-17.01,11.97,32.42
2024-08-30,06:00,84.99,43.89,-14.02,4.49,79.95
2024-08-30,07:00,65.06,35.59,-16.52,10.36,51.91
2024-08-30,08:00,-10.01,48.69,45.98,16.8,58.77
2024-08-30,09:00,13.21,4.93,135.03,22.36,18.53
2024-08-30,10:00,18.13,-7.36,6.08,22.9,56.02
2024-08-30,11:00,80.41,-5.29,59.53,19.62,92.13
2024-08-30,12:00,96.25,-6.42,142.32,20.92,102.12
2024-08-30,13:00,83.98,-0.84,48.48,18.29,68.23
2024-08-30,14:00,61.66,23.78,115.1,29.81,-4.93
2024-08-30,15:00,44.33,38.63,123.85,15.92,19.98
2024-08-30,16:00,31.68,-0.02,133.49,24.78,91.77
2024-08-30,17:00,30.38,7.2,43.55,26.29,51.99
2024-08-30,18:00,49.52,3.17,32.69,9.03,31.87
2024-08-30,19:00,111.29,18.5,118.04,0.57,-13.27
2024-08-30,20:00,16.05,45.22,32.15,12.73,-0.51
2024-08-30,21:00,77.15,-22.53,93.28,-1.83,94.89
2024-08-30,22:00,-24.89,40.82,73.35,3.38,39.22
2024-08-30,23:00,5.97,-7.19,21.7,7.12,47.17
2024-08-30,00:00,-3.82,-7.7,70.96,8.18,75.91
2024-08-31,01:00,-22.85,-14.05,105.23,8.07,31.58
2024-08-31,02:00,51.74,-15.17,-48.81,0.71,1.74
2024-08-31,03:00,-18.97,39.24,4.41,9.89,84.75
2024-08-31,04:00,-13.2,-7.73,71.53,8.39,2.36
2024-08-31,05:00,73.33,-6.95,10.04,3.47,24.67
2024-08-31,06:00,-34.53,10.49,-21.99,6.25,74.03
2024-08-31,07:00,32.25,-9.32,50.87,8.66,6.55
2024-08-31,08:00,24.02,-14.02,5.99,5.32,55.4
2024-08-31,09:00,-21.33,1.07,56.25,12.57,11.18
2024-08-31,10:00,55.2,-8.3,-25.41,14.33,68.29
2024-08-31,11:00,72.96,51.1,56.83,6.51,59.17
2024-08-31,12:00,48.87,8.91,16.95,13.38,61.18
2024-08-31,13:00,116.65,22.45,33.53,14.82,12.61
2024-08-31,14:00,56.26,33.36,102.83,3.14,9.44
2024-08-31,15:00,2.1,29.81,62.18,2.4,77.89
2024-08-31,16:00,40.64,25.94,-18.84,3.68,76.59
2024-08-31,17:00,76.58,1.83,109.01,2.52,-13.87
2024-08-31,18:00,55.71,1.69,92.98,9.15,82.04
2024-08-31,19:00,65.6,7.68,84.32,-1.56,40.61
2024-08-31,20:00,5.49,42.2,10.24,13.43,85.04
2024-08-31,21:00,19.1,9.01,77.48,0.16,-14.84
2024-08-31,22:00,106.12,33.4,10.45,15.93,19.6
2024-08-31,23:00,-20.4,-12.83,81.27,7.44,85.98
2024-08-31,00:00,24.95,1.13,52.64,8.28,84.28
2024-09-01,01:00,60.5,31.23,-62.46,6.67,0.38
2024-09-01,02:00,12.32,7.91,74.32,4.69,45.3
2024-09-01,03:00,78.98,26.88,-41.76,8.7,83.18
2024-09-01,04:00,-50.27,40.46,-50.14,8.01,77.88
2024-09-01,05:00,34.29,16.29,19.61,-0.66,64.34
2024-09-01,06:00,23.35,43.61,-53.44,8.76,50.73
2024-09-01,07:00,52.5,15.68,72.04,2.41,-12.62
2024-09-01,08:00,79.36,-17.37,45.42,10.24,18.06
2024-09-01,09:00,91.3,24.9,59.48,10.76,38.16
2024-09-01,10:00,47.53,-23.43,24.4,13.74,38.17
2024-09-01,11:00,48.33,16.92,18.13,8.4,51.18
2024-09-01,12:00,-19.04,34.78,66.19,15.42,-16.1
2024-09-01,13:00,94.26,-20.37,112.01,7.12,76.93
2024-09-01,14:00,55.75,-20.32,100.21,2.57,33.38
2024-09-01,15:00,101.46,-10.15,44.85,14.49,30.91
2024-09-01,16:00,98.47,47.53,55.65,3.83,-24.17
2024-09-01,17:00,106.64,-17.95,-30.59,10.01,35.84
2024-09-01,18:00,64.47,14.41,120.15,9.51,46.07
2024-09-01,19:00,-1.97,5.86,87.91,6.76,-33.17
2024-09-01,20:00,9.74,41.05,45.26,2.88,-1.09
2024-09-01,21:00,-19.79,-3.83,30.55,1.78,48.81
2024-09-01,22:00,25.8,-18.26,102.01,10.43,25.56
2024-09-01,23:00,-22.23,46.63,-31.72,16.93,-29.01
2024-09-01,00:00,60.65,16.76,108.05,-0.3,-2.88
2024-09-02,01:00,-28.75,11.14,4.03,13.88,73.04
2024-09-02,02:00,8.52,-17.93,15.7,9.69,-10.2
2024-09-02,03:00,-29.53,14.34,67.42,0.72,-0.27
2024-09-02,04:00,-9.27,-23.39,22.21,-4.21,57.57
2024-09-02,05:00,23,14.76,108.32,4.2,32.44
2024-09-02,06:00,-38.74,-22.58,-39.83,2.04,-1.61
2024-09-02,07:00,-17.43,28.51,-3.82,7.48,-29.46
2024-09-02,08:00,66.65,13.18,83.04,14.77,75.42
2024-09-02,09:00,59.15,2.9,14.42,17.01,91.95
2024-09-02,10:00,59.4,5.27,3.83,21.77,85.53
2024-09-02,11:00,112.98,-11.3,-24.08,17.93,58.41
2024-09-02,12:00,12.39,-19.7,114.57,26.21,-8.92
2024-09-02,13:00,71.93,28.02,27.8,22.7,62.76
2024-09-02,14:00,35.92,-13.51,69.59,24.94,25.1
2024-09-02,15:00,113.37,48.64,-29.14,17.8,-19.45
2024-09-02,16:00,19.82,42.11,38.38,25.95,65.91
2024-09-02,17:00,47.17,6.17,3.41,12.78,17.57
2024-09-02,18:00,95.03,12.85,-3.5,4.5,12.17
2024-09-02,19:00,-1.84,49.84,37.56,4.35,-0.23
2024-09-02,20:00,111.81,-11.19,87.78,10.37,4.36
2024-09-02,21:00,33.77,-18.29,69.28,15.86,2.52
2024-09-02,22:00,-10.92,22.02,71.61,14.13,8.68
2024-09-02,23:00,-22.41,23.57,67.94,11.43,23.17
2024-09-02,00:00,16.41,30.31,14.85,10.06,65.46
2024-09-03,01:00,-30.62,39.93,97.43,6.21,57.6
2024-09-03,02:00,-41.28,-2.37,28.21,0.91,-32.5
2024-09-03,03:00,-29.73,46.42,67.45,-1.43,-25.04
2024-09-03,04:00,16.93,46.04,-9.54,1.08,21.8
2024-09-03,05:00,-39.1,26.34,53.79,10.69,32.73
2024-09-03,06:00,-5.85,5.4,-22.8,-2.46,21.36
2024-09-03,07:00,2.9,-4.8,86.01,8.49,-21.74
2024-09-03,08:00,65.03,6.4,28.59,21.78,12.46
2024-09-03,09:00,14.04,52.86,82.22,21.53,45.27
2024-09-03,10:00,73.32,-21.42,86.57,21.54,32.58
2024-09-03,11:00,78.88,-3.17,26.49,24.53,-1.2
2024-09-03,12:00,103.48,4.35,25.63,28.46,72.3
2024-09-03,13:00,21.9,-15.91,-15.92,20.34,85.3
2024-09-03,14:00,55.56,37.18,41.51,26,2.7
2024-09-03,15:00,51.9,19.28,95.07,24.94,8.65
2024-09-03,16:00,42.67,43.14,68.75,20.36,19.09
2024-09-03,17:00,4.61,27.8,24.43,20.84,52.45
2024-09-03,18:00,10.37,42.69,78.11,12.04,6.93
2024-09-03,19:00,76.69,23.38,-18.99,5,3.02
2024-09-03,20:00,-14.19,7.95,70.79,16.33,-7.38
2024-09-03,21:00,106.82,23.39,112.94,9.56,15.17
2024-09-03,22:00,110.21,29.85,-41.31,8.95,17.08
2024-09-03,23:00,53.57,-5.32,-36.97,0.3,-11.77
2024-09-03,00:00,39,-18.71,42.71,12.3,-25.35
2024-09-04,01:00,93.71,45.51,34.74,8.84,10.38
2024-09-04,02:00,60.73,-23.24,-35.27,10.44,76.09
2024-09-04,03:00,-53.15,-5.71,2.12,-3.85,62.31
2024-09-04,04:00,-12.81,12.95,44.33,3.8,58.39
2024-09-04,05:00,17.55,30.19,27.1,-3.95,-0.58
2024-09-04,06:00,62.21,30.48,13.68,-3.57,45.99
2024-09-04,07:00,11.08,-12.23,-4.88,15.47,41.71
2024-09-04,08:00,116.43,-1.1,62.86,8.74,13.51
2024-09-04,09:00,75.41,36.05,-3.46,22.86,56.15
2024-09-04,10:00,16.55,19.56,19.98,24.4,65.9
2024-09-04,11:00,119.22,49.87,-26.49,17.47,74.5
2024-09-04,12:00,81.95,4.63,143.41,22.3,85.79
2024-09-04,13:00,123.84,-21.95,-21.92,22.46,40.9
2024-09-04,14:00,55.07,10.41,41.62,27.5,73.21
2024-09-04,15:00,130.22,-11.55,139.82,16.19,40.25
2024-09-04,16:00,73.6,-23.27,121.92,18.56,73.23
2024-09-04,17:00,132.21,3.49,108.02,16.39,91.97
2024-09-04,18:00,50.84,50.2,83.61,18.32,71.08
2024-09-04,19:00,78.04,24.51,116.29,4.96,82.1
2024-09-04,20:00,-9.56,32.08,93.75,17.54,99.17
2024-09-04,21:00,116.66,46.32,76.98,10.9,-2.11
2024-09-04,22:00,7.05,2.61,5.87,-0.81,13.61
2024-09-04,23:00,42.93,46.11,60.49,-0.65,31.17
2024-09-04,00:00,11.99,23.18,-9.26,7.43,5.33
2024-09-05,01:00,76.91,-20.2,50.99,12.72,-29.69
2024-09-05,02:00,63.57,-23.14,45.95,9.05,32.51
2024-09-05,03:00,90,-23.86,62.03,0.33,-30.24
2024-09-05,04:00,-36.99,9.39,44.06,-3.8,39.67
2024-09-05,05:00,7.94,39.32,89.92,6.43,34.51
2024-09-05,06:00,54.68,14.53,-57.61,4.79,27.61
2024-09-05,07:00,38.1,48.09,82.97,16.45,59.17
2024-09-05,08:00,76.46,41.54,105.49,19.86,14.29
2024-09-05,09:00,133.95,-6.88,30.02,10.85,94.63
2024-09-05,10:00,72.53,46.33,112.43,16.8,118.32
2024-09-05,11:00,127.41,-17.19,130.16,30.1,61.6
2024-09-05,12:00,18.17,40,-25.41,29.73,53.88
2024-09-05,13:00,78.39,-13.93,111.43,26.38,46.13
2024-09-05,14:00,10.54,23.08,81.95,19.78,7.1
2024-09-05,15:00,61.43,2.38,61.64,25.61,79.15
2024-09-05,16:00,93.74,23.63,51.72,13.04,104.57
2024-09-05,17:00,9.86,14.15,-25.76,24.55,101.73
2024-09-05,18:00,114.19,-7.08,39,14.88,25.77
2024-09-05,19:00,31.93,36.86,-40.16,13.89,11.62
2024-09-05,20:00,34.41,23.58,106.79,5.17,45.52
2024-09-05,21:00,86.15,-12.39,19.83,3.58,62.59
2024-09-05,22:00,1.6,-16.19,52.59,-0.16,-8.71
2024-09-05,23:00,21.68,0.23,53.2,8.76,66.51
2024-09-05,00:00,86.06,-4.05,-15.9,11.86,25.8
2024-09-06,01:00,26.8,7.54,16.5,14.29,8.28
2024-09-06,02:00,70.07,15.83,-19.92,-5.66,11.18
2024-09-06,03:00,52.34,16.78,64.26,11.75,-30.86
2024-09-06,04:00,61.77,0.14,72.18,9.4,26.36
2024-09-06,05:00,-12.91,-28.32,9.79,4.92,-25.33
2024-09-06,06:00,-15.25,-2.14,69.52,4.99,53.84
2024-09-06,07:00,9.08,6.84,-0.02,1.65,-12.58
2024-09-06,08:00,1.85,8.75,131.05,11.37,-4.94
2024-09-06,09:00,103.1,-3.36,106.17,15.56,20.31
2024-09-06,10:00,124.69,37.89,128.39,18.69,41.92
2024-09-06,11:00,102.12,-10.8,-3.05,28.67,63.39
2024-09-06,12:00,100.59,16.73,124.22,26.65,117.9
2024-09-06,13:00,43.37,13.98,49.59,16.1,111
2024-09-06,14:00,61.95,-12.17,55.99,26.36,63.25
2024-09-06,15:00,8.68,-14.85,73.68,15.66,52.96
2024-09-06,16:00,7.7,2.51,-29.12,21.29,108.77
2024-09-06,17:00,89.1,30.12,-15.01,9.37,85.83
2024-09-06,18:00,74.22,28.58,103.83,4.11,73.33
2024-09-06,19:00,87.74,-9.31,88.61,13.19,58.62
2024-09-06,20:00,56.79,-22.98,42.9,9.02,-5.39
2024-09-06,21:00,42.91,-12.39,104.09,12.27,42.05
2024-09-06,22:00,93.17,-15.12,87.49,-0.57,53
2024-09-06,23:00,-16.84,7.11,67,-1.56,13.09
2024-09-06,00:00,72.42,35.57,-45.11,6.69,19.5
2024-09-07,01:00,48.78,-17.95,-32.17,-1.97,-2.95
2024-09-07,02:00,46.91,39.98,-13.54,5.15,59.04
2024-09-07,03:00,38.1,-17.81,-25.23,-2.48,45.63
2024-09-07,04:00,69.92,39.49,-10.15,-4.96,21.89
2024-09-07,05:00,26.25,-7.98,40.35,9.48,23.76
2024-09-07,06:00,60.22,4.49,51.06,5.64,15.14
2024-09-07,07:00,30.27,30.11,-57.84,6.32,-29
2024-09-07,08:00,-35.66,21.07,-32.26,9.52,-26.55
2024-09-07,09:00,23.38,32.45,63.58,3.3,-2.4
2024-09-07,10:00,7.76,24.49,13.95,8.28,70.12
2024-09-07,11:00,56.11,25.7,1.5,12.31,62.86
2024-09-07,12:00,21.04,45.17,34.89,1.55,66.36
2024-09-07,13:00,111.84,35.71,80.24,8.75,56.61
2024-09-07,14:00,50.79,19.79,15.95,11.85,7.85
2024-09-07,15:00,44.83,13.62,-23.97,-0.28,37.27
2024-09-07,16:00,61.15,23.8,32.99,8.51,6.61
2024-09-07,17:00,-12.57,33.87,-28.17,8.39,6.04
2024-09-07,18:00,88.48,44.33,122.04,4.05,90.94
2024-09-07,19:00,81.29,36.1,30.77,13.26,44.46
2024-09-07,20:00,29,26.4,86.52,1.79,58.9
2024-09-07,21:00,62.99,-18.45,-29.82,5.2,53.66
2024-09-07,22:00,107,20.7,10.13,9.18,27.06
2024-09-07,23:00,-23.36,47.3,93.29,11.19,66.9
2024-09-07,00:00,14.5,-5.78,-35.96,4.99,-27.69
2024-09-08,01:00,31.96,-13.41,-13.3,-2.53,-24.47
2024-09-08,02:00,-11.12,42.98,97.73,6.85,49.93
2024-09-08,03:00,-27.52,-9.35,62.19,0.17,-18.05
2024-09-08,04:00,30.17,7.5,9.8,9.32,3.35
2024-09-08,05:00,-42.86,-6.98,-44.92,7.39,-37.27
2024-09-08,06:00,44.9,40.06,-58.61,12.69,-11.26
2024-09-08,07:00,-0.11,-26.21,73.97,-1.12,66.84
2024-09-08,08:00,29.8,36.11,4.53,14.85,32.02
2024-09-08,09:00,78.2,-0.73,116.22,10.26,0.12
2024-09-08,10:00,65.33,27.61,70.51,6.92,78.11
2024-09-08,11:00,68.27,1.52,8.46,13.54,1.76
2024-09-08,12:00,38.27,-19.34,-29.23,7.28,55.02
2024-09-08,13:00,12.56,-1.21,44.86,6.28,58.42
2024-09-08,14:00,7.05,-10.78,35,3.62,53.44
2024-09-08,15:00,-21.36,7.99,25.82,-0.49,3.85
2024-09-08,16:00,83.77,35.87,18.92,9.74,12.32
2024-09-08,17:00,-10.01,-0.41,20.87,3.5,24.85
2024-09-08,18:00,21.95,-24.75,11.31,8.25,9.38
2024-09-08,19:00,57.21,19.73,-22.98,0.5,1.16
2024-09-08,20:00,42.9,40.4,69.2,16.41,91.81
2024-09-08,21:00,25.56,8.35,11.4,16.38,-1.69
2024-09-08,22:00,57.03,10.82,64.26,11.82,-8.68
2024-09-08,23:00,75.66,11.09,94.87,7.75,54.84
2024-09-08,00:00,-29.91,25.2,-58.13,4.05,-35.71
2024-09-09,01:00,9.95,-25.68,17.49,7.78,65.04
2024-09-09,02:00,-30.99,-15.9,-40.61,4.98,-15.78
2024-09-09,03:00,13.62,-6.11,-28.28,-2.78,51.64
2024-09-09,04:00,23.35,40.6,-4.99,-0.21,-1.75
2024-09-09,05:00,-4.27,-13.35,1.25,4.2,17.64
2024-09-09,06:00,-23.52,-10.19,6.56,4.09,19.39
2024-09-09,07:00,3.31,39.56,61.95,15.81,48.46
2024-09-09,08:00,-2.3,14.63,50.04,21.82,72.45
2024-09-09,09:00,137.61,36.08,44.28,31.74,62.14
2024-09-09,10:00,87.83,-5.11,138.62,34.39,97.37
2024-09-09,11:00,26.72,-7.17,73.25,31.54,109.71
2024-09-09,12:00,59.23,25.79,62.96,30.77,56.2
2024-09-09,13:00,103.44,20.04,-19.92,16.56,91.06
2024-09-09,14:00,3.67,3.07,144.31,24.15,70.23
2024-09-09,15:00,55.18,-7.13,-0.1,20.83,35.96
2024-09-09,16:00,112.17,47.87,134.04,26.3,56.37
2024-09-09,17:00,16.81,0.99,117.42,21.93,55.02
2024-09-09,18:00,92.93,4.51,25.35,7.67,10.5
2024-09-09,19:00,79.09,22.02,97.06,0.38,52.32
2024-09-09,20:00,60.51,-11.18,18.45,11.13,61.43
2024-09-09,21:00,103.28,34.69,89.22,6.95,87.19
2024-09-09,22:00,-0.65,38.72,102.27,4.62,-10.67
2024-09-09,23:00,79.26,27.26,-56.15,10.3,37.45
2024-09-09,00:00,46.41,32.34,91.96,5.49,-10.39
2024-09-10,01:00,77.16,-0.39,105.38,9.27,-7.48
2024-09-10,02:00,87.76,15.15,-49.21,9.65,-43.07
2024-09-10,03:00,4.91,8.58,-0.61,1.31,26.29
2024-09-10,04:00,-31.35,-15.4,-42.36,1.95,26.86
2024-09-10,05:00,48.81,0.49,70.51,-5.16,-28.28
2024-09-10,06:00,8.62,39.24,41.45,7.18,75.58
2024-09-10,07:00,107.04,-16.19,-26.37,4.48,41.45
2024-09-10,08:00,-9.39,0.19,64.96,7.08,38.37
2024-09-10,09:00,131.87,26.66,0.25,14.63,91.41
2024-09-10,10:00,101.1,4.98,131.79,29.14,96.61
2024-09-10,11:00,66.67,-17.52,87.3,30.09,15.83
2024-09-10,12:00,30.2,-7.3,45.16,19.66,57.74
2024-09-10,13:00,30.44,46.78,34.37,33.83,93.81
2024-09-10,14:00,78.11,22.71,79.45,25.9,54.75
2024-09-10,15:00,19.5,-2.78,121.75,20.16,33.28
2024-09-10,16:00,46.57,18.74,-33.1,27.25,67.47
2024-09-10,17:00,19.41,0.27,-35.82,25.54,39.24
2024-09-10,18:00,69.54,29.61,-34.84,15.02,41.36
2024-09-10,19:00,116.74,0.41,-50.8,3.5,31.41
2024-09-10,20:00,109.18,14.84,75.31,6.94,75.58
2024-09-10,21:00,45.88,-11.86,46.43,12.54,2.12
2024-09-10,22:00,21.61,16.26,103.85,12.59,26.74
2024-09-10,23:00,106.98,36.26,60.22,-2.42,36.85
2024-09-10,00:00,22.22,14.92,72.21,-1.29,19.85
2024-09-11,01:00,-22.31,-17.37,64.15,-0.74,12.64
2024-09-11,02:00,94.82,22.89,26.25,5.04,12.07
2024-09-11,03:00,48.22,42.71,12.08,7.78,11.5
2024-09-11,04:00,-39.69,25.92,5.64,-1.7,-14.03
2024-09-11,05:00,25.9,32.95,-55.53,2.01,-1.53
2024-09-11,06:00,-25.83,-15.52,-65.78,0.96,72.78
2024-09-11,07:00,13.03,8.76,75.68,1.82,57.76
2024-09-11,08:00,55.84,-11.31,-15.61,22.67,44.24
2024-09-11,09:00,71.8,-6.87,75.95,19.25,42.76
2024-09-11,10:00,89.4,16.67,-16.64,16.22,42.04
2024-09-11,11:00,83.48,-8.24,-3.91,32.37,113.02
2024-09-11,12:00,133.77,-15.53,97.7,20.28,126.6
2024-09-11,13:00,75.74,41.49,133.25,26.47,111.26
2024-09-11,14:00,40.54,19.53,16.42,20.98,31.11
2024-09-11,15:00,132.84,42.31,-10.33,31.79,11.4
2024-09-11,16:00,20.25,-3.22,11.55,27.53,35.79
2024-09-11,17:00,7.05,35.57,-37.72,25.21,48.03
2024-09-11,18:00,92.79,16.41,-13.57,17.14,74.73
2024-09-11,19:00,-7.21,13.75,9.15,5.88,51.49
2024-09-11,20:00,94.77,10.74,91.03,15.62,70.59
2024-09-11,21:00,-15.33,8.01,54.96,10.77,5.71
2024-09-11,22:00,44.93,0.95,-52.74,5.69,80.96
2024-09-11,23:00,-24.67,12.2,-23.88,8.53,-3.79
2024-09-11,00:00,80.76,-14.08,-22.02,10.88,44.5
2024-09-12,01:00,43.34,-16.87,2.38,11.07,-41.29
2024-09-12,02:00,-28.09,-21.18,-11.77,8.21,9.23
2024-09-12,03:00,26.44,-25.69,37.22,12.38,-3.59
2024-09-12,04:00,22.48,-20.49,8.48,4.97,30.59
2024-09-12,05:00,-44.41,27.26,46.26,-0.27,17.65
2024-09-12,06:00,54.35,22.35,-51.94,2.84,-36.66
2024-09-12,07:00,39.64,-19.11,21.36,6.62,16.07
2024-09-12,08:00,45.24,-13.55,128.91,17.07,81.21
2024-09-12,09:00,76.25,-3.19,29.67,22.9,71.53
2024-09-12,10:00,31.45,-6.37,113.44,21.25,65.22
2024-09-12,11:00,133.1,41.07,76.07,24.5,59.55
2024-09-12,12:00,101.21,23.5,33.69,16.64,55.05
2024-09-12,13:00,62.58,4.19,-21.8,25.94,50.5
2024-09-12,14:00,47.81,-9.79,126.6,13.23,101.18
2024-09-12,15:00,67.42,22.92,86.65,18.77,55.53
2024-09-12,16:00,28.95,44.06,-23.9,15.38,65.61
2024-09-12,17:00,96.1,-15.46,111.27,14.06,70.52
2024-09-12,18:00,65.97,27.38,24.09,21.44,-1.45
2024-09-12,19:00,80.51,20.79,136.44,6.73,7.45
2024-09-12,20:00,20.3,-22.39,63.54,9.24,72.46
2024-09-12,21:00,44.38,22.84,75.77,12.66,100.56
2024-09-12,22:00,35.99,34.61,110.58,0.43,-14.6
2024-09-12,23:00,-4.35,31.85,12.09,1.03,-27.48
2024-09-12,00:00,102.75,35.56,62.94,7.38,8.82
2024-09-13,01:00,27.84,0.82,24.05,5.92,67.7
2024-09-13,02:00,64.95,42.62,-51.14,2.15,-16.34
2024-09-13,03:00,9.29,-15.83,-39.82,-0.04,55.92
2024-09-13,04:00,53.28,38.58,102.61,3.73,-24.71
2024-09-13,05:00,80.48,30.92,-0.77,10.33,-20.62
2024-09-13,06:00,8.54,-8.09,50.48,-1.78,-27.51
2024-09-13,07:00,-31.56,45.47,-26.52,16.28,64.54
2024-09-13,08:00,75.2,23.27,15.91,10.12,21.43
2024-09-13,09:00,28.58,-10.82,24.52,11.33,123.15
2024-09-13,10:00,-0.02,45.33,25.42,29.63,2.28
2024-09-13,11:00,14.33,-19.86,13.89,17.21,122.37
2024-09-13,12:00,98.7,13.56,-3.08,32.31,86.14
2024-09-13,13:00,63.68,45.25,115.55,25.05,-3.11
2024-09-13,14:00,100.82,36.16,138.1,16.8,26.68
2024-09-13,15:00,22.62,29.76,66.25,25.18,95.52
2024-09-13,16:00,104.53,6.65,83.7,24.9,26.46
2024-09-13,17:00,89.98,24.6,-0.95,14.07,91.99
2024-09-13,18:00,7.94,4.51,51.76,7.92,66.44
2024-09-13,19:00,112.27,12.97,16.57,6.38,85.56
2024-09-13,20:00,58.74,-14.8,113.01,11.84,29.81
2024-09-13,21:00,80.15,45.89,-46.91,12.4,93.17
2024-09-13,22:00,-23.2,6.04,-55.48,1.27,43.16
2024-09-13,23:00,87.38,-22.2,-36.76,2.18,62.6
2024-09-13,00:00,18.8,2.48,106.19,0.4,14.29
2024-09-14,01:00,70.66,43.91,102.27,0.54,-19.79
2024-09-14,02:00,87.31,19.47,68.91,3.92,53.54
2024-09-14,03:00,52.81,10.72,-25.69,-4.19,46.15
2024-09-14,04:00,68.86,26.12,77.33,10.87,-13.57
2024-09-14,05:00,60.92,5.5,-74.4,-2.89,-8.29
2024-09-14,06:00,-39.95,-23.85,-76.1,-0.03,33.71
2024-09-14,07:00,13.06,-25.01,52.53,-2.16,42.29
2024-09-14,08:00,12.33,37.84,115.09,3.67,2.31
2024-09-14,09:00,24.59,32.6,114.06,7.5,-3.32
2024-09-14,10:00,46.19,40.24,-6.23,13.53,29.87
2024-09-14,11:00,43.32,-17.91,89.26,0.54,-10.5
2024-09-14,12:00,28.97,28.84,-27.31,13.6,59.3
2024-09-14,13:00,51.25,36.8,136.56,6.28,13.61
2024-09-14,14:00,70.51,49.02,8.42,8.15,39.93
2024-09-14,15:00,47.97,20.31,29.82,5.42,-0.14
2024-09-14,16:00,63,-25.46,26.77,1.41,38.2
2024-09-14,17:00,75.23,13.21,44.89,11.57,73.01
2024-09-14,18:00,-14.64,-6.62,29.19,9.73,84.48
2024-09-14,19:00,35.37,13.14,103.68,6.81,42.43
2024-09-14,20:00,116.59,-22.08,18.12,0.03,16.68
2024-09-14,21:00,80.93,25.9,0.26,4.42,-9.32
2024-09-14,22:00,46.93,35.18,17.69,6.58,-1.6
2024-09-14,23:00,9.97,-10.49,14.39,8.01,41.56
2024-09-14,00:00,74.67,32.25,95.4,11.9,15.87
2024-09-15,01:00,0.61,19.81,-5.68,5.84,28.23
2024-09-15,02:00,32.63,6.1,11.51,8.42,17.2
2024-09-15,03:00,-43.78,-4.97,72.54,0.12,-13.31
2024-09-15,04:00,77.89,-6.89,22.3,-6.13,6.21
2024-09-15,05:00,0.01,16.01,4.96,1.47,-25.3
2024-09-15,06:00,38.41,-16.35,-14.83,2.36,-7.38
2024-09-15,07:00,54.32,-17.26,93.31,7.32,63.19
2024-09-15,08:00,31.46,27.68,-31.11,0.34,11.6
2024-09-15,09:00,42.48,-1.92,82.96,4.99,56.42
2024-09-15,10:00,-2.34,19.96,26.03,7.02,74.28
2024-09-15,11:00,26.51,1.34,5.8,16.75,42.42
2024-09-15,12:00,23.32,0.82,-41.13,0.64,55.21
2024-09-15,13:00,-18.61,-7.39,106.62,14.41,42.36
2024-09-15,14:00,25.56,16.05,-51.13,7.49,71.63
2024-09-15,15:00,25.42,-12.38,-52.26,5.9,21.95
2024-09-15,16:00,7.07,-13.7,-3.06,1.46,18.57
2024-09-15,17:00,33.31,4.16,1.68,2.06,-5.3
2024-09-15,18:00,79.37,24.12,121.7,-1.95,-2.68
2024-09-15,19:00,114.43,8.96,-36.5,1.94,54.17
2024-09-15,20:00,29.35,46.62,-34.82,0.69,47.08
2024-09-15,21:00,25.64,44.64,-37.4,14.57,50.56
2024-09-15,22:00,88.49,39.66,90.86,1.52,24.16
2024-09-15,23:00,-22.41,13.3,103.64,-1.2,-6.73
2024-09-15,00:00,87.51,1.69,110.09,15.84,73.17
2024-09-16,01:00,-11.86,-2.47,83.34,1.09,-20.39
2024-09-16,02:00,71.63,33.57,15.12,5.47,38.38
2024-09-16,03:00,27.05,-20.52,76.27,0.12,-37.78
2024-09-16,04:00,-24.06,40.32,59.73,8.32,6.2
2024-09-16,05:00,15.7,9.07,11.12,3.59,-25.48
2024-09-16,06:00,49.36,8.32,-16.23,2.6,58.34
2024-09-16,07:00,35.81,2.4,37.62,-3.2,28.6
2024-09-16,08:00,-41,35.09,39.75,12.89,-17.59
2024-09-16,09:00,25.93,-10.25,28.37,3.17,26.79
2024-09-16,10:00,24.22,14.72,25.69,10.27,90.29
2024-09-16,11:00,18.88,25.16,-27.75,13.39,30.2
2024-09-16,12:00,8.09,45.81,84.35,5.29,29.32
2024-09-16,13:00,-9.94,10.11,-17.32,7.26,-8.37
2024-09-16,14:00,4.73,12.62,56.3,15.76,84.84
2024-09-16,15:00,100.77,32.9,109.11,15.75,83.24
2024-09-16,16:00,108.56,38.07,-16.45,4.75,54.96
2024-09-16,17:00,28.16,26.14,-6.91,9.39,59.63
2024-09-16,18:00,-11.38,7.87,-8.09,8.15,4.39
2024-09-16,19:00,55.2,-2.5,19.3,11.3,-5.94
2024-09-16,20:00,59.87,25.48,76.93,1.02,-16.68
2024-09-16,21:00,51.77,37.51,41.65,7.24,-5.29
2024-09-16,22:00,-8.76,29.7,73.61,1.15,8.81
2024-09-16,23:00,88.12,11.83,2.33,12.43,13.81
2024-09-16,00:00,32.57,12.83,-11.69,8.2,7.81
2024-09-17,01:00,80.15,-2.4,106.02,6.85,56.51
2024-09-17,02:00,41.98,25.34,-16.95,8.97,-9.55
2024-09-17,03:00,26.59,25.36,-11.92,1.59,52.31
2024-09-17,04:00,-5.5,32.48,-29.87,2.36,10.92
2024-09-17,05:00,-22.73,8.2,6.15,12.95,11.76
2024-09-17,06:00,25.01,37.3,30.12,0.32,-18.61
2024-09-17,07:00,-14.7,41.91,30.67,11.39,17.15
2024-09-17,08:00,-3.94,-14.44,37.51,15.17,-21.58
2024-09-17,09:00,88.71,46.57,-54.94,3.76,68.64
2024-09-17,10:00,-10.59,-13.3,-51.48,9.76,16.34
2024-09-17,11:00,12.81,-16.83,116.05,12.59,31.23
2024-09-17,12:00,7.41,-2.44,-24.89,18.23,-4.22
2024-09-17,13:00,67.33,3.07,-32.11,12.23,32.93
2024-09-17,14:00,51.79,0.35,45.27,0.25,18.84
2024-09-17,15:00,111.15,4.41,118.23,10.62,38.05
2024-09-17,16:00,-0.89,39.88,-13.13,6.66,45
2024-09-17,17:00,68.58,16.51,-16.9,4.56,19.19
2024-09-17,18:00,9.66,-11.41,-32.11,4.18,35.43
2024-09-17,19:00,-25.18,-1.54,68.99,3.42,66.26
2024-09-17,20:00,68.95,13.77,36.05,4.48,-20.15
2024-09-17,21:00,-30.37,-0.04,-15.8,5.8,45.72
2024-09-17,22:00,98.82,7.16,43.24,9.75,65.3
2024-09-17,23:00,83.09,-3.42,40.38,12.47,24.11
2024-09-17,00:00,-13.58,3.65,-35.62,16.39,-20.69
2024-09-18,01:00,-44.72,16.35,-8.72,-0.7,45.87
2024-09-18,02:00,51.77,4.39,99.81,14.86,-29.89
2024-09-18,03:00,10.81,-22.35,58.41,4.8,16.39
2024-09-18,04:00,35.68,45.17,57.75,3.77,71.08
2024-09-18,05:00,79.6,13.3,46.39,13.18,-37.15
2024-09-18,06:00,9.89,12.94,21.5,5.94,-11.53
2024-09-18,07:00,12.83,45.64,20.55,-2.92,-7.6
2024-09-18,08:00,-3.76,-26.48,35.25,-1.57,64.88
2024-09-18,09:00,61.85,30.13,80.95,13.08,-16.93
2024-09-18,10:00,50.31,38.07,65.86,1.93,55.57
2024-09-18,11:00,45.87,16.6,-29.98,2.73,1.92
2024-09-18,12:00,58.7,-10.46,38.04,1.04,4.99
2024-09-18,13:00,74.87,27.98,-39.42,13.8,52.97
2024-09-18,14:00,110.65,3.96,90.95,6.49,11.53
2024-09-18,15:00,76.76,19.6,46.54,7.91,85.41
2024-09-18,16:00,82.36,22.37,-23.96,13.56,79.64
2024-09-18,17:00,55.15,18.28,60.83,6.07,8.09
2024-09-18,18:00,14.66,45.93,30.1,11.14,28.37
2024-09-18,19:00,71.49,36.82,-31.7,6.56,86.01
2024-09-18,20:00,-10.42,-19.74,21.11,14.7,17.44
2024-09-18,21:00,99.78,-2.08,-8.16,9.91,52.14
2024-09-18,22:00,109.76,37.52,103.3,9.23,16.88
2024-09-18,23:00,14.14,34.2,114.93,13.1,1.76
2024-09-18,00:00,40.79,25.68,105.9,10.21,59.26
2024-09-19,01:00,66.34,30.66,-21.31,-0.71,-35.79
2024-09-19,02:00,-45.7,38.71,61.9,-0.87,68.06
2024-09-19,03:00,64.28,-17.84,82.74,-0.74,38.21
2024-09-19,04:00,80.68,-6.73,40.05,6.75,35
2024-09-19,05:00,5.8,7.12,37.12,12.85,15.82
2024-09-19,06:00,82.31,-9.87,27.05,8.27,-21.52
2024-09-19,07:00,29.01,-21.19,-38.01,17.8,-11.63
2024-09-19,08:00,131.55,24.42,34.65,27.36,104.85
2024-09-19,09:00,75.66,50,0.84,28.86,73.09
2024-09-19,10:00,53.83,37.19,34,24.56,67.32
2024-09-19,11:00,116.67,-18.77,58.3,28.99,49.07
2024-09-19,12:00,134.1,-4.6,135.31,23.02,30.84
2024-09-19,13:00,43.81,51.29,87.15,23.38,67.96
2024-09-19,14:00,65.74,5.85,88.78,28.04,105.51
2024-09-19,15:00,59.1,-6.25,120.5,26.07,98.88
2024-09-19,16:00,93.07,30.62,122.04,25.43,74.69
2024-09-19,17:00,5.19,7.97,71.19,13.62,105.95
2024-09-19,18:00,141.33,3.98,99.67,25.53,91.04
2024-09-19,19:00,-7.9,18.75,-30.59,8.58,54.18
2024-09-19,20:00,52.65,47.65,0.92,0.56,85.85
2024-09-19,21:00,56.49,-1.33,5.98,8.08,54.36
2024-09-19,22:00,3.7,-8.54,-36,4.28,69.38
2024-09-19,23:00,-27.9,8.01,-26.49,7.78,1.19
2024-09-19,00:00,49.16,34.6,116.15,9.95,53.66
2024-09-20,01:00,11.93,7.23,-64.34,8.49,15.9
2024-09-20,02:00,49.21,16.4,39.01,3.34,63.98
2024-09-20,03:00,12.08,35.23,95.1,6.98,4.2
2024-09-20,04:00,47.58,10.56,53.03,7.7,-4.07
2024-09-20,05:00,-5.32,-27,-15.97,-0.17,42.29
2024-09-20,06:00,-38.2,-7.45,-17.26,0.27,74.64
2024-09-20,07:00,46.71,32.27,35.3,1.44,19.99
2024-09-20,08:00,44.42,39.33,122.41,13.33,18.34
2024-09-20,09:00,50.98,13.65,90.59,21.57,52.28
2024-09-20,10:00,101.12,-5.91,117.6,30.11,87.59
2024-09-20,11:00,107.33,-17.18,74.43,30.51,11.95
2024-09-20,12:00,101.51,27.38,61.17,26.43,106.91
2024-09-20,13:00,140.95,16.18,-13.78,26.52,95.03
2024-09-20,14:00,88.6,19.5,134.61,22.49,82.22
2024-09-20,15:00,88.27,-5.64,3.85,29.23,84.5
2024-09-20,16:00,13.07,-19.21,121.51,22.37,3.66
2024-09-20,17:00,109.84,-9.71,-10.98,8.06,80.44
2024-09-20,18:00,8.63,48.3,82.21,22.11,94.13
2024-09-20,19:00,123.97,45.5,-12.23,3.22,76.7
2024-09-20,20:00,92.52,45.95,3.12,-1.01,10.86
2024-09-20,21:00,-17.96,-11.9,118.86,6.44,21.15
2024-09-20,22:00,66.18,-2.3,11.13,10.39,19.5
2024-09-20,23:00,17.39,-3.37,9.93,9.05,7.15
2024-09-20,00:00,1.55,-2.75,96.38,9.35,1.69
2024-09-21,01:00,-19.93,23.35,-42.03,9.2,35.77
2024-09-21,02:00,87.77,-7.62,20.01,-0.47,43.9
2024-09-21,03:00,-13.01,-20.29,-64.36,-0.96,22.61
2024-09-21,04:00,82.26,-23.46,81.19,5.16,-23.23
2024-09-21,05:00,31.78,18.8,-59.32,-0.38,-42.92
2024-09-21,06:00,-43.12,13,-28.6,-4.86,45.17
2024-09-21,07:00,49.27,10.18,-35.52,1.62,2.47
2024-09-21,08:00,49.33,-25.8,57.17,-0.92,6.92
2024-09-21,09:00,-24.44,16.22,98.31,0.75,64.5
2024-09-21,10:00,71.68,20.24,46.54,13.32,-20.12
2024-09-21,11:00,78.5,40.88,-30.5,4.97,18.31
2024-09-21,12:00,67.79,9.26,114.93,13.28,-5.54
2024-09-21,13:00,3.44,6.1,13.75,12.89,-19.24
2024-09-21,14:00,50.46,-15.39,50.31,14.92,16.42
2024-09-21,15:00,44.25,30.5,109.11,7.11,40.23
2024-09-21,16:00,63.38,-4.09,88.32,15.52,-5.5
2024-09-21,17:00,-12.79,40.52,32.76,4.7,66.89
2024-09-21,18:00,22.77,9.3,-21.75,-0.05,80.68
2024-09-21,19:00,-19.32,25.98,-60.03,3.67,13.35
2024-09-21,20:00,59.92,-8.67,16.18,4.47,-17.25
2024-09-21,21:00,85.25,11,59.16,2.15,21.14
2024-09-21,22:00,82.7,-18.83,67.55,8.99,42.03
2024-09-21,23:00,94.91,9.55,27.36,-0.12,79.85
2024-09-21,00:00,63.68,-19.91,14.61,-1.33,-8.46
2024-09-22,01:00,38.48,13.66,65.38,2.15,16.76
2024-09-22,02:00,68.34,-19.26,-37.88,14.29,-26.86
2024-09-22,03:00,76.44,-25.86,-3.31,-4.11,3.2
2024-09-22,04:00,33.08,-10.82,95.95,8.67,-14.2
2024-09-22,05:00,18.41,15.08,1.99,-0.79,21.09
2024-09-22,06:00,-30.36,34.08,-62.75,10.77,44.59
2024-09-22,07:00,58.25,-9.64,-5.23,-2.48,51.41
2024-09-22,08:00,26.35,2.36,-21.89,10.87,-9.83
2024-09-22,09:00,-12.87,0.26,62.59,-2.19,52.2
2024-09-22,10:00,15.76,-1.1,13.59,5.69,-3.44
2024-09-22,11:00,53.35,12.6,-53.9,4.64,60.22
2024-09-22,12:00,30.86,-11.45,48,9.9,59.17
2024-09-22,13:00,67.86,37.75,114.88,14.15,61.62
2024-09-22,14:00,28.08,16.51,101.5,15.43,24.83
2024-09-22,15:00,76.31,-16.99,-38.36,11.15,26.76
2024-09-22,16:00,32.79,17.46,40.92,0.56,-3.96
2024-09-22,17:00,-22.49,15.68,-3.86,1.32,58.18
2024-09-22,18:00,-21.14,-10.04,105.03,9.02,78.34
2024-09-22,19:00,39.83,32.03,116.14,17.12,88.41
2024-09-22,20:00,70.23,33.14,-29.95,6.6,21.3
2024-09-22,21:00,105.85,7.8,16.79,4.57,4.22
2024-09-22,22:00,107.51,-5.48,36.47,16.55,65.37
2024-09-22,23:00,52.89,34.13,-8.48,2.8,75.43
2024-09-22,00:00,-32.5,38.53,47.42,7.18,11.96
2024-09-23,01:00,-38.5,10.78,-58.91,-2.64,173.61
2024-09-23,02:00,-18.21,21,-29.81,7.48,38.07
2024-09-23,03:00,89.22,-2.24,71.83,4.7,-27.52
2024-09-23,04:00,60.91,32.27,-28.6,1.87,-39.38
2024-09-23,05:00,47.15,8.39,-40.88,7.32,3.7
2024-09-23,06:00,42.94,44.75,-61.75,5.65,33.65
2024-09-23,07:00,-30.58,47.08,-18.94,15.42,62.83
2024-09-23,08:00,105.2,-4.44,95.13,15.54,71.93
2024-09-23,09:00,2.64,26.55,116.72,10.86,13.06
2024-09-23,10:00,99.6,6.11,10.81,23.79,49.92
2024-09-23,11:00,52.88,39.77,140.7,19.64,90.89
2024-09-23,12:00,34.76,-9.08,-19.42,24.61,30.63
2024-09-23,13:00,118.76,0.22,83.32,21.97,17.39
2024-09-23,14:00,25.67,17.07,38.38,13.98,-1.26
2024-09-23,15:00,98.2,42.3,19.39,15.52,20.69
2024-09-23,16:00,9.5,37.09,25.27,16.15,60.28
2024-09-23,17:00,-11.3,26.02,111.7,16.65,4.16
2024-09-23,18:00,-12.59,-3.99,-20.87,12.34,49.48
2024-09-23,19:00,55.36,4.41,-21.51,15.3,-19
2024-09-23,20:00,69.67,15.91,50.69,0.55,5.54
2024-09-23,21:00,88.93,10.63,70.89,14.47,34.64
2024-09-23,22:00,60.11,27.85,2.54,12.39,-27.73
2024-09-23,23:00,-16.28,2.9,-57.22,7.02,-2.98
2024-09-23,00:00,42.55,16.19,32.6,4.1,24.35
2024-09-24,01:00,-18.58,-10.94,-19.17,6.63,27.38
2024-09-24,02:00,-41.98,-9.97,-39.91,0.41,67.74
2024-09-24,03:00,32.99,-20.18,21.18,-4.29,39.72
2024-09-24,04:00,29.45,7.18,84.58,5.58,68.53
2024-09-24,05:00,69.54,-21.9,95.12,-5.77,54.01
2024-09-24,06:00,5.65,-26.17,-30.59,1.06,56.49
2024-09-24,07:00,-37.09,1.57,-27.41,6.37,-4.22
2024-09-24,08:00,-7.59,-0.77,61.24,6.04,-1.24
2024-09-24,09:00,23.51,34.28,113.44,16.93,42.78
2024-09-24,10:00,114.09,-6.8,29.81,5.81,45.06
2024-09-24,11:00,95.19,-4.42,1,21.44,29.23
2024-09-24,12:00,3.99,2.82,-28.67,21.52,32.34
2024-09-24,13:00,121.79,6.39,72.84,16.2,127.6
2024-09-24,14:00,61.44,30.47,101.55,17.82,101.03
2024-09-24,15:00,105.78,23.48,29.54,26.71,88.06
2024-09-24,16:00,99.22,-1.82,7.81,25.16,45.8
2024-09-24,17:00,116.85,2.03,112.25,14.06,101.85
2024-09-24,18:00,94.5,37.89,47.54,14.87,67.1
2024-09-24,19:00,32.62,29.87,20.1,10.55,85.03
2024-09-24,20:00,40.87,35.87,16.52,6.91,38.37
2024-09-24,21:00,-15.3,-8.38,80.4,4.94,99.11
2024-09-24,22:00,76.2,50.19,-12.31,5.06,76.38
2024-09-24,23:00,-24.15,-1.04,-35.04,5.06,29.41
2024-09-24,00:00,-16.65,-4.94,30.48,8.26,77.1
2024-09-25,01:00,27.92,4.28,-53.31,3.87,-8.2
2024-09-25,02:00,71.96,23.66,55.93,-2.69,48.99
2024-09-25,03:00,22.14,29.45,-7.8,4.26,-23.36
2024-09-25,04:00,71.19,-1.3,-17.24,8.82,48.65
2024-09-25,05:00,-48.43,35.36,17.7,2.48,18
2024-09-25,06:00,-22.96,14.4,-45.23,9.75,-35.74
2024-09-25,07:00,23.1,36.45,108.15,4.41,80.16
2024-09-25,08:00,64.28,32.81,91.14,4.78,-4.43
2024-09-25,09:00,82.92,-8.41,-18.67,16.79,53.96
2024-09-25,10:00,5.71,3.25,65.03,4.21,73.16
2024-09-25,11:00,46.61,47.12,-19.45,18.11,74.41
2024-09-25,12:00,88.12,28.21,96.72,20.38,8.67
2024-09-25,13:00,46.4,-1.17,22.07,13.04,49.36
2024-09-25,14:00,120.48,-18.84,4.48,15.25,82.09
2024-09-25,15:00,4.52,20.15,-30.19,21.61,12.49
2024-09-25,16:00,121.05,10.4,13.54,14.86,4.67
2024-09-25,17:00,98.15,-0.99,-26.75,11.61,58.68
2024-09-25,18:00,61.71,28.1,-44.31,7.31,74.33
2024-09-25,19:00,104.7,1.96,48.87,1.51,-3.54
2024-09-25,20:00,36.52,34.83,-26.24,8.17,55.27
2024-09-25,21:00,7.22,44.47,77.08,16.91,70.81
2024-09-25,22:00,14.79,38.59,-4.27,6.42,73.91
2024-09-25,23:00,72.08,46.56,53.07,14.23,28.21
2024-09-25,00:00,1.94,23.26,103.87,3.97,52.69
2024-09-26,01:00,82.05,-8.01,13.96,-0.28,9.48
2024-09-26,02:00,33.77,-20.02,-31.39,0.09,2.54
2024-09-26,03:00,-49.08,22.49,-9.22,-2.52,73.69
2024-09-26,04:00,49.92,-19.46,87.45,6,-6.25
2024-09-26,05:00,-23.27,21.62,22.93,0.11,53.71
2024-09-26,06:00,-17.31,-15.98,14.97,9.26,26.21
2024-09-26,07:00,95.1,20.99,-17.91,8.55,27.56
2024-09-26,08:00,97.41,-15.62,125.93,19.52,52.49
2024-09-26,09:00,29.72,4.36,-25.27,11.75,101.14
2024-09-26,10:00,15.09,35.23,50.64,5.01,-2.33
2024-09-26,11:00,33.57,5.84,77.02,23.48,18.33
2024-09-26,12:00,62.48,37.21,133.21,22.08,9.67
2024-09-26,13:00,-4.34,24.76,15.38,8.12,46.19
2024-09-26,14:00,47.7,40.6,28.13,14.01,66.28
2024-09-26,15:00,80.54,1.94,89.65,20.48,71.55
2024-09-26,16:00,49.04,44.54,-19.19,25.67,73.02
2024-09-26,17:00,96.36,-7.08,-15.58,13.43,56.13
2024-09-26,18:00,21.01,-21.74,69.75,15.45,96.69
2024-09-26,19:00,8.45,19.08,47.65,12.6,42.5
2024-09-26,20:00,79.31,43.61,-20.36,5.36,22.79
2024-09-26,21:00,98.49,-13.91,99.66,4.55,41.56
2024-09-26,22:00,27.94,7.58,48.72,8.49,70.47
2024-09-26,23:00,-28.62,38.21,83.8,12.52,-15.6
2024-09-26,00:00,48.29,-14.56,71.06,10.06,64.44
2024-09-27,01:00,-29.68,-5.21,-35.13,-1.2,32.72
2024-09-27,02:00,-17.43,29.4,-54.24,12.69,-23.47
2024-09-27,03:00,-38.56,19.33,-37.61,-0.48,-16.67
2024-09-27,04:00,-30.11,37.22,66.47,0.83,74.47
2024-09-27,05:00,46.36,18.88,-25.28,8.69,70.9
2024-09-27,06:00,50.31,43.42,-2.52,5.74,16.47
2024-09-27,07:00,28.25,1.19,-12.8,9.94,-14.15
2024-09-27,08:00,91.93,-0.52,42.17,8.12,1.16
2024-09-27,09:00,125.77,32.82,47.07,12.38,31.55
2024-09-27,10:00,117.26,14.74,48.33,7.88,63.7
2024-09-27,11:00,8.72,-12.7,43.57,20.78,97.47
2024-09-27,12:00,95.94,44.18,25.3,10.54,106.8
2024-09-27,13:00,4.01,45.01,46.89,7.83,23.71
2024-09-27,14:00,89.1,23.75,59.6,21.17,56.29
2024-09-27,15:00,110.83,25.74,88.7,11.68,0.22
2024-09-27,16:00,93.16,-10.07,76.11,9.97,63.76
2024-09-27,17:00,85.97,46.1,87.78,19.96,54.18
2024-09-27,18:00,51,25.14,-26.3,5.6,103.71
2024-09-27,19:00,123.25,-16.74,63.83,8.32,-5.35
2024-09-27,20:00,-0.96,33.94,-4.58,5.37,60.24
2024-09-27,21:00,98.83,3.25,68,0.24,49.89
2024-09-27,22:00,88.46,-17.11,70.59,7.92,-14.17
2024-09-27,23:00,106.89,-6.04,89.92,8.4,-31.05
2024-09-27,00:00,87.78,30.25,-41.9,7.15,45.11
2024-09-28,01:00,49.48,46.03,-10.36,-2.23,57.09
2024-09-28,02:00,-46.99,41.65,93.08,5.92,28.16
2024-09-28,03:00,8.88,3.53,100.87,-0.94,15.47
2024-09-28,04:00,67.11,-10.15,8.69,4.46,31.49
2024-09-28,05:00,-27.11,-14.67,86.28,6.07,10.08
2024-09-28,06:00,7.34,44.96,69.39,1.29,-29.38
2024-09-28,07:00,95.78,27.58,42.86,9.75,-35.74
2024-09-28,08:00,69.51,47.74,-5.61,9.22,-29.1
2024-09-28,09:00,45.17,4.24,17.47,-2.02,64.91
2024-09-28,10:00,117.34,38.13,-13.4,15.57,-6.45
2024-09-28,11:00,99.75,-17.81,13.73,8.51,61.29
2024-09-28,12:00,110.33,2.34,-18.43,15.19,74.35
2024-09-28,13:00,-12.67,30.64,100.66,11.59,74.52
2024-09-28,14:00,1.12,2.71,9.12,3.1,63.51
2024-09-28,15:00,84.2,-9.63,126.6,6.81,54.19
2024-09-28,16:00,19.51,33.5,99.65,11.2,-12.84
2024-09-28,17:00,59.7,50.02,-39.27,0.29,-3.69
2024-09-28,18:00,112.33,23.9,26.45,-1.06,-17.98
2024-09-28,19:00,17.23,51.16,26.51,3.67,56.58
2024-09-28,20:00,36.74,48.61,-20.61,16.93,18.95
2024-09-28,21:00,51.95,23.02,96.37,13.75,-19.57
2024-09-28,22:00,35.47,-1.72,22.11,8.78,7.23
2024-09-28,23:00,-18.75,39.96,47.9,4.73,-27.8
2024-09-28,00:00,19.42,41.67,55.94,1.9,77.95
2024-09-29,01:00,57.91,28.82,-42.13,5.66,75.93
2024-09-29,02:00,28.36,4.46,85.74,12.06,69.95
2024-09-29,03:00,77.94,-10.48,20.87,0.77,53.27
2024-09-29,04:00,-30.22,-16.82,54.14,8.15,-34.21
2024-09-29,05:00,-30.27,-19.56,-61.63,-1.89,22.05
2024-09-29,06:00,-9.4,3.77,105.57,-4.13,69.48
2024-09-29,07:00,23.67,22.07,-0.98,5.02,49.68
2024-09-29,08:00,77.63,22.3,16.45,2.39,22.36
2024-09-29,09:00,-27.53,32.8,-3.01,9.69,15.65
2024-09-29,10:00,-0.28,33.25,122.51,12.11,19.3
2024-09-29,11:00,113.1,-10.96,64.69,6.72,39.11
2024-09-29,12:00,72.9,36.64,12.9,9.98,-7.59
2024-09-29,13:00,-10.83,48.51,123.84,15.4,-17.46
2024-09-29,14:00,48.58,41.37,86.93,0.78,56.02
2024-09-29,15:00,26.65,42.79,5.13,3.48,9.55
2024-09-29,16:00,85.4,23.94,114.2,10.52,51.04
2024-09-29,17:00,94.92,-0.82,69.12,16.19,79.88
2024-09-29,18:00,48.53,34.94,54.14,2.16,63.18
2024-09-29,19:00,72.07,20.23,-35.69,16.09,25.02
2024-09-29,20:00,1.88,25.38,114.86,5.57,49.18
2024-09-29,21:00,29.78,11.02,34.02,2.84,0.31
2024-09-29,22:00,-18.6,25.76,106.9,4.21,17.36
2024-09-29,23:00,96.35,21.21,45.96,-0.77,45.99
2024-09-29,00:00,87.69,13.06,99.45,10.54,18.77
2024-09-30,01:00,-32.41,6.64,46.96,5.41,35.32
2024-09-30,02:00,-51.22,45.51,-22.25,-0.68,63.01
2024-09-30,03:00,51.16,-27.33,35.99,3.53,22.95
2024-09-30,04:00,20.88,41.08,-12.37,0.74,70.14
2024-09-30,05:00,1.77,-18.49,54.76,9.99,50.97
2024-09-30,06:00,-49.36,-3.5,-0.65,-4.09,24.74
2024-09-30,07:00,77.93,-19.95,60.84,17.28,-1.32
2024-09-30,08:00,20.29,50.72,33.03,10.8,2.49
2024-09-30,09:00,19.24,-6.94,23.35,8.27,37.33
2024-09-30,10:00,128.74,2.96,99.69,12.63,7.31
2024-09-30,11:00,96.92,20.4,21.47,21.89,48.06
2024-09-30,12:00,44.07,4.14,-0.2,12.81,51.57
2024-09-30,13:00,34.43,30.37,66.21,26.11,68.47
2024-09-30,14:00,86.58,-21.56,6.68,21.41,10.21
2024-09-30,15:00,35.2,29.18,72.38,22.99,107.42
2024-09-30,16:00,72.66,4.72,67.21,18.12,29.48
2024-09-30,17:00,-5.92,25.16,61.36,15.46,22.91
2024-09-30,18:00,101.44,36.02,-28.28,16.2,5.09
2024-09-30,19:00,124.08,9.97,109.87,14.26,77.64
2024-09-30,20:00,24.92,26.46,-7.89,7.94,3.49
2024-09-30,21:00,23.39,20.45,-28.59,9.21,39.61
2024-09-30,22:00,74.62,9.08,71.71,0.69,13.4
2024-09-30,23:00,93.8,-18.01,-8.18,6.21,4.09
2024-09-30,00:00,-12.49,12.99,27.2,9.23,36.58
2024-10-01,01:00,63.88,-5.44,45.79,9.17,62.48
2024-10-01,02:00,8.47,14.78,48.28,11.84,-31.03
2024-10-01,03:00,7.77,-20.79,-14.99,-5.37,19.5
2024-10-01,04:00,24.24,22.27,2.56,-5.4,64.9
2024-10-01,05:00,23.98,14.14,95.94,-3.89,-8.12
2024-10-01,06:00,-28.76,29.31,44.53,6.31,50.51
2024-10-01,07:00,-3.4,31.64,108.3,-2,75.43
2024-10-01,08:00,-26.92,-11.57,-53.18,5.21,-0.55
2024-10-01,09:00,54.38,32.44,-18.02,5.48,51.36
2024-10-01,10:00,-27.62,35.64,8.85,14.42,48.19
2024-10-01,11:00,14.3,3.75,-25.27,4.2,69.43
2024-10-01,12:00,80.7,41.63,67.58,1.85,46.26
2024-10-01,13:00,45.36,42.53,-18.16,2.43,-10.22
2024-10-01,14:00,92.29,-8.13,-20.13,9.79,-26.19
2024-10-01,15:00,-18.5,0.76,109.1,11.5,-6.6
2024-10-01,16:00,13.11,20.76,47.47,-1.44,23.21
2024-10-01,17:00,30.03,10.17,98.15,10.51,47.02
2024-10-01,18:00,57.03,-21.16,-7.97,3.47,53.53
2024-10-01,19:00,78.89,54.95,66.15,9.13,84.08
2024-10-01,20:00,46.26,7.81,-8.42,13.68,57.19
2024-10-01,21:00,-16.61,-15.83,67.33,1.11,54.92
2024-10-01,22:00,64.03,16.21,-30.47,7.32,34.29
2024-10-01,23:00,83.14,36.15,13.72,9.43,47.16
2024-10-01,00:00,-20.14,-9.19,120.32,-1.24,-25.77
2024-10-02,01:00,-41.25,33.39,101.82,6.47,21.01
2024-10-02,02:00,74.73,0.66,76.6,-2.44,39.84
2024-10-02,03:00,-51.15,45.49,82.78,-5.8,67.85
2024-10-02,04:00,-27.27,26.21,30.3,9.93,70.31
2024-10-02,05:00,-33.81,1.81,22.37,-1.51,-1.19
2024-10-02,06:00,13.36,10.43,-48.15,9.41,-2.49
2024-10-02,07:00,73.83,-13.34,-24.3,0.15,23.51
2024-10-02,08:00,39.04,9.92,43.7,10.56,-4.63
2024-10-02,09:00,70.27,40.61,3.52,11.81,46.71
2024-10-02,10:00,79.31,-19.29,132.9,11.65,-0.92
2024-10-02,11:00,23.44,14.19,30.15,-1.77,3.73
2024-10-02,12:00,52.86,41.32,22.22,10.82,7.51
2024-10-02,13:00,83.33,4.17,-30.43,3.04,77.54
2024-10-02,14:00,11.21,23.32,79.45,-1.27,3.12
2024-10-02,15:00,-5.79,2.21,10.25,5.11,79.29
2024-10-02,16:00,67.82,16.31,118.51,4.87,-7.63
2024-10-02,17:00,-18,30.87,0.72,2.59,7.27
2024-10-02,18:00,35.29,-20.65,100.9,3.43,82.45
2024-10-02,19:00,12.28,17.22,-27.34,10.41,41.79
2024-10-02,20:00,18.87,55.19,-6.03,0.45,-2.75
2024-10-02,21:00,101.33,47.26,37.13,0.48,-0.93
2024-10-02,22:00,45.54,-9.37,97.57,16.46,27.15
2024-10-02,23:00,107.33,10.26,-46.03,12.71,13.29
2024-10-02,00:00,17.74,1.62,-26.39,8.88,84.1
2024-10-03,01:00,39.02,4.4,-39.78,9.41,47.04
2024-10-03,02:00,94.79,20.74,-47.01,6.4,-2.62
2024-10-03,03:00,64.69,41.13,99.64,12.36,28.72
2024-10-03,04:00,81.26,-19.04,86.76,2.06,25.77
2024-10-03,05:00,43.62,3.78,79.2,7.13,63.92
2024-10-03,06:00,90.56,-10.91,46.22,-0.53,-33.1
2024-10-03,07:00,70.47,6.92,29.51,0.16,64.05
2024-10-03,08:00,-21.77,23.19,26.81,-1.09,55.51
2024-10-03,09:00,53.48,34.87,31.34,11.95,81.6
2024-10-03,10:00,73.19,-16.68,114.09,14.44,35.98
2024-10-03,11:00,110.78,-17.36,46.66,7.01,84.59
2024-10-03,12:00,108.73,50.86,-30.9,9.77,8.77
2024-10-03,13:00,40.06,51.1,100.12,-2.05,65.69
2024-10-03,14:00,99.66,-9.38,-35.76,0.3,41.37
2024-10-03,15:00,72.79,-14.86,23.09,9.4,85.98
2024-10-03,16:00,-8.95,32.24,66.34,5.67,34.92
2024-10-03,17:00,38.39,20,-31.34,9.43,-6.15
2024-10-03,18:00,53.49,16.4,-8.21,14.74,4.98
2024-10-03,19:00,4.09,3.21,-17.08,8.93,33.81
2024-10-03,20:00,9.28,35.35,-29.65,8.62,11.43
2024-10-03,21:00,32.93,43.51,-17.25,11.76,84.32
2024-10-03,22:00,88.32,52.04,119.8,7.84,61.01
2024-10-03,23:00,31.59,21.22,12.59,9.17,-10.06
2024-10-03,00:00,5.21,23.76,129.49,13.55,26.86
2024-10-04,01:00,-30.23,-9.83,-30.27,4.03,48.01
2024-10-04,02:00,50.09,29.84,92.24,-0.74,43.21
2024-10-04,03:00,89.81,-17.81,29.3,4.32,63.07
2024-10-04,04:00,-21.81,40.14,-51.57,4.35,-15.31
2024-10-04,05:00,-10.63,-0.24,39.78,9.21,34.77
2024-10-04,06:00,-20.68,16.34,39.98,-1.59,-2.55
2024-10-04,07:00,34.68,39.64,64.84,-0.41,64.22
2024-10-04,08:00,43.8,50.89,12.3,7.4,11.87
2024-10-04,09:00,39.57,1.94,15.48,15.44,32.97
2024-10-04,10:00,-4.42,50.52,-38.94,3.91,2.65
2024-10-04,11:00,-21.35,32.56,-3.11,15.07,15.48
2024-10-04,12:00,-8.5,-16.24,80.3,14.25,16.31
2024-10-04,13:00,85.92,-7.92,7.93,7.08,63.81
2024-10-04,14:00,69.2,36.93,84.85,4.58,-10.91
2024-10-04,15:00,80.77,-5.76,78.39,6.25,21.33
2024-10-04,16:00,107.15,-21.47,42.03,7.27,50.02
2024-10-04,17:00,101.4,-8.55,51.89,11.05,-21.96
2024-10-04,18:00,-31.53,12.54,-8.47,4.55,60.07
2024-10-04,19:00,75.58,13.76,-20.27,7.92,35.13
2024-10-04,20:00,80.63,34.65,19.5,14.75,45.82
2024-10-04,21:00,50.67,-2.44,90.94,7.7,62.6
2024-10-04,22:00,55.47,-5.07,38.73,0.56,65.46
2024-10-04,23:00,94.56,16.28,16.82,0.76,48.62
2024-10-04,00:00,-5.61,14.51,118.17,8.6,-7.22
2024-10-05,01:00,98.29,22.22,111.81,13.26,-12.57
2024-10-05,02:00,-24.17,30.53,-45.15,10.27,13.14
2024-10-05,03:00,-27.05,-23.21,97.14,-0.77,-24.26
2024-10-05,04:00,10.1,-3.62,64.73,4.48,-13.28
2024-10-05,05:00,-7.02,22.36,-54.55,3.61,38.42
2024-10-05,06:00,10.21,-2.25,88.73,-1.25,45.71
2024-10-05,07:00,50.97,-17.25,39.64,7.91,59.45
2024-10-05,08:00,-30.81,12.1,58.44,3.05,3.08
2024-10-05,09:00,-18.27,38.21,36.19,10.45,22.66
2024-10-05,10:00,95.92,-15.54,0.95,12.5,93.38
2024-10-05,11:00,29.38,-7.07,-34.85,-1.3,23.9
2024-10-05,12:00,-8.46,-14.88,-40.2,14.59,31.03
2024-10-05,13:00,101.96,-2.22,60.78,10.14,0.71
2024-10-05,14:00,96.81,19.43,78.47,1.86,20.23
2024-10-05,15:00,51.44,52.38,-20.95,-1.4,69.79
2024-10-05,16:00,49.47,11.27,67.91,-3.9,63.78
2024-10-05,17:00,95.77,-16.99,-30.16,9.65,-25.71
2024-10-05,18:00,-10.64,37.09,-1.76,7.73,67.23
2024-10-05,19:00,98.35,38.16,10.89,0.95,38.27
2024-10-05,20:00,13.81,45.91,98,-0.87,0.03
2024-10-05,21:00,90.15,44.79,-37.09,2.53,-17.09
2024-10-05,22:00,83.11,3.02,55.85,2.38,19.37
2024-10-05,23:00,48.73,-6.97,108.48,7.65,27.17
2024-10-05,00:00,20.48,55.32,8.34,3.76,56.12
2024-10-06,01:00,15.15,-12.09,71.45,13.18,32.4
2024-10-06,02:00,18.35,34.95,74.16,10.93,72.01
2024-10-06,03:00,-19.71,31.29,63.4,7.64,8.62
2024-10-06,04:00,-24.22,0.4,61.44,11.95,24.92
2024-10-06,05:00,72.09,-6.93,23.91,2.84,38.58
2024-10-06,06:00,-11.38,11.26,-44.35,3.01,4.25
2024-10-06,07:00,-8.38,-5.71,13.8,8.01,-8.55
2024-10-06,08:00,-11.3,-0.73,-38.55,5.18,-20.1
2024-10-06,09:00,-11.54,57.11,76.44,14.62,-8.01
2024-10-06,10:00,84.39,9.83,24.2,9.76,42.85
2024-10-06,11:00,100.08,-13.36,27.3,0.15,68.7
2024-10-06,12:00,99.15,9.2,40.07,-0.42,1.05
2024-10-06,13:00,-28,50.55,113.68,5.64,66.95
2024-10-06,14:00,107.05,31.25,-12.16,9.45,29.18
2024-10-06,15:00,8.05,55,85.46,9.23,49.77
2024-10-06,16:00,53.59,52.72,114.67,6.67,28.93
2024-10-06,17:00,54.55,1.79,75.33,15.59,-3.41
2024-10-06,18:00,45.95,36.05,10.29,4.1,23.54
2024-10-06,19:00,47.18,6.23,137.11,12.96,27.14
2024-10-06,20:00,107.18,24.28,-21.93,9.29,17.08
2024-10-06,21:00,92.72,21.64,91.12,4.59,78.36
2024-10-06,22:00,-12.73,21.55,86.03,15.38,25.48
2024-10-06,23:00,-1.34,12.3,-30.31,8.85,35.88
2024-10-06,00:00,66.13,53.16,24.75,13.98,33.17
2024-10-07,01:00,-9.77,16.87,-26.85,12.75,38.32
2024-10-07,02:00,-34.39,26.66,11.8,1.16,23.42
2024-10-07,03:00,5.46,45.84,-34.81,-3.14,-28.87
2024-10-07,04:00,18.01,21.69,78.59,6.59,41.88
2024-10-07,05:00,-26.13,1.44,-0.76,4.76,56.11
2024-10-07,06:00,70.5,10.74,7.02,9.23,71.49
2024-10-07,07:00,30.61,44.05,3.95,1.85,87.94
2024-10-07,08:00,46.34,57.05,62.61,17.8,96.34
2024-10-07,09:00,90.91,38.16,63.1,19.61,-4.7
2024-10-07,10:00,93.48,51.89,-18.43,13.16,-20.74
2024-10-07,11:00,76.38,52.6,101.82,6.92,69.74
2024-10-07,12:00,108.18,9.85,96.57,8.33,86.99
2024-10-07,13:00,71.6,-8.27,-26.97,11.53,-12.67
2024-10-07,14:00,11.35,4.79,-44.84,4.04,53.23
2024-10-07,15:00,104.03,20.25,49.23,3.01,69.67
2024-10-07,16:00,78.06,18.75,10.16,8.4,-5.03
2024-10-07,17:00,-6.21,4.8,-1.08,2.19,-16.05
2024-10-07,18:00,-7.48,20.5,-23.19,5.49,31.46
2024-10-07,19:00,7,-4.22,24.85,5.01,8.1
2024-10-07,20:00,101.11,52.2,61.66,4.1,17.18
2024-10-07,21:00,27.06,18.41,133.92,14.55,70.69
2024-10-07,22:00,17.67,38.74,34.75,13.15,52.06
2024-10-07,23:00,23.67,22.15,112.48,6.87,43.01
2024-10-07,00:00,86.29,-9.15,74.76,13.14,34.06
2024-10-08,01:00,64.09,0.23,120.89,5.79,-27.51
2024-10-08,02:00,-6.35,43.93,65,-0.41,1.54
2024-10-08,03:00,6.79,29.91,-7.1,14.63,48.02
2024-10-08,04:00,67.8,15.61,13.47,11.89,-2.06
2024-10-08,05:00,29.86,17.64,-13.57,5.27,28.55
2024-10-08,06:00,49.6,39.72,118.31,10.51,44.88
2024-10-08,07:00,-25.14,52.57,74.45,16.35,23.18
2024-10-08,08:00,93.48,1.14,89.54,14.18,103.94
2024-10-08,09:00,76.08,58.62,97.83,7.67,76.5
2024-10-08,10:00,115.46,43.93,-25.45,9.67,37.56
2024-10-08,11:00,16.48,34.62,8.27,11.09,24.68
2024-10-08,12:00,80.39,-17.46,8.09,16.66,-7.01
2024-10-08,13:00,7.1,50.74,47.73,15.57,27.63
2024-10-08,14:00,2.93,14.68,-44.12,6.29,18.79
2024-10-08,15:00,96.96,35.65,104.7,-0.73,79.04
2024-10-08,16:00,11.79,40.82,4.59,2.4,77.43
2024-10-08,17:00,9.41,7.91,15.21,15.31,29.95
2024-10-08,18:00,99.18,30.43,16.82,7.74,42.97
2024-10-08,19:00,2.96,31.59,128.41,1.89,46.66
2024-10-08,20:00,128.74,23.92,-27.3,12.84,30.27
2024-10-08,21:00,-3.83,39.89,-33.3,8.54,98.8
2024-10-08,22:00,9.98,1.24,115.59,4.05,3.35
2024-10-08,23:00,71.99,46.8,89.81,0.83,56.15
2024-10-08,00:00,-0.18,17.92,116,15.1,40.39
2024-10-09,01:00,-2,12.38,88.19,-1.89,39.86
2024-10-09,02:00,26.99,19.48,-44.87,9.5,5.1
2024-10-09,03:00,-23.43,0.14,99.92,7.81,55.5
2024-10-09,04:00,22.02,38.48,-8.14,4.49,50.08
2024-10-09,05:00,33.26,36.35,105.29,2.44,54.73
2024-10-09,06:00,-3.18,17.84,-9.31,3.31,1.7
2024-10-09,07:00,-4.2,-5.88,56.26,7.96,6.69
2024-10-09,08:00,-2.67,-13.15,79.04,15.8,22.51
2024-10-09,09:00,81.61,41.95,76.66,6.64,79.2
2024-10-09,10:00,100.47,-10.56,89.96,12.77,90.95
2024-10-09,11:00,-4,7.24,29.19,3.69,58.49
2024-10-09,12:00,-5.16,8.7,-36.17,15.35,36.47
2024-10-09,13:00,82.58,20.96,99.54,13.72,32.65
2024-10-09,14:00,-20.47,38.53,130.94,-2.78,-2.75
2024-10-09,15:00,-12.45,-5.26,102.71,6.39,54.16
2024-10-09,16:00,-9.16,26.3,78.45,3.06,20.36
2024-10-09,17:00,105.48,-18.28,21.56,11.05,3.21
2024-10-09,18:00,112.91,8.56,53.13,2.4,63.56
2024-10-09,19:00,95.63,30.02,85.2,1.58,33.13
2024-10-09,20:00,46.31,49.18,46.38,1.36,77.7
2024-10-09,21:00,84.93,20.82,89.4,9.11,42.23
2024-10-09,22:00,40.16,21.56,68.52,0.98,39.95
2024-10-09,23:00,71.79,4.9,-23.08,9.66,36.55
2024-10-09,00:00,76.01,12.19,91.86,7.47,-20.04
2024-10-10,01:00,-18.02,43.16,116.74,8.67,-8.94
2024-10-10,02:00,97.37,-0.78,-23,7.82,79.74
2024-10-10,03:00,79.62,21.94,-26.03,5.86,35.66
2024-10-10,04:00,97.24,-18.24,53.46,10.77,-19.29
2024-10-10,05:00,92.26,19.06,48.14,-1.9,-31.06
2024-10-10,06:00,-26.16,-7.12,20.34,0.86,68.04
2024-10-10,07:00,89.56,19.44,37.73,9.53,74.43
2024-10-10,08:00,72.24,49.14,56.34,19.12,104.31
2024-10-10,09:00,-9.28,26.49,27.45,13.78,16.5
2024-10-10,10:00,-16.12,-8.48,-28.36,0.13,-20.75
2024-10-10,11:00,78.74,-15.59,77.87,6.62,-14.2
2024-10-10,12:00,47.03,3.08,44.62,14.24,34.04
2024-10-10,13:00,-21.5,22.48,96.57,-1.09,55.03
2024-10-10,14:00,43.89,41.4,78.52,12.22,2.5
2024-10-10,15:00,-0.77,43.74,73.35,8.46,50.05
2024-10-10,16:00,65.62,8.02,52.01,0.54,56.22
2024-10-10,17:00,63.94,26.13,31.98,-1.75,67.67
2024-10-10,18:00,66.71,10.85,58.95,6.62,-5.24
2024-10-10,19:00,23.32,36.29,25.79,7.82,20.68
2024-10-10,20:00,90.86,2.25,-29.07,11.42,86.44
2024-10-10,21:00,112.53,26.79,115.75,14.2,68.96
2024-10-10,22:00,119.9,59.82,45,0.63,22.78
2024-10-10,23:00,4.68,-2.89,0.71,5.15,72.05
2024-10-10,00:00,98.53,9.82,-10.03,-1.69,63.87
2024-10-11,01:00,101.22,-8.69,23.49,11.67,25.86
2024-10-11,02:00,-39.38,9.8,1.74,-3.52,68.29
2024-10-11,03:00,44.45,-15.73,67.35,11.91,-17.63
2024-10-11,04:00,20.29,10.89,44.3,1.71,78.01
2024-10-11,05:00,77.38,9.61,101.12,-2.1,26.77
2024-10-11,06:00,-38.45,49.92,59.94,3.61,63.43
2024-10-11,07:00,22.35,40.07,83.4,3.28,64.87
2024-10-11,08:00,-17.39,33.47,130.9,15.33,96.45
2024-10-11,09:00,25.17,1.68,116.47,3.43,-1.44
2024-10-11,10:00,-10.6,7.53,50.95,6.53,14.18
2024-10-11,11:00,98.47,50.83,108.5,13.71,-1.04
2024-10-11,12:00,104.29,12.91,59.54,8.12,36.34
2024-10-11,13:00,-6.02,36.9,-34.73,2.69,22.82
2024-10-11,14:00,109.32,17.31,86.42,4.67,69.19
2024-10-11,15:00,6.81,-24.13,73.35,-2.58,79.3
2024-10-11,16:00,94.69,-11.43,121.31,3.49,88.92
2024-10-11,17:00,30.2,47.4,104.35,1.73,10.9
2024-10-11,18:00,47.12,-14.94,-30.74,7.29,-17.77
2024-10-11,19:00,5.17,40.2,49.8,15.01,82.47
2024-10-11,20:00,54.62,54.56,7.84,2.08,94.76
2024-10-11,21:00,47.84,37.45,-32.04,7.06,9.05
2024-10-11,22:00,-13.74,19,120.83,14,61.82
2024-10-11,23:00,56.38,-3.8,142.76,1.41,83.18
2024-10-11,00:00,-7.75,55.49,77.21,14.57,38.99
2024-10-12,01:00,-19.27,-9.14,87.54,10.25,57.85
2024-10-12,02:00,-5.62,28.79,12.82,9.83,54.31
2024-10-12,03:00,91.46,35.91,92.03,4.87,-19.25
2024-10-12,04:00,96.38,28.09,108.28,-3.56,78.65
2024-10-12,05:00,44.45,33.5,71.83,-3.61,35.51
2024-10-12,06:00,66.77,-6.86,120.83,6.3,80.05
2024-10-12,07:00,43.35,28.11,49.98,7.56,24.2
2024-10-12,08:00,55.06,-8.21,97.19,11.77,65.7
2024-10-12,09:00,55.07,43.36,63.52,6.01,45.4
2024-10-12,10:00,90.93,27.54,101.43,4.09,49.25
2024-10-12,11:00,109.92,34.76,-25.58,5.7,76.42
2024-10-12,12:00,-13.53,42.83,26.89,-0.49,37.46
2024-10-12,13:00,7.55,33.3,-23.39,7.07,-7.8
2024-10-12,14:00,56.38,17.15,56.35,10.02,7.81
2024-10-12,15:00,0.21,50.85,119.6,6.41,57.05
2024-10-12,16:00,60.4,18.55,26.93,10.86,73.35
2024-10-12,17:00,64.6,18.79,42.26,4.27,13.13
2024-10-12,18:00,59.21,54.48,68.77,7.52,64.55
2024-10-12,19:00,50.02,46.85,63.82,6.6,63.59
2024-10-12,20:00,65.82,53.13,77.54,6.5,76.39
2024-10-12,21:00,73.54,28.97,-15.36,0.25,34.48
2024-10-12,22:00,50.86,24.29,57.56,0.42,-9.82
2024-10-12,23:00,100.96,28.25,-30.16,2.11,67.41
2024-10-12,00:00,-25.69,-4.06,-10.6,12.87,-9.5
2024-10-13,01:00,2.53,39.05,112.51,-2.5,6.08
2024-10-13,02:00,49.26,7.41,53.76,13.23,79.05
2024-10-13,03:00,25.87,9.78,-5.07,-3.65,20.32
2024-10-13,04:00,32.24,0.97,122.24,3.04,64.94
2024-10-13,05:00,34.82,10.92,-33.94,10.69,-20.72
2024-10-13,06:00,57.93,-15.34,81.82,13.13,82.22
2024-10-13,07:00,-25.2,2.45,92.76,3.81,61
2024-10-13,08:00,64.18,-11.71,-32.99,14.66,84.43
2024-10-13,09:00,67.96,-14.6,-40.68,-0.15,77.62
2024-10-13,10:00,40.8,50.53,-18.32,3.53,33.16
2024-10-13,11:00,82.68,19.85,95.7,15.48,52.15
2024-10-13,12:00,22.78,-7.17,-3.05,12.53,38.87
2024-10-13,13:00,-14.16,10.97,-47.24,13.05,60.93
2024-10-13,14:00,35.12,29.66,76.67,9.65,10.47
2024-10-13,15:00,54.65,8.76,123.6,10.22,64.79
2024-10-13,16:00,-17.08,-5.31,38.31,12.56,86.3
2024-10-13,17:00,61.88,37.58,82.38,15.21,82.94
2024-10-13,18:00,74.01,6.84,-29.75,3.77,33.68
2024-10-13,19:00,109.87,0.98,-37.02,4.1,80.25
2024-10-13,20:00,66.38,35.06,42.98,1.27,51.49
2024-10-13,21:00,22.79,39.73,25.55,0.65,98.31
2024-10-13,22:00,106.74,40.23,20.04,8.4,49.56
2024-10-13,23:00,112.67,40.19,105.18,5.1,97.05
2024-10-13,00:00,108.18,25.08,61.56,6.65,29.78
2024-10-14,01:00,38.81,2.75,69.28,-1.27,-12.69
2024-10-14,02:00,54.94,21.85,41.47,5.37,84.14
2024-10-14,03:00,80.38,48.44,12.37,-3.37,-8.38
2024-10-14,04:00,86.77,-21.88,94.94,12.05,42.95
2024-10-14,05:00,50.43,-1.42,60.72,7.94,75.62
2024-10-14,06:00,-27.71,8.32,-30.49,10.49,-4.52
2024-10-14,07:00,86.32,13.36,86.73,1.84,64.89
2024-10-14,08:00,19.96,36.84,54.49,19.45,41.36
2024-10-14,09:00,18.02,-8.5,19.84,14.9,94.48
2024-10-14,10:00,59.41,27.84,33.37,0.81,-9.14
2024-10-14,11:00,-20.98,-5.07,35.34,3.21,22.93
2024-10-14,12:00,24.56,-1.54,-11.4,12.14,62.22
2024-10-14,13:00,-20.78,43.81,76.89,0.99,-10.42
2024-10-14,14:00,64.75,29.18,65.43,11.56,84.94
2024-10-14,15:00,76.61,-14.58,-23.33,8.91,-25.27
2024-10-14,16:00,90.76,-8.5,-20.33,12.66,62.03
2024-10-14,17:00,95.04,12.46,-45.2,4.19,-1.42
2024-10-14,18:00,109.13,-8.58,108.17,4.39,78.07
2024-10-14,19:00,56.38,49.89,107.39,17.36,-0.21
2024-10-14,20:00,118.94,9.8,122.54,13.92,109.22
2024-10-14,21:00,30.62,59.12,69.54,15.54,109.32
2024-10-14,22:00,81.26,9.55,70.19,17.23,76.44
2024-10-14,23:00,63.71,29.82,12.42,12.46,86.08
2024-10-14,00:00,16.28,42.47,113.94,6.81,82.77
2024-10-15,01:00,101.98,47.42,122.21,4.68,82.86
2024-10-15,02:00,68.75,29.78,73.46,4.74,37.61
2024-10-15,03:00,-15.73,36.32,-17.43,-4.4,-15.45
2024-10-15,04:00,38.37,16.29,-53.18,-4.83,64.25
2024-10-15,05:00,-38.37,21.82,-54.21,6.29,2.06
2024-10-15,06:00,-24.24,31.35,55.83,0.44,42.48
2024-10-15,07:00,104.48,26.31,10.67,7.13,26.99
2024-10-15,08:00,39.26,57.09,1.72,7.95,-9.21
2024-10-15,09:00,-14.06,45.45,38.03,8.38,61.13
2024-10-15,10:00,104.89,-12.38,88.05,-3.03,63.69
2024-10-15,11:00,19.61,41.69,-18.65,-0.39,3.92
2024-10-15,12:00,81.91,-15.77,-21.95,10.09,49.32
2024-10-15,13:00,83.32,16.77,107.72,6.59,47.92
2024-10-15,14:00,58.26,22.72,59.25,14.21,43.24
2024-10-15,15:00,5.64,37.77,82.51,0.79,-3.53
2024-10-15,16:00,27.41,24.99,-41.28,1.38,84.41
2024-10-15,17:00,21.18,41,-28.44,2.77,44.15
2024-10-15,18:00,25.15,5.56,112.6,2.2,-19.07
2024-10-15,19:00,35.84,50.87,102.26,13,60.46
2024-10-15,20:00,36.01,-3.84,73.96,4.83,13.74
2024-10-15,21:00,28.53,9.86,33.7,5.05,100.22
2024-10-15,22:00,48.75,52.71,37.84,13.78,106.27
2024-10-15,23:00,129.82,41.9,4.78,2.36,10.3
2024-10-15,00:00,78.48,54.81,5.94,-1.73,28.91
2024-10-16,01:00,113.28,49.23,-11.46,10.06,-23.92
2024-10-16,02:00,84.52,-18.92,99.98,3.94,-14
2024-10-16,03:00,70.37,19.04,45.92,9.77,-30.37
2024-10-16,04:00,53.84,48,111.8,-2.22,-33.29
2024-10-16,05:00,25.69,22.92,43.43,-4.27,20.72
2024-10-16,06:00,21.41,34.64,40.8,1.14,56.16
2024-10-16,07:00,29.9,45.89,33.78,9.29,36.59
2024-10-16,08:00,81.1,19.07,-24.96,7.27,95.37
2024-10-16,09:00,88.07,5.91,84.2,10.87,67
2024-10-16,10:00,110.14,-5.25,45.78,4.49,4.76
2024-10-16,11:00,113.67,-1.89,-46.22,9.9,91.43
2024-10-16,12:00,67.57,8.87,45.3,11.69,69.77
2024-10-16,13:00,92.76,29.26,95.27,14.17,21.7
2024-10-16,14:00,6.58,37.37,26.5,13.24,-6.04
2024-10-16,15:00,76.8,37.01,58.33,2.17,72.6
2024-10-16,16:00,-24.39,-11.79,-19.62,8.84,5.85
2024-10-16,17:00,44.46,-4.44,60.7,6.79,-2
2024-10-16,18:00,1.97,54.61,67.3,1.8,95.89
2024-10-16,19:00,18.91,49.85,-7.63,5.06,-0.72
2024-10-16,20:00,-1.75,-7,100.87,5.42,-6.44
2024-10-16,21:00,32.08,55.66,117.81,10.24,98.73
2024-10-16,22:00,-2.49,5.42,-22.24,5.34,81.25
2024-10-16,23:00,48.91,0.07,68.47,3.31,74.55
2024-10-16,00:00,105.45,12.43,89.34,9.2,124.6
2024-10-17,01:00,-19.48,6.19,-38.74,8.7,54.51
2024-10-17,02:00,62.85,39.03,100.73,6.67,25.1
2024-10-17,03:00,-40.62,-8.35,78.13,12.84,50.49
2024-10-17,04:00,54.85,5.18,-21.69,10.21,2.23
2024-10-17,05:00,-7.24,21.24,-4.16,8.34,54.61
2024-10-17,06:00,59.06,13.79,7.29,5.39,-27.61
2024-10-17,07:00,15.81,39.45,21.13,4.9,71.64
2024-10-17,08:00,83.33,48.3,65.14,6.43,27.38
2024-10-17,09:00,51.68,4.81,11.83,1.63,51.1
2024-10-17,10:00,109.2,6.04,125.33,3.54,-17.04
2024-10-17,11:00,13.37,25.64,64.82,0.07,15.29
2024-10-17,12:00,97.68,10.94,84.06,-0.03,55.21
2024-10-17,13:00,84.23,21.69,28.86,5.65,84.32
2024-10-17,14:00,49.02,-3.54,41.14,7.62,2.35
2024-10-17,15:00,97.76,16.37,66.44,3.43,6.96
2024-10-17,16:00,-1.48,-15.9,-42.55,10.68,25.96
2024-10-17,17:00,103.46,-5.08,16.45,1.97,57.78
2024-10-17,18:00,38.24,27.67,72.29,2.63,24.44
2024-10-17,19:00,-3.5,23.84,129.3,6.55,4.75
2024-10-17,20:00,8.71,32.08,-11.66,4.54,60.47
2024-10-17,21:00,7.99,39.59,35.6,13.08,6.4
2024-10-17,22:00,71.14,23.48,111.19,0.95,99.88
2024-10-17,23:00,112.12,5.46,74.28,13.94,55.94
2024-10-17,00:00,26.08,40.01,91.05,2.53,30.2
2024-10-18,01:00,23.95,27.85,13.02,-1.39,-9.32
2024-10-18,02:00,79.07,19.56,34.08,9.09,31.21
2024-10-18,03:00,-30.87,12.04,108.79,-0.08,-24.26
2024-10-18,04:00,8.41,42.92,-31.62,8.92,6.09
2024-10-18,05:00,69.9,-19.9,49.1,6.39,9.75
2024-10-18,06:00,54.87,33.8,79.23,0.21,52.23
2024-10-18,07:00,72.23,35.31,-36.77,-1.23,57.04
2024-10-18,08:00,22.53,33.63,116.68,19.05,48.65
2024-10-18,09:00,77.92,4.3,36.46,1.2,46.02
2024-10-18,10:00,54.93,45.18,-16.35,4.21,75.54
2024-10-18,11:00,-6.75,50.02,109.87,1.2,26.13
2024-10-18,12:00,100.79,-12.74,-40.25,11.95,52.47
2024-10-18,13:00,91.74,-10.28,56.48,0.53,45.74
2024-10-18,14:00,103.56,49.21,89.71,8.69,36.09
2024-10-18,15:00,63.96,4.26,55.81,3.04,88.75
2024-10-18,16:00,-5.64,9.49,31.3,0.54,33.47
2024-10-18,17:00,31.98,-12.28,101.32,15.71,82.51
2024-10-18,18:00,40.19,48.73,49.88,9.94,61.85
2024-10-18,19:00,29.96,19.89,30.57,3.78,22
2024-10-18,20:00,2.38,36.94,142.72,16.25,105.71
2024-10-18,21:00,42.21,58.32,105.24,4.27,14.21
2024-10-18,22:00,124.16,40.84,139.89,2.92,48.83
2024-10-18,23:00,107.01,-1.66,24.49,1.94,82.97
2024-10-18,00:00,30.38,21.79,11.93,13.27,-9.44
2024-10-19,01:00,-2.32,40.24,46.85,12.21,69.4
2024-10-19,02:00,43.68,-15.97,71.55,3.32,11.73
2024-10-19,03:00,51.46,26.05,95.61,8.19,53.45
2024-10-19,04:00,-27.53,32.69,76.59,-1.52,-16.74
2024-10-19,05:00,85.96,10.97,3.75,-5.13,3.15
2024-10-19,06:00,-32.33,19.28,74.87,6.03,-14.22
2024-10-19,07:00,35.74,57.11,-33.23,11.99,-1.2
2024-10-19,08:00,100.16,20.38,120.24,9.22,70.04
2024-10-19,09:00,98.35,12.35,-13.97,2.73,18.37
2024-10-19,10:00,52.96,5.25,49.39,14.65,21.43
2024-10-19,11:00,40.7,40.92,63.9,4.23,86.21
2024-10-19,12:00,55.71,0.12,-15.55,9.39,-7.57
2024-10-19,13:00,-7.37,13.84,99.65,7.41,74.48
2024-10-19,14:00,30.51,53.99,58.91,0.85,29.3
2024-10-19,15:00,49.61,-10.6,116.05,12.39,52.25
2024-10-19,16:00,83.26,49.31,66.57,6.71,78.46
2024-10-19,17:00,112.65,-10.88,-35.28,7.17,11.07
2024-10-19,18:00,-21.21,2.53,13.79,14.8,60.82
2024-10-19,19:00,5.12,51.59,6.76,11.34,49.76
2024-10-19,20:00,62.99,51.94,-3.43,7.38,90.41
2024-10-19,21:00,32.33,39.22,1.97,9.61,82.68
2024-10-19,22:00,94.49,-3.82,48.55,6.58,108.46
2024-10-19,23:00,96.45,22.33,21.73,7.11,103.78
2024-10-19,00:00,-5.72,9.85,16.38,8.87,-13.22
2024-10-20,01:00,96.79,30.64,-37.17,11.86,43.29
2024-10-20,02:00,13.24,-16.17,111.77,12.9,-19.25
2024-10-20,03:00,22.77,42.32,6.67,12.29,85.74
2024-10-20,04:00,86.64,27.44,149.19,12.53,47.16
2024-10-20,05:00,27.91,18.53,66.05,-3.74,86.45
2024-10-20,06:00,5.63,16.08,5.34,-2.17,71.34
2024-10-20,07:00,86.2,5.4,29.83,-1.64,74.17
2024-10-20,08:00,-24.35,47.72,129.25,-0.97,90.99
2024-10-20,09:00,77.18,47.98,79.63,-1.07,37.93
2024-10-20,10:00,15.63,44.96,128.05,2.86,34.29
2024-10-20,11:00,-13.3,57.55,-28.46,15.84,67.59
2024-10-20,12:00,18.99,37.97,21.52,2.51,90.45
2024-10-20,13:00,41.95,50.29,13.86,12.25,-1.77
2024-10-20,14:00,97.99,-15.3,2.07,3.13,8.37
2024-10-20,15:00,5.1,-13.3,125.25,7.57,-2.08
2024-10-20,16:00,70.68,-5.44,-13.28,11.11,27.3
2024-10-20,17:00,-25.5,22.84,99.02,7.89,22.03
2024-10-20,18:00,87.94,19.58,150.73,16.09,28.57
2024-10-20,19:00,131.03,-4.33,17.19,12.38,54.16
2024-10-20,20:00,130.6,28.83,27.31,2.7,47.92
2024-10-20,21:00,18.2,45.94,93.66,1.44,62.06
2024-10-20,22:00,60.44,51.22,132.38,13.97,5.24
2024-10-20,23:00,129.04,65.27,169.04,0.98,66.81
2024-10-20,00:00,-5.29,64.49,8.67,16.83,150.65
2024-10-21,01:00,86.25,55.69,117.76,3.86,72.76
2024-10-21,02:00,51.18,20.32,99.2,11.57,4.35
2024-10-21,03:00,59.99,0.51,30.6,3.58,7.77
2024-10-21,04:00,53.93,18.24,123.23,4.39,77.67
2024-10-21,05:00,66.98,14.33,98.97,12.23,33.14
2024-10-21,06:00,12.9,49.95,81.52,1.19,39.27
2024-10-21,07:00,59.73,43.05,35.93,10.97,10.91
2024-10-21,08:00,9,22.98,21.46,14.66,95.83
2024-10-21,09:00,64.26,56.85,65.62,14.54,78.33
2024-10-21,10:00,114.13,-13.18,72.67,10.11,-8.53
2024-10-21,11:00,77.64,43.61,-0.11,-0.49,82.73
2024-10-21,12:00,80.55,-6.43,74.77,15.55,24.45
2024-10-21,13:00,10.12,51.74,3.67,10.58,54.75
2024-10-21,14:00,67.08,56.81,52.94,7.29,25.02
2024-10-21,15:00,59.91,41.26,-18.49,0.95,-11.55
2024-10-21,16:00,65.49,48.09,-43.51,0,66.11
2024-10-21,17:00,62.52,58.06,-21.02,10.31,49.74
2024-10-21,18:00,-18.32,17.61,79.06,1.94,81.93
2024-10-21,19:00,-3.45,38.69,-14.05,11.26,86.01
2024-10-21,20:00,115.72,66.18,93.12,12.28,106.37
2024-10-21,21:00,86.65,72.58,92.55,13.69,108.55
2024-10-21,22:00,141.07,51.83,117.37,3.78,31.11
2024-10-21,23:00,115.46,54.01,102.01,14.1,100.9
2024-10-21,00:00,72.99,-4.12,59.83,6.58,22.34
2024-10-22,01:00,-9.61,34.09,138.92,-1.65,33.96
2024-10-22,02:00,2.55,23.26,111.88,-1.91,16.87
2024-10-22,03:00,42.71,-6.78,58.51,-1.77,39.9
2024-10-22,04:00,58.3,23.6,-2.24,6.81,71.81
2024-10-22,05:00,73.56,-4.91,86.57,3.29,23.43
2024-10-22,06:00,62.02,54,23.48,0.97,78.75
2024-10-22,07:00,9.09,27.93,-3.24,2.96,-13.99
2024-10-22,08:00,101.53,69.37,40.04,20.9,28.06
2024-10-22,09:00,133.46,17.22,36.12,10.85,17.4
2024-10-22,10:00,64.99,41.56,-17.37,5.38,35.1
2024-10-22,11:00,28.6,53.73,11.16,14.73,46.66
2024-10-22,12:00,0.8,23.18,89.72,8.43,22.69
2024-10-22,13:00,59.33,-2.62,25.98,9.39,63.34
2024-10-22,14:00,94.68,29.06,-1.79,-1.94,70.24
2024-10-22,15:00,76.59,0.77,-40.17,6.36,40.86
2024-10-22,16:00,105.09,-2.69,-20.75,0.11,63.57
2024-10-22,17:00,101.82,13.83,80.16,5.28,30.31
2024-10-22,18:00,27.24,16.21,-25.54,13.41,-11.64
2024-10-22,19:00,71.41,23.02,-13.33,7.05,77.14
2024-10-22,20:00,95.56,55.46,123.23,0.69,75.84
2024-10-22,21:00,39.73,53.44,80.81,3.73,121.38
2024-10-22,22:00,128.18,52.65,17.42,18.35,24.57
2024-10-22,23:00,96.17,68.18,60.94,7.44,69.82
2024-10-22,00:00,77.16,48.13,100.7,0.97,64.69
2024-10-23,01:00,106.34,66.43,152.51,15.82,38.97
2024-10-23,02:00,115.61,64.53,115.18,3.89,68.95
2024-10-23,03:00,-8.96,37.02,51.17,11.01,57
2024-10-23,04:00,40.57,62.8,13.55,5.43,50
2024-10-23,05:00,29.93,35.24,130.03,6.07,4.92
2024-10-23,06:00,24.82,65.59,145.82,5.51,49.28
2024-10-23,07:00,22.51,38.99,94.59,12.84,79.45
2024-10-23,08:00,75.51,77.71,172.54,21.49,74.6
2024-10-23,09:00,5.27,15.43,48.59,10.57,90.44
2024-10-23,10:00,82.37,6.08,39.47,9.15,72.25
2024-10-23,11:00,-13.68,53.8,127.31,7.82,71.81
2024-10-23,12:00,10.68,9.98,71.99,14.4,-6.59
2024-10-23,13:00,31.53,-1.77,109.6,4.86,37.96
2024-10-23,14:00,78.1,40.48,1.3,-1.88,-5.86
2024-10-23,15:00,50.84,37.61,-8.06,8.96,16.34
2024-10-23,16:00,89.55,10.34,-6.49,13.58,32.97
2024-10-23,17:00,75.54,34.44,26.39,-0.43,18.07
2024-10-23,18:00,85.18,57.33,-23.57,6.94,49.31
2024-10-23,19:00,79.88,8.79,9.08,11.61,70.32
2024-10-23,20:00,37.13,23.27,48.68,13.11,75.79
2024-10-23,21:00,41.97,70.16,163.55,1.6,60.73
2024-10-23,22:00,121.5,49.51,64.01,5.95,120.92
2024-10-23,23:00,20.58,45.87,113.36,4.09,107.08
2024-10-23,00:00,105.96,51.84,93.37,15.98,54.18
2024-10-24,01:00,66.02,41.12,20.45,17.11,70.9
2024-10-24,02:00,51.86,60.15,125.23,15.42,78.18
2024-10-24,03:00,109.19,13.53,31.85,10.86,83.31
2024-10-24,04:00,1.26,47,46.8,2.2,-12.7
2024-10-24,05:00,35.8,10.44,144.42,-2.06,42.21
2024-10-24,06:00,39.24,46.61,84.4,14.04,12.88
2024-10-24,07:00,140.85,30.31,120.26,13.16,105.9
2024-10-24,08:00,96.49,71.33,56.48,7.56,25.46
2024-10-24,09:00,44.91,48.92,153.42,11.48,99.96
2024-10-24,10:00,1.36,28.09,84.4,-1.94,4.7
2024-10-24,11:00,67.32,28.39,8.17,5.71,77.37
2024-10-24,12:00,61.3,4.85,-25.17,-0.63,65.71
2024-10-24,13:00,16.27,3.49,51.26,-0.72,44.06
2024-10-24,14:00,84.38,-5.22,99.7,6.55,42.46
2024-10-24,15:00,22.87,2.77,-23.51,9.35,63.76
2024-10-24,16:00,110.71,-1.37,-10.06,-2.9,72.29
2024-10-24,17:00,99.92,21.57,40.22,14.41,8.1
2024-10-24,18:00,20.78,3.06,-17.52,3.08,66.88
2024-10-24,19:00,11.65,43.87,141.7,9.05,42.94
2024-10-24,20:00,77.67,28.88,127.7,17.49,9.87
2024-10-24,21:00,35.39,75.06,173.11,4.54,66.43
2024-10-24,22:00,41.64,72.81,28.55,8.16,67.97
2024-10-24,23:00,138.17,60.12,70.93,15.73,46.22
2024-10-24,00:00,46.37,24.74,98.27,8.64,13.56
2024-10-25,01:00,61.3,9.23,112.05,3.77,97.06
2024-10-25,02:00,-10.22,57.92,-4.95,12.3,92.83
2024-10-25,03:00,-6.05,22.13,94.42,13.71,-2.56
2024-10-25,04:00,91.23,49.74,136.69,1.63,62.34
2024-10-25,05:00,-4.4,-11,82.44,4.62,42.63
2024-10-25,06:00,48.25,31.81,17.79,5.24,74.55
2024-10-25,07:00,80.93,41.22,1.62,3.99,60.76
2024-10-25,08:00,149.54,37.46,182.87,1.5,127.47
2024-10-25,09:00,-0.55,63.37,2.16,8.2,91.34
2024-10-25,10:00,-1.51,8.22,126.92,9.08,19.53
2024-10-25,11:00,5.09,-2.11,132.4,2.91,50.55
2024-10-25,12:00,26.03,-5.06,42.34,10,40.23
2024-10-25,13:00,44.61,-11.99,107.3,-1.37,54.91
2024-10-25,14:00,95.28,5.83,27.7,11.89,-13.49
2024-10-25,15:00,74.2,52.94,56.04,9.37,26.31
2024-10-25,16:00,66.73,-6.81,27.02,5.83,58.18
2024-10-25,17:00,8.49,52.45,-27.02,6.94,29.71
2024-10-25,18:00,57.83,-0.59,84.44,16.07,29.58
2024-10-25,19:00,104.05,26.76,43.53,11.1,25.41
2024-10-25,20:00,61.23,41.4,-7.93,14.06,16.99
2024-10-25,21:00,60,32.11,97.27,8.9,87.4
2024-10-25,22:00,104.39,13.49,163.29,15.41,62.21
2024-10-25,23:00,141.19,40.69,9.79,9.63,74.73
2024-10-25,00:00,104.14,11.01,133.68,9.46,52.95
2024-10-26,01:00,57.92,-0.08,159.75,-0.21,95.65
2024-10-26,02:00,71.05,60.52,-17.49,8.33,92.29
2024-10-26,03:00,20.13,7.15,87.01,5.44,63.23
2024-10-26,04:00,109.4,28.46,34.36,7.99,86.3
2024-10-26,05:00,-0.65,45.09,75.45,4.59,-12.11
2024-10-26,06:00,43.91,9.7,0.91,1.37,54.54
2024-10-26,07:00,-5.47,5.03,58.32,-0.18,38.02
2024-10-26,08:00,24.08,3.29,91.56,10.31,15.92
2024-10-26,09:00,61.91,9.43,127.47,1.01,76.83
2024-10-26,10:00,85.57,61.92,148.92,6.19,81.2
2024-10-26,11:00,60.25,39.1,57.11,9.22,17.39
2024-10-26,12:00,45.3,24.46,67.06,14.43,72.48
2024-10-26,13:00,-3.36,19.66,4.25,0.82,6.59
2024-10-26,14:00,54.98,19.4,68.23,13.62,50.89
2024-10-26,15:00,66.91,56.88,-29.13,3.73,26.7
2024-10-26,16:00,113.62,30.33,4.87,1.43,78.1
2024-10-26,17:00,39.31,16.93,43.85,-0.97,87.25
2024-10-26,18:00,93.96,48.66,41.91,12.93,82.49
2024-10-26,19:00,125.28,60.39,123.97,-2.75,84.22
2024-10-26,20:00,9.82,42.8,41.05,1.67,66.31
2024-10-26,21:00,9.33,18.31,138.87,3.67,81.48
2024-10-26,22:00,17.57,28.45,-18.07,10.22,1.75
2024-10-26,23:00,51.38,46.99,86,3.7,14.42
2024-10-26,00:00,16.31,0.19,119.61,7.32,52
2024-10-27,01:00,-12.87,-2.97,48.32,1.51,36.97
2024-10-27,02:00,33.05,44.09,21.41,7.93,43.35
2024-10-27,03:00,81.78,24.47,126.85,4.4,12.39
2024-10-27,04:00,46.14,-16.37,135.39,5.13,48.07
2024-10-27,05:00,72.71,31.22,3.23,11.87,79.65
2024-10-27,06:00,16.51,-2.46,58.71,4.98,8.15
2024-10-27,07:00,87.18,9.51,95.65,6.93,79.68
2024-10-27,08:00,79.6,57.39,-33.61,3.1,65.54
2024-10-27,09:00,104.78,49.76,30.35,14.77,96.15
2024-10-27,10:00,91.02,42.39,46.23,3.5,32.81
2024-10-27,11:00,21.3,5.41,35.53,-0.87,50.03
2024-10-27,12:00,54.69,14.71,-21.5,-0.14,54.96
2024-10-27,13:00,-7.84,31.74,36.41,8.79,88.52
2024-10-27,14:00,40.64,41.39,61.78,9.22,94.54
2024-10-27,15:00,50.6,1.35,5.75,2.71,-3.86
2024-10-27,16:00,2.65,50.62,-11.96,1.09,53.29
2024-10-27,17:00,108.95,26.32,-3.76,13.87,85.7
2024-10-27,18:00,125.85,58.39,145.92,3.44,91.53
2024-10-27,19:00,36.68,29.74,128.53,8.66,43.44
2024-10-27,20:00,82.46,25.74,5.95,11.97,112.58
2024-10-27,21:00,61.82,40.91,184.88,10.99,82.79
2024-10-27,22:00,143.65,25.92,50,4.22,56.74
2024-10-27,23:00,68.72,67.79,54.2,9.94,105.74
2024-10-27,00:00,108.43,64.75,158.78,5.27,16.13
2024-10-28,01:00,127.56,21.66,3.79,7.99,64.79
2024-10-28,02:00,36.04,22.37,74.22,11.37,21.59
2024-10-28,03:00,49.22,44.44,26.98,2.86,5.92
2024-10-28,04:00,63.54,3.78,26.72,-1.3,28.82
2024-10-28,05:00,97.06,-15.47,94.47,4.03,47.04
2024-10-28,06:00,102.16,50.81,85,11.92,28.97
2024-10-28,07:00,55.01,39.86,111.03,14,76.52
2024-10-28,08:00,52.32,11.02,4.26,9.18,28.36
2024-10-28,09:00,-3.94,64.55,137.34,10.03,68.33
2024-10-28,10:00,71.65,-8.89,57.55,6.55,37.66
2024-10-28,11:00,27.15,29.02,127.92,1.56,69.86
2024-10-28,12:00,38.54,6.62,119.97,11.57,-1.69
2024-10-28,13:00,48.77,20.56,-29.54,4.35,75.54
2024-10-28,14:00,93.73,41.99,64.41,0,83.54
2024-10-28,15:00,62.03,21.37,-5.05,10.56,6.62
2024-10-28,16:00,62.24,22.14,122.06,10.71,24.24
2024-10-28,17:00,4.77,35.43,8.05,4.62,18.11
2024-10-28,18:00,12.29,-9.48,-9.3,2.56,31.96
2024-10-28,19:00,83.08,71.24,121.62,0.55,37.97
2024-10-28,20:00,75.49,74.64,130.77,17.15,55.08
2024-10-28,21:00,78.78,28.03,141.03,8.06,64.72
2024-10-28,22:00,72.21,12.19,3,4.41,13.06
2024-10-28,23:00,110.34,53.04,127.1,12.74,85.01
2024-10-28,00:00,34.16,13.56,-1.25,3.17,105.34
2024-10-29,01:00,63.55,20.63,93.97,-1.64,97
2024-10-29,02:00,98.05,4.5,66.36,10.41,1.5
2024-10-29,03:00,104.87,59.69,129.56,-1.05,17.92
2024-10-29,04:00,30.46,17.87,133.18,3.32,78.45
2024-10-29,05:00,46.74,44.99,23.9,5.18,65.33
2024-10-29,06:00,73.95,16.88,67.95,-3.86,40.74
2024-10-29,07:00,6.83,17.66,145.94,7.62,-4.69
2024-10-29,08:00,109.47,17.85,112.63,5.75,104.62
2024-10-29,09:00,135.84,3.07,158.05,6.4,58.02
2024-10-29,10:00,115.71,58.87,87.09,1.63,67.36
2024-10-29,11:00,53.27,55.39,68.95,9.13,8.32
2024-10-29,12:00,92.42,20.99,-13.69,-0.61,79.05
2024-10-29,13:00,35.37,35.65,89.7,-0.23,34.07
2024-10-29,14:00,-25.58,46.23,26.57,9.41,-1.34
2024-10-29,15:00,18.96,-19.1,44.22,8.26,-14.49
2024-10-29,16:00,104.85,-8.58,22.56,5.76,88.13
2024-10-29,17:00,74.33,-12.34,32.75,8.81,87.99
2024-10-29,18:00,38.09,57.44,16.46,5.6,58.38
2024-10-29,19:00,121.25,50.89,84.72,4.41,32.18
2024-10-29,20:00,153.36,15.27,117.22,14.74,84.54
2024-10-29,21:00,130.99,14.97,88.53,14.22,62.44
2024-10-29,22:00,143.43,72.3,132.58,13.95,94.94
2024-10-29,23:00,46.4,79.26,104.1,8.66,96.15
2024-10-29,00:00,0.76,67.26,22.17,14.67,20.01
2024-10-30,01:00,2.53,33.45,63.59,8.9,-6.77
2024-10-30,02:00,92.3,58,64.64,8.1,86.49
2024-10-30,03:00,-5.07,62.26,-18.82,12.46,-17.57
2024-10-30,04:00,102.02,-8.07,77.3,13.92,61.33
2024-10-30,05:00,64.11,-7.19,24.72,9.7,21.79
2024-10-30,06:00,46.73,59.2,93.22,4.02,69.78
2024-10-30,07:00,69.52,55.22,124.16,9.74,89.78
2024-10-30,08:00,138.79,8.27,118.5,18.76,57.8
2024-10-30,09:00,115.61,67.08,-1.25,4.98,28
2024-10-30,10:00,3.17,55.32,109.96,9.25,49.6
2024-10-30,11:00,5.19,51.3,117.94,9.42,58.01
2024-10-30,12:00,64.34,35.95,57.07,1.69,22.96
2024-10-30,13:00,113.12,-2.89,-33.3,0.9,3.29
2024-10-30,14:00,19.87,9.27,2.94,0.24,58.32
2024-10-30,15:00,77.96,34.92,-23.33,14.01,-4.17
2024-10-30,16:00,68.7,-14.04,-1.26,4.32,47.63
2024-10-30,17:00,89.05,-3.21,114.02,15.35,92.64
2024-10-30,18:00,84.71,-6.62,129.64,8.94,53.45
2024-10-30,19:00,63.98,47.48,55.62,16.57,83.75
2024-10-30,20:00,148.79,1.26,124.29,12.75,11.46
2024-10-30,21:00,48.24,22.55,46.92,16.32,10
2024-10-30,22:00,89.43,14.23,125.75,18.34,106.06
2024-10-30,23:00,139.25,15.75,45.9,5.13,62.5
2024-10-30,00:00,99.41,21.08,7.03,17.02,61.35
2024-10-31,01:00,26.24,3.34,49.1,5.34,8.87
2024-10-31,02:00,80.55,16.76,71.54,6.29,-7.56
2024-10-31,03:00,16.57,11.15,99.91,9.54,90.22
2024-10-31,04:00,17.01,59.1,27.66,6.01,75.53
2024-10-31,05:00,99.82,-8.19,134.01,14.15,61.78
2024-10-31,06:00,72.71,-3.2,151.14,10.99,92.54
2024-10-31,07:00,66.59,54.9,12.38,16.35,2.66
2024-10-31,08:00,35.59,64.16,66.22,16.1,110.44
2024-10-31,09:00,51.04,17.3,119.11,13.25,84
2024-10-31,10:00,48.53,-2.19,138.27,10.9,55.91
2024-10-31,11:00,1.8,24.37,-12.93,3.51,68.37
2024-10-31,12:00,-5.24,-19.07,-33.83,-1.45,6.64
2024-10-31,13:00,-24.96,14.69,-16.71,-1.68,85.82
2024-10-31,14:00,79.26,26.65,14.22,4.26,65.4
2024-10-31,15:00,102.79,-5.9,135.35,10.14,-18.09
2024-10-31,16:00,41.9,46.97,30.02,-2.84,84.18
2024-10-31,17:00,93.59,25.36,101.51,10.14,13.95
2024-10-31,18:00,122.04,34.47,88.07,9.14,4.1
2024-10-31,19:00,46.16,28.05,155.82,7.94,111.93
2024-10-31,20:00,41.96,23.04,20.85,7.9,81.71
2024-10-31,21:00,147.19,62.19,89.35,3.32,21.82
2024-10-31,22:00,42.84,72.7,161.49,6.12,13.94
2024-10-31,23:00,81.28,80.79,59.45,11.69,65.42
2024-10-31,00:00,100.95,54.98,106.63,9.62,72.76
2024-11-01,01:00,50.99,11.5,45.45,11.07,23.37
2024-11-01,02:00,-5.44,7.13,124.38,-1.91,-11.89
2024-11-01,03:00,15.53,4.91,3.58,8.5,40.41
2024-11-01,04:00,46.79,59.14,122.9,4.66,12.8
2024-11-01,05:00,117.78,33.5,73.29,2.2,1.4
2024-11-01,06:00,58.84,9.06,126.3,8.06,92.13
2024-11-01,07:00,89.4,66.22,29.67,4.87,16.95
2024-11-01,08:00,70.84,73.79,19.42,10.12,41.78
2024-11-01,09:00,23.71,56.69,62.66,7.52,73.77
2024-11-01,10:00,25.34,24.86,31.7,4.08,77.06
2024-11-01,11:00,1.2,50.96,61.87,-0.46,46.78
2024-11-01,12:00,-18.68,-3.53,57.51,1.55,63.06
2024-11-01,13:00,-20.94,53.52,115.42,7.77,9.73
2024-11-01,14:00,-23.2,60.24,24.43,-0.44,37.28
2024-11-01,15:00,-6.04,55.25,-12.86,3.04,-8.73
2024-11-01,16:00,72,29.7,101.58,11.09,10.73
2024-11-01,17:00,68.04,18.92,65.99,-0.38,-9.41
2024-11-01,18:00,97.29,32.13,112.63,11.23,62.28
2024-11-01,19:00,121.14,2.61,135.34,1.95,85.32
2024-11-01,20:00,21.7,37.18,44.73,5.26,133.63
2024-11-01,21:00,128.97,44.09,13.77,10.84,93
2024-11-01,22:00,107.11,47.27,69.02,11.35,116.03
2024-11-01,23:00,100.87,13.8,176.26,15.94,74.83
2024-11-01,00:00,109.88,45.81,69.78,9.61,94.53
2024-11-02,01:00,97.87,14.79,83.47,16.59,75.71
2024-11-02,02:00,-3.45,13.71,20.24,11.48,76.52
2024-11-02,03:00,101.55,18.18,125.33,0.4,80.12
2024-11-02,04:00,7.47,68.45,144.89,11.37,68.45
2024-11-02,05:00,-21.73,63.39,142.38,-1.86,79.28
2024-11-02,06:00,-13.94,51.15,54.48,8.8,-11.76
2024-11-02,07:00,63.5,33.7,145.55,1.2,42.74
2024-11-02,08:00,111.05,39.59,126.42,5.17,10.96
2024-11-02,09:00,1.83,46.52,109.54,16.91,78.57
2024-11-02,10:00,66.49,36.19,139.14,5.18,75.15
2024-11-02,11:00,0.18,50.78,141.91,10.68,23.82
2024-11-02,12:00,48.24,-1.83,121.9,7.46,51.97
2024-11-02,13:00,7.95,-8.02,110.58,6.28,0.31
2024-11-02,14:00,108.05,23.09,129.22,8.58,84.59
2024-11-02,15:00,92.55,57.89,96.98,0.72,72.16
2024-11-02,16:00,85.26,16.59,26.42,10.72,69.23
2024-11-02,17:00,-9.32,3.58,-15.98,1.67,-16.3
2024-11-02,18:00,-17.17,0.32,40.03,4.28,55.94
2024-11-02,19:00,86.53,-3.42,131.72,10.06,-8.24
2024-11-02,20:00,52.18,54.79,36.33,11.74,75.68
2024-11-02,21:00,100.34,74.32,19.34,0.71,95.29
2024-11-02,22:00,137.67,35.29,110.75,14.72,98.62
2024-11-02,23:00,122.24,27.83,126.31,4.53,102.93
2024-11-02,00:00,16.73,-1.73,58.89,6.28,79.44
2024-11-03,01:00,75.32,46.58,8.72,9.17,33.4
2024-11-03,02:00,110.36,55.35,15.67,2.43,94.05
2024-11-03,03:00,0.77,36.62,-37.8,12.46,7.77
2024-11-03,04:00,41.78,64.69,109.27,9.23,2.04
2024-11-03,05:00,88.68,24.28,95.25,9.88,-10.36
2024-11-03,06:00,-19.11,19.01,92.59,5.91,30.05
2024-11-03,07:00,21.31,58.72,56.36,0.95,36.26
2024-11-03,08:00,100.48,0.75,148.57,3.31,78.53
2024-11-03,09:00,120.74,14.43,94.53,10.86,101.41
2024-11-03,10:00,73.43,58.54,32.42,7.64,31.68
2024-11-03,11:00,46.3,67.39,53.17,7.74,61.8
2024-11-03,12:00,72.32,25.78,43.08,-0.42,35.43
2024-11-03,13:00,33.2,61.4,44.31,-1.75,77.65
2024-11-03,14:00,81.09,26.48,-34.2,7.61,73.46
2024-11-03,15:00,20.62,51.39,86.14,13.27,45.96
2024-11-03,16:00,-0.14,44.99,8.06,5.27,-9.55
2024-11-03,17:00,-9.86,61.45,90.59,5.97,-4.17
2024-11-03,18:00,110.68,34.24,73.34,1.28,85.25
2024-11-03,19:00,11.2,68.22,101.99,0.97,72.11
2024-11-03,20:00,141.06,52.41,66.55,15.34,54.99
2024-11-03,21:00,9.31,23.43,84.57,21.46,27.57
2024-11-03,22:00,41.9,19.22,161.65,13.59,79.83
2024-11-03,23:00,38.41,8.8,5.67,13.22,97.48
2024-11-03,00:00,107.62,15.33,41.65,8.77,-5.8
2024-11-04,01:00,73.22,56.73,130.65,8.68,77.77
2024-11-04,02:00,80.66,28.78,-16.34,8.85,50.5
2024-11-04,03:00,102.71,38.13,113.89,-1.52,46.91
2024-11-04,04:00,77.85,50.05,131.27,8.25,47.81
2024-11-04,05:00,54.45,54.02,-23.17,13.07,27.99
2024-11-04,06:00,106.29,19.05,-10.05,9.26,45.76
2024-11-04,07:00,83.18,37.44,11.6,6.32,36.02
2024-11-04,08:00,46.63,20.85,133,14.2,89.37
2024-11-04,09:00,84.39,31.98,74.35,6.01,50
2024-11-04,10:00,1.25,52.25,46.67,14.49,11.62
2024-11-04,11:00,19.95,-1.9,20.02,8.13,86.44
2024-11-04,12:00,37.58,7.99,58.37,-0.47,-13.07
2024-11-04,13:00,29.19,5.18,-4.62,4.48,55.9
2024-11-04,14:00,-19.74,18.44,-19.05,0.42,-9.53
2024-11-04,15:00,36.64,-12.25,12.6,-1.07,-14.6
2024-11-04,16:00,-9.59,14.2,127.17,13.65,42.64
2024-11-04,17:00,2.1,29.11,62.87,3.32,78.16
2024-11-04,18:00,90.54,-5.35,74.22,11.61,38.31
2024-11-04,19:00,8.59,24.1,31.01,9.42,28.83
2024-11-04,20:00,125.72,28.95,101.1,16.1,10.71
2024-11-04,21:00,125.4,29.73,90.82,18.4,58.03
2024-11-04,22:00,153.38,30.69,126.33,5.79,67.76
2024-11-04,23:00,113.16,67.39,144.19,15.13,63
2024-11-04,00:00,11.82,76.29,72.83,6.4,79.16
2024-11-05,01:00,86.25,59.89,36.5,2.06,98.52
2024-11-05,02:00,101.56,62.43,-0.43,13.11,53.44
2024-11-05,03:00,110.89,40.3,33.17,6.39,-1.29
2024-11-05,04:00,22.45,3.93,0.63,10.16,95.33
2024-11-05,05:00,75.79,42.11,0.36,4.92,84.27
2024-11-05,06:00,118.35,-0.22,86.78,11.9,50.82
2024-11-05,07:00,124.67,3.38,46.73,4.9,89.63
2024-11-05,08:00,70.74,77.77,107.56,7.74,67.57
2024-11-05,09:00,105.61,66.66,190.63,15.46,108.89
2024-11-05,10:00,101.28,61.62,83.37,12.08,52.93
2024-11-05,11:00,92.54,59.03,74.81,14.07,16.28
2024-11-05,12:00,113.3,63.63,52.24,0.32,43.98
2024-11-05,13:00,58.92,45.61,140.59,5.88,19.4
2024-11-05,14:00,40.63,58.52,36.7,4.32,-10.49
2024-11-05,15:00,120.14,40.95,20.96,0.37,9.56
2024-11-05,16:00,-18.95,27.43,-13.99,10.63,-6
2024-11-05,17:00,106.21,58.23,118.27,8.59,41.29
2024-11-05,18:00,82.09,45.39,90.19,14.83,79.35
2024-11-05,19:00,151.52,50.83,37.28,17.82,89.76
2024-11-05,20:00,136.04,23.64,112.58,20.12,115.9
2024-11-05,21:00,150,84.01,58.56,12.83,77.57
2024-11-05,22:00,103.91,47.05,121.66,10.22,129.32
2024-11-05,23:00,91.96,49.72,70,20.7,101.4
2024-11-05,00:00,164.13,86.55,194.04,15.96,97.59
2024-11-06,01:00,92.19,72.04,143.58,12.37,74.21
2024-11-06,02:00,73.11,44.84,56.37,7.64,50.43
2024-11-06,03:00,22.29,59.04,155.22,0.05,-1.94
2024-11-06,04:00,108.35,29.51,134.05,0.55,73.06
2024-11-06,05:00,32.08,23.94,102.65,11.04,44.42
2024-11-06,06:00,43.95,71.31,169.11,12.02,67.86
2024-11-06,07:00,112.35,85.52,119.25,15.3,78.69
2024-11-06,08:00,74.4,49.56,159.78,9.73,107.27
2024-11-06,09:00,140.75,67.94,99.95,10.53,130.25
2024-11-06,10:00,55.77,8.31,76.9,11.7,90.89
2024-11-06,11:00,19.5,50.77,117.38,2.29,100.28
2024-11-06,12:00,11.25,16.95,137.29,2.97,23.52
2024-11-06,13:00,45.89,59.14,103.21,16.74,100.62
2024-11-06,14:00,58.34,30.88,24.19,2.61,20.29
2024-11-06,15:00,3.61,44.59,129.6,1.11,87.48
2024-11-06,16:00,61.13,21.34,103.53,8.58,32.91
2024-11-06,17:00,76.48,41.96,50.33,-0.64,64.55
2024-11-06,18:00,24.26,6.63,114.45,10.71,58.29
2024-11-06,19:00,52.42,51.79,176.08,19.6,63.68
2024-11-06,20:00,64.29,24.99,214.89,19.52,132.08
2024-11-06,21:00,107.52,73.38,137.17,13.01,91.93
2024-11-06,22:00,171.79,91.2,159.97,12.09,74.39
2024-11-06,23:00,120.3,46.27,148.76,15.31,95.7
2024-11-06,00:00,117.68,32.75,166.75,14.67,104.37
2024-11-07,01:00,82.8,61.34,85.93,15.89,70.89
2024-11-07,02:00,81.51,46.59,70.31,18.95,77.66
2024-11-07,03:00,78.56,31.96,110.94,9.85,73.03
2024-11-07,04:00,92.47,31.4,55.35,7.86,69.19
2024-11-07,05:00,105.43,75.09,64.4,17.15,108.94
2024-11-07,06:00,101.91,68.01,193.61,14.23,51.62
2024-11-07,07:00,74.09,60.04,199.15,9.76,48.22
2024-11-07,08:00,55.7,42.21,140.9,11.76,134.68
2024-11-07,09:00,65.61,29.15,123.13,21.67,73.68
2024-11-07,10:00,133.15,35.17,157.07,10.93,16.89
2024-11-07,11:00,19.95,42.06,94.21,1.87,70.17
2024-11-07,12:00,36.45,7.31,50.15,10.73,51.12
2024-11-07,13:00,14.37,55.28,67.3,5.03,101.33
2024-11-07,14:00,29.45,14.94,17.76,4.27,68.34
2024-11-07,15:00,89.86,31,105.16,14.02,29.95
2024-11-07,16:00,97.37,19.44,104.98,8.35,74.16
2024-11-07,17:00,12.12,-1.21,75.9,12.94,6.19
2024-11-07,18:00,13.24,64.01,16.52,17.52,19.74
2024-11-07,19:00,122.16,56.66,19.16,12.97,124.06
2024-11-07,20:00,80.54,39.89,200,5.58,134.51
2024-11-07,21:00,120.63,34.63,78.82,21.91,133.94
2024-11-07,22:00,66.1,63.47,227.89,23.82,115.73
2024-11-07,23:00,130.95,50.63,150.89,11.99,130.16
2024-11-07,00:00,52.49,73.73,231.95,13.23,103.48
2024-11-08,01:00,36.5,82.78,177.31,15.25,75.8
2024-11-08,02:00,34.7,51.67,126.01,16.71,115.07
2024-11-08,03:00,21.85,58.01,41.67,15.26,36.83
2024-11-08,04:00,131.81,75.53,193.03,-0.11,28.11
2024-11-08,05:00,82.29,5.98,143.84,15.23,32.84
2024-11-08,06:00,117.15,60.5,200.02,6.89,66.4
2024-11-08,07:00,97.83,18.38,124.4,6.95,28.49
2024-11-08,08:00,175.74,41.65,129.37,16.62,93.03
2024-11-08,09:00,127.12,20.46,174.8,18.26,132.39
2024-11-08,10:00,70.79,45.69,167.29,11.17,110.47
2024-11-08,11:00,128.89,18.85,156.28,15.08,17.59
2024-11-08,12:00,10.41,49.91,58.4,14.99,82.23
2024-11-08,13:00,81.96,53.06,111.31,15.58,79.71
2024-11-08,14:00,81.09,21.43,-0.32,5.87,66.5
2024-11-08,15:00,125.46,29.17,96.37,9.13,-16.14
2024-11-08,16:00,9.38,39.47,0.25,7.29,34.98
2024-11-08,17:00,84.6,43.21,106.46,0.45,-2.34
2024-11-08,18:00,2.88,-3.55,112.77,7.76,21.25
2024-11-08,19:00,23.5,61.52,9.64,10.25,24.03
2024-11-08,20:00,86.67,61.18,21.26,14.72,80.75
2024-11-08,21:00,84.78,15.17,29.57,15.25,66.82
2024-11-08,22:00,47.82,18.33,76.3,16.89,101.02
2024-11-08,23:00,89.2,17.45,151.92,9.85,93.5
2024-11-08,00:00,49.14,76.4,150.13,19.79,72.48
2024-11-09,01:00,101.2,29.65,94.11,4.07,114.59
2024-11-09,02:00,7.59,44.1,86.4,10.22,91.65
2024-11-09,03:00,65.12,54.29,169.23,16.88,15.12
2024-11-09,04:00,-3.71,37.89,35.71,16.27,27.71
2024-11-09,05:00,134.29,61.2,118.81,13.62,18.81
2024-11-09,06:00,135.12,12.77,54.79,5.34,78.27
2024-11-09,07:00,98.69,38.93,43.03,8.7,89.93
2024-11-09,08:00,138.98,14.43,31.05,14.54,98.43
2024-11-09,09:00,140,40.02,47.73,13.42,39.99
2024-11-09,10:00,119.07,71.54,160.85,17.85,62.69
2024-11-09,11:00,130.43,0.12,77.46,9.94,17.46
2024-11-09,12:00,53.2,47.65,79.27,5.71,6.3
2024-11-09,13:00,23.18,33.15,-11.94,11.55,91.71
2024-11-09,14:00,34.29,2.86,-15.86,7.98,68.43
2024-11-09,15:00,121.12,-9.5,148.12,6.57,3.8
2024-11-09,16:00,17.47,12.49,8.05,12.56,97.76
2024-11-09,17:00,68.34,64.8,118.91,2.36,59.53
2024-11-09,18:00,39.24,54.02,20.69,4.84,89.87
2024-11-09,19:00,145.17,14.9,38.6,12.42,49.39
2024-11-09,20:00,82.48,37.02,109.36,4.49,115.7
2024-11-09,21:00,72.43,39.35,45.89,2.9,101.77
2024-11-09,22:00,35.36,20.42,117.73,19.87,94.68
2024-11-09,23:00,112.16,44.37,130.94,11.25,47.05
2024-11-09,00:00,154.2,13.63,134.65,5.5,101.88
2024-11-10,01:00,83.35,15.99,141.41,9.71,80.08
2024-11-10,02:00,130.58,30.62,81.06,3.13,5.94
2024-11-10,03:00,51.27,35.12,153.08,10.22,32.29
2024-11-10,04:00,7.25,35.38,91.18,10.31,20.15
2024-11-10,05:00,37.64,56.06,77.51,8.65,40.09
2024-11-10,06:00,138.04,19.41,119.25,10.13,69.3
2024-11-10,07:00,60.34,31.88,99.87,18.68,54.56
2024-11-10,08:00,130.64,19.25,92.56,6.82,90.38
2024-11-10,09:00,93.06,32.99,152.92,19.4,95.09
2024-11-10,10:00,148.91,71.44,122.34,9.97,78.28
2024-11-10,11:00,126.52,23.16,169.9,8.25,38.02
2024-11-10,12:00,85.59,12.71,58.86,2.12,83.81
2024-11-10,13:00,93.36,23.8,78.46,10.68,98.92
2024-11-10,14:00,51.3,-3.58,128.91,3.04,14.41
2024-11-10,15:00,21.38,66.68,77.97,2.42,97.22
2024-11-10,16:00,108.1,69.73,92.1,15.13,68.07
2024-11-10,17:00,47.36,55.58,60.7,5.92,8.62
2024-11-10,18:00,79.81,62.35,92.25,11.92,10.18
2024-11-10,19:00,165.47,36.42,92.45,18.74,31.78
2024-11-10,20:00,98.82,15.05,141.82,4.5,41.27
2024-11-10,21:00,170.77,33.26,72.82,15.66,98.51
2024-11-10,22:00,153.11,63.4,103.13,16.81,104.21
2024-11-10,23:00,114.51,80.59,176.17,10.23,39.34
2024-11-10,00:00,138.72,49.21,63.94,8.32,105.43
2024-11-11,01:00,62.4,19.12,40.91,23.24,108.02
2024-11-11,02:00,39.21,13.4,14.48,14.67,56.7
2024-11-11,03:00,136.71,9.78,55.38,15.99,-1.38
2024-11-11,04:00,93.97,35.44,14.66,6.23,102.94
2024-11-11,05:00,53.71,68.49,61.13,13.94,68.18
2024-11-11,06:00,72.33,66.77,33,20.33,57.25
2024-11-11,07:00,48.47,12.77,95.45,13.97,113.93
2024-11-11,08:00,73.98,81.14,130.93,23.45,75.73
2024-11-11,09:00,60.38,31.68,40,5.04,74.06
2024-11-11,10:00,21.19,28.78,72.33,10.15,26.28
2024-11-11,11:00,96.16,22.42,130.78,10.87,64.02
2024-11-11,12:00,67.83,27.83,99.54,9.42,-1.33
2024-11-11,13:00,47.41,16.52,69.21,11.2,36.53
2024-11-11,14:00,86.54,41.12,-14.62,6.05,67.22
2024-11-11,15:00,55.81,4.05,103.91,4.42,55.13
2024-11-11,16:00,12.11,7.56,-11.98,15.82,21.62
2024-11-11,17:00,49.95,34.54,57.87,3.27,95.39
2024-11-11,18:00,99.21,10.41,31.01,16.55,77.77
2024-11-11,19:00,128.39,60.68,10.67,6.8,102.78
2024-11-11,20:00,62.78,44.65,155.35,18.7,22.29
2024-11-11,21:00,173,32.71,85.57,23.88,124.06
2024-11-11,22:00,150.14,81.02,88.33,16.82,131.99
2024-11-11,23:00,145.59,83.67,155.67,21.8,40.95
2024-11-11,00:00,19.41,79.13,11.31,21.95,59.72
2024-11-12,01:00,53.73,40.9,143.24,4.11,93.25
2024-11-12,02:00,36.13,11.05,159.25,14.66,8.08
2024-11-12,03:00,79.01,42.94,114.55,1.09,82.36
2024-11-12,04:00,59.02,5.38,43.62,11,34.45
2024-11-12,05:00,4.41,11.19,-7.97,2.69,47.93
2024-11-12,06:00,26.37,37.4,118.22,17.98,18.73
2024-11-12,07:00,113.1,78.83,80.84,19.91,32.24
2024-11-12,08:00,49.54,88.19,23.38,17.66,138.77
2024-11-12,09:00,66.67,13.92,171.32,12.28,80.96
2024-11-12,10:00,26.66,20.16,148.8,8.65,35.67
2024-11-12,11:00,82.24,8.57,119.83,17.12,0.46
2024-11-12,12:00,106.73,56.68,-7.11,10.47,38.23
2024-11-12,13:00,4.35,27.17,-2.24,-1.1,61.92
2024-11-12,14:00,35.01,58.98,99.54,5.09,69.08
2024-11-12,15:00,-9.36,59.48,6.31,7.63,21.51
2024-11-12,16:00,87.04,3.5,119.42,-0.66,83.76
2024-11-12,17:00,122.62,26.22,40.83,11.52,97.31
2024-11-12,18:00,7.85,15.72,76.81,8.13,20.73
2024-11-12,19:00,136.2,50.9,36.83,6.32,30.49
2024-11-12,20:00,59.14,39.79,44.01,20.3,109.36
2024-11-12,21:00,167.5,87.21,58.98,20.53,94.79
2024-11-12,22:00,164.52,74.5,169.59,24.9,61.27
2024-11-12,23:00,143.18,73.17,143.61,8.14,62.97
2024-11-12,00:00,82.71,70.07,166.41,15.08,12.85
2024-11-13,01:00,20.51,68.07,62.73,19.23,23.07
2024-11-13,02:00,97.7,4.97,135.97,14.74,56.24
2024-11-13,03:00,79.59,3.25,45.94,0.12,0.32
2024-11-13,04:00,6.56,7.55,45.63,7.45,72.61
2024-11-13,05:00,50.7,48.29,90.54,1.63,96.74
2024-11-13,06:00,136.08,73.53,103.53,2.54,22.37
2024-11-13,07:00,56.67,76.5,146.65,13.89,68.54
2024-11-13,08:00,138.23,54.88,78.07,18.34,135.69
2024-11-13,09:00,144.52,70.63,44.79,19,41.91
2024-11-13,10:00,91.32,41.1,88.89,11.87,93.61
2024-11-13,11:00,97.69,30.94,61.35,4.62,62.37
2024-11-13,12:00,126.37,29.08,32.49,9.14,5.29
2024-11-13,13:00,125.34,17.87,48.68,10.32,6.77
2024-11-13,14:00,83.47,48.03,42.61,9.78,14.4
2024-11-13,15:00,-5.96,49.15,66.17,0.89,47.92
2024-11-13,16:00,-10.46,60.32,79.96,1.5,67.47
2024-11-13,17:00,5.48,23.7,126.09,7.06,11.41
2024-11-13,18:00,57.84,0.37,122.49,-0.85,83.78
2024-11-13,19:00,68.04,35.01,83.06,18.45,72.03
2024-11-13,20:00,149.27,42.12,65.87,14.53,45.45
2024-11-13,21:00,155.61,68.08,63.85,17.99,96.27
2024-11-13,22:00,76.65,65.96,75.97,21.23,67.24
2024-11-13,23:00,84.35,51.46,177.33,11.21,27.58
2024-11-13,00:00,26.68,33.57,128.25,11.98,97.26
2024-11-14,01:00,52.39,18.51,71.1,6.49,0.92
2024-11-14,02:00,62.17,50.59,67.15,16.34,17.28
2024-11-14,03:00,45.73,-1.68,90.59,0.19,48.78
2024-11-14,04:00,86.83,31.38,80.46,2.4,45.38
2024-11-14,05:00,2.08,13.76,29.82,13.75,23.89
2024-11-14,06:00,129.02,69.47,145.5,6.32,67.32
2024-11-14,07:00,79.48,61.45,31.04,17.78,72.81
2024-11-14,08:00,131.26,23.21,40.02,9.98,68.83
2024-11-14,09:00,102.91,40.22,104.76,20.67,30.16
2024-11-14,10:00,88.82,31.14,161.88,13.72,51.08
2024-11-14,11:00,120.06,7.07,149.71,16.01,49.95
2024-11-14,12:00,-8.64,-0.96,125.38,3.62,54.68
2024-11-14,13:00,34.92,43.48,58.25,-0.31,91.78
2024-11-14,14:00,31.39,11.26,97.89,1.11,67.16
2024-11-14,15:00,-6.64,6.83,31.08,10.98,25.88
2024-11-14,16:00,91.1,55.54,26.35,-0.52,-9.36
2024-11-14,17:00,32.12,55.31,102.13,8.16,27.02
2024-11-14,18:00,18.52,67.06,41.78,7.52,10.98
2024-11-14,19:00,27.24,11.33,144.05,19.32,105.35
2024-11-14,20:00,109.1,38.84,101.62,6.45,21.79
2024-11-14,21:00,54.37,49.54,53.5,5.31,57.01
2024-11-14,22:00,138.33,73.76,150.81,9.62,112.41
2024-11-14,23:00,166.77,45.53,182.68,13.98,73.77
2024-11-14,00:00,82.95,22.79,106.25,17,45.52
2024-11-15,01:00,136.26,13.21,39.84,16.6,7.16
2024-11-15,02:00,114.42,67.25,-3.1,17.08,52.29
2024-11-15,03:00,38,52.34,76.12,0.98,36.28
2024-11-15,04:00,-17.25,51.39,135.72,3.32,-4.04
2024-11-15,05:00,23.42,65.75,46.73,10.7,75.05
2024-11-15,06:00,96.88,24.42,8.52,10.56,63.69
2024-11-15,07:00,72.6,41.93,116.33,10.75,19.57
2024-11-15,08:00,61.54,28.13,152.53,17.08,64.2
2024-11-15,09:00,77.06,8.95,105.04,18.22,37.84
2024-11-15,10:00,126.43,25.29,167.16,4.67,35.53
2024-11-15,11:00,22.09,-1.93,26.07,14.31,10.08
2024-11-15,12:00,19.56,12.13,86.75,6.29,66.84
2024-11-15,13:00,65.98,21.66,26.91,16.44,-17.89
2024-11-15,14:00,67.93,50.62,84.99,14.52,21.05
2024-11-15,15:00,17.2,23.08,99.51,10.43,53.52
2024-11-15,16:00,-25.68,61.85,-30.49,5.59,89.3
2024-11-15,17:00,1.72,52.85,57.78,10.82,42.18
2024-11-15,18:00,71.83,18.31,120.3,7.08,28.23
2024-11-15,19:00,26.62,32.3,13.95,5.59,55.06
2024-11-15,20:00,102.69,23.13,30.75,18.33,37.27
2024-11-15,21:00,50.7,59.78,31.4,5.35,27.58
2024-11-15,22:00,155.17,14.65,153.86,5.87,59.51
2024-11-15,23:00,72.82,26.44,82.18,6.5,23.09
2024-11-15,00:00,125.15,55.53,21.29,2.04,46.31
2024-11-16,01:00,-6.43,73.17,47.81,6.37,15.65
2024-11-16,02:00,105.39,54.66,120.54,16.8,66.68
2024-11-16,03:00,37.11,13.37,56.33,4.51,39.42
2024-11-16,04:00,-2.74,66.87,7.14,2.95,48.71
2024-11-16,05:00,91.31,9.75,64.23,3.89,6.4
2024-11-16,06:00,-15.2,28.9,95.92,13.5,29.13
2024-11-16,07:00,105.73,4.06,79.29,0.3,74.92
2024-11-16,08:00,-2.32,75.75,147.62,13.5,105
2024-11-16,09:00,118.39,28.25,106.94,16.59,6.04
2024-11-16,10:00,41.85,41.74,2.97,6.86,113.54
2024-11-16,11:00,76.69,38.23,120.46,1.3,109.05
2024-11-16,12:00,113.76,13.33,118.45,1.37,72.38
2024-11-16,13:00,103.63,43.23,7.72,13.91,10.38
2024-11-16,14:00,14.93,13.85,57.15,3.44,60.08
2024-11-16,15:00,96.71,48.8,122.36,-0.81,-6.79
2024-11-16,16:00,58.53,49.46,116.58,12.07,47.56
2024-11-16,17:00,100.5,58.19,130.7,10.24,69.91
2024-11-16,18:00,99.52,16.72,23.85,6.59,42.37
2024-11-16,19:00,111.55,2.68,43.71,8.26,23.04
2024-11-16,20:00,37.68,44.25,68.61,14.95,24.85
2024-11-16,21:00,105.4,54.88,39.35,12.23,44.84
2024-11-16,22:00,75.2,45.44,137.44,11.69,72.35
2024-11-16,23:00,29.19,42.02,53.39,9.06,40.16
2024-11-16,00:00,6.38,67.35,164.38,9.14,69.24
2024-11-17,01:00,9.81,4.21,49.98,8.08,44.05
2024-11-17,02:00,96.63,17.85,4.61,15.28,28.69
2024-11-17,03:00,-1.69,17.69,-3.18,-0.42,52.27
2024-11-17,04:00,2.77,53.4,98.75,4.69,76.85
2024-11-17,05:00,18.84,1.71,69.61,3.59,86.56
2024-11-17,06:00,58.89,15.17,74.43,7.11,-4.07
2024-11-17,07:00,32.45,40.74,143.48,10.5,37.89
2024-11-17,08:00,47.97,65.78,146.26,8.34,104.56
2024-11-17,09:00,55.11,66.2,31.43,14.38,27.42
2024-11-17,10:00,22.76,31.56,69.69,4,12.57
2024-11-17,11:00,142.77,27.41,195.18,19.88,74.55
2024-11-17,12:00,44.01,71.58,114.11,17.41,102.24
2024-11-17,13:00,22.45,12.07,164.48,4,85.5
2024-11-17,14:00,108.23,26.78,83.89,4.67,114.39
2024-11-17,15:00,61.66,13.82,189.32,14.27,93.77
2024-11-17,16:00,101.42,37.41,29.6,3.57,88.82
2024-11-17,17:00,14.81,29.1,182.42,15.43,33.02
2024-11-17,18:00,169.63,21.02,91.4,12.33,105.18
2024-11-17,19:00,174.32,40.2,129.92,9.94,68.47
2024-11-17,20:00,170.44,65.8,92.52,14.96,120.45
2024-11-17,21:00,182.08,100.56,137.05,25.45,89.56
2024-11-17,22:00,99.37,52.94,181.07,17.57,75.3
2024-11-17,23:00,160.28,55.07,97.81,24.08,131.78
2024-11-17,00:00,88.08,88.24,186.14,11.9,45.35
2024-11-18,01:00,139.35,72.89,84.25,7.63,138.44
2024-11-18,02:00,62.27,54.08,135.48,8.84,126.24
2024-11-18,03:00,56.67,78.49,144.09,20.64,109.56
2024-11-18,04:00,58.76,72.23,62.96,8.12,130.16
2024-11-18,05:00,36.15,19.85,184.41,6.28,70.74
2024-11-18,06:00,146.59,13.22,150.3,14,55.93
2024-11-18,07:00,81,80.44,194.51,11.72,89.26
2024-11-18,08:00,75.37,80.8,166.07,20.9,92.32
2024-11-18,09:00,85.71,89.29,123.82,27.94,107.42
2024-11-18,10:00,82.54,44.85,82.42,15.72,57.8
2024-11-18,11:00,109.65,28.52,41.4,16.31,99.4
2024-11-18,12:00,79.36,29.99,126.02,17.87,108.39
2024-11-18,13:00,142.12,25.1,122.17,6.79,21.44
2024-11-18,14:00,30.79,28.01,59.04,7.63,16.16
2024-11-18,15:00,75.73,28.85,31.32,-0.88,13.86
2024-11-18,16:00,155.28,46.38,128.71,13.29,55.21
2024-11-18,17:00,143.32,71.34,46.54,5.58,35.5
2024-11-18,18:00,181.95,22.6,126.63,7.02,49.06
2024-11-18,19:00,191.81,55.32,138.02,22.26,149.6
2024-11-18,20:00,173.77,73.44,264.61,27.94,152.97
2024-11-18,21:00,191.56,67.51,145.24,26.47,90.01
2024-11-18,22:00,194.37,119.56,231.84,16.46,147.12
2024-11-18,23:00,206.62,68.79,252.78,20.56,144.96
2024-11-18,00:00,156.09,95.51,91.87,15.69,144.77
2024-11-19,01:00,84.78,73.67,253.52,25.22,152.65
2024-11-19,02:00,149.98,36.58,149.12,8.54,37.09
2024-11-19,03:00,77.55,91.98,230.81,19.1,146.97
2024-11-19,04:00,78.61,51.33,166.27,11.67,32.13
2024-11-19,05:00,169.86,90.25,188.8,14.91,49.27
2024-11-19,06:00,131.05,77.84,222.61,8.57,136.12
2024-11-19,07:00,120.29,46.2,139.87,15.76,77.46
2024-11-19,08:00,183.35,94.78,138.13,28,151.63
2024-11-19,09:00,174.83,74.66,162.9,28.26,83.01
2024-11-19,10:00,63.87,76.54,84.33,8.01,80.27
2024-11-19,11:00,49.23,43.32,95.47,4.67,62.08
2024-11-19,12:00,97.35,36.21,73.47,10.82,114.09
2024-11-19,13:00,116.83,59.32,57.96,5.13,98.61
2024-11-19,14:00,150.16,7.76,48.92,2.95,85.17
2024-11-19,15:00,116.93,30.15,10.61,0.58,21.73
2024-11-19,16:00,93.34,62.78,81.72,5.09,73.26
2024-11-19,17:00,62.98,71.26,45.52,13.87,120.07
2024-11-19,18:00,160.18,46.73,198.35,2.66,108.21
2024-11-19,19:00,58.94,48.48,112.73,18.53,120.88
2024-11-19,20:00,198.82,60.25,211.58,14.65,65.34
2024-11-19,21:00,119.85,79.38,172.59,20.1,164.25
2024-11-19,22:00,220.23,98.2,214.79,28.01,87.57
2024-11-19,23:00,192.23,86.28,188.32,22.76,157.06
2024-11-19,00:00,173.88,56.44,83.56,17.66,67.17
2024-11-20,01:00,123.59,89.53,98.39,19.12,78.55
2024-11-20,02:00,46.38,83.36,114.52,17.91,65.32
2024-11-20,03:00,149.16,21.78,91.52,14.89,67.01
2024-11-20,04:00,72.47,52.29,82.75,8.3,120.59
2024-11-20,05:00,155.37,16.22,242.82,10.82,91.6
2024-11-20,06:00,66.32,29.07,218.94,16.57,41.68
2024-11-20,07:00,206.4,34.14,218.05,13.12,142.73
2024-11-20,08:00,98.87,118.83,275.85,31.36,168.95
2024-11-20,09:00,193.63,38.89,229.59,15.48,139.86
2024-11-20,10:00,90.69,66.51,140.02,20.9,36.24
2024-11-20,11:00,108.68,59.78,110.32,7.96,101.78
2024-11-20,12:00,162.47,72.86,68.87,9.15,126.52
2024-11-20,13:00,113.29,7.78,22.68,12.16,24.43
2024-11-20,14:00,107.72,23.12,113.78,9.16,116.93
2024-11-20,15:00,98.28,36.39,73.49,8.21,16.01
2024-11-20,16:00,111.65,50.75,113.9,7.6,65.47
2024-11-20,17:00,97.48,8.05,179.69,13.9,121.56
2024-11-20,18:00,101.79,80.47,175.89,17.55,128.17
2024-11-20,19:00,86.3,60.05,135.26,8.6,81.76
2024-11-20,20:00,181.74,49.28,104.67,26.92,94.92
2024-11-20,21:00,220.91,116.6,152.15,16.41,81.27
2024-11-20,22:00,135.82,55.72,261.39,28.5,132.03
2024-11-20,23:00,172.58,96.25,107.51,26.72,70.06
2024-11-20,00:00,132.47,89.08,103.93,21.98,102.28
2024-11-21,01:00,71.85,61.81,170.64,15.42,128.96
2024-11-21,02:00,113.3,46.27,128.56,16.54,44.41
2024-11-21,03:00,56.02,65.43,171.49,23.75,117.17
2024-11-21,04:00,102.17,30.69,125.83,4.19,71.78
2024-11-21,05:00,151.26,36.27,60.02,8.46,94.9
2024-11-21,06:00,55.22,75.04,77.83,15.76,108.32
2024-11-21,07:00,188.33,77.28,98.94,20.99,118.18
2024-11-21,08:00,206.64,46.3,175.4,27.05,118.29
2024-11-21,09:00,123.78,42.25,83.54,18.52,129.58
2024-11-21,10:00,185.05,79.26,123.65,5.92,118.07
2024-11-21,11:00,133.38,59.86,121.58,19.33,95.55
2024-11-21,12:00,149.97,7.48,151.84,6.3,22.8
2024-11-21,13:00,108.59,15.74,159.76,1.9,44.66
2024-11-21,14:00,95.49,49.8,10.71,12.07,35.89
2024-11-21,15:00,34.57,0.15,34.77,6.19,103.38
2024-11-21,16:00,76.79,44.14,159.45,12.95,84.87
2024-11-21,17:00,84.37,1.98,66.1,15.73,109.89
2024-11-21,18:00,110.19,64.1,138.83,6.41,44.85
2024-11-21,19:00,182.8,31.98,108.24,11.54,154.9
2024-11-21,20:00,195.2,72.16,228.61,10.81,100.24
2024-11-21,21:00,214.67,90.04,79.42,15.43,81.89
2024-11-21,22:00,232.77,115.36,118.85,15.56,137.15
2024-11-21,23:00,188.8,102.63,86.84,26.76,56.59
2024-11-21,00:00,121.52,100.66,88.7,24.57,109.82
2024-11-22,01:00,122.14,87.08,136.84,9.96,121.06
2024-11-22,02:00,68.41,73.62,240.77,14.04,52.77
2024-11-22,03:00,34.19,90.7,83.68,17.35,130.4
2024-11-22,04:00,161.42,52.22,200.49,15.88,76.3
2024-11-22,05:00,103.16,36.6,107.23,4.6,105.49
2024-11-22,06:00,139.26,72.7,102.56,22.11,103.12
2024-11-22,07:00,89.6,61.45,188.01,16.66,129.12
2024-11-22,08:00,178.6,51.25,236.66,24.48,182.47
2024-11-22,09:00,96.01,40.6,89.14,12.24,82.14
2024-11-22,10:00,184.85,53.58,114.88,8.58,40.15
2024-11-22,11:00,103.84,18.94,63.66,12.21,24.87
2024-11-22,12:00,27.68,49.36,143.29,6.98,99.9
2024-11-22,13:00,26.68,16.27,176.72,17.02,118.48
2024-11-22,14:00,85.13,18.21,78.43,16.54,66.43
2024-11-22,15:00,106.55,1.71,31.54,15.01,102.44
2024-11-22,16:00,109.71,50.23,39.97,13.02,81.93
2024-11-22,17:00,112.5,14.03,77.12,1.84,34.8
2024-11-22,18:00,83.91,59.17,180.81,17.04,140.72
2024-11-22,19:00,174.65,61.05,93.98,10.73,102.62
2024-11-22,20:00,215.51,68.36,232.43,18.8,165.07
2024-11-22,21:00,179.03,112.62,201.57,24.83,70.8
2024-11-22,22:00,114.17,50.37,109.05,17.69,106.15
2024-11-22,23:00,217.21,74.2,147.11,27,79.15
2024-11-22,00:00,177.65,68.29,216.37,20.83,107.18
2024-11-23,01:00,114.2,54.1,167.79,16.23,143.55
2024-11-23,02:00,115.03,34.6,104.29,24.72,171.96
2024-11-23,03:00,74.29,62.42,121.17,12.84,132.61
2024-11-23,04:00,181.84,67.16,141.8,7.13,146.45
2024-11-23,05:00,53.39,45.78,191.51,10.9,119.05
2024-11-23,06:00,170.2,97.62,175.04,18.03,124.18
2024-11-23,07:00,110.51,38.71,173.21,15.68,60.68
2024-11-23,08:00,191.83,98.69,91.68,16.66,123.55
2024-11-23,09:00,114.17,92.58,90.98,14.65,103.96
2024-11-23,10:00,180.33,97.25,159.75,18.85,151.45
2024-11-23,11:00,85.21,45.25,137.48,8.81,93.82
2024-11-23,12:00,98.26,69.76,142.05,13.04,64.06
2024-11-23,13:00,83.79,30.64,86.46,2.58,56.3
2024-11-23,14:00,144.25,7.28,78.52,10.31,114.78
2024-11-23,15:00,151.04,58.96,139.94,4.17,51.34
2024-11-23,16:00,159.85,44.81,153.9,14.84,79.62
2024-11-23,17:00,63.27,36.27,80.74,7.08,94.42
2024-11-23,18:00,155.35,55.35,178.82,16.58,34.49
2024-11-23,19:00,163.64,83.32,225.44,9.75,53.01
2024-11-23,20:00,190.22,88.95,237.26,25.54,53.72
2024-11-23,21:00,205.06,54.99,214.94,19.15,157.51
2024-11-23,22:00,165.75,117.77,92.33,23.23,172.8
2024-11-23,23:00,184.33,99.04,122.55,15.65,143.56
2024-11-23,00:00,197.29,65.14,101.36,15.99,77.49
2024-11-24,01:00,69.19,46.59,155.19,15.83,104.37
2024-11-24,02:00,115.89,88.51,239.05,17.02,119.71
2024-11-24,03:00,96.3,59.65,138.38,16.99,46.56
2024-11-24,04:00,89.06,67.74,163.27,16.22,57.61
2024-11-24,05:00,149.27,41.49,132.71,16.3,43.93
2024-11-24,06:00,182.13,63.92,190.48,16.94,146.17
2024-11-24,07:00,138.86,45.11,175.01,17.09,57.75
2024-11-24,08:00,113.73,93.41,98.29,11.57,71.73
2024-11-24,09:00,163.06,45.27,132.2,26.5,109.22
2024-11-24,10:00,51.6,38.01,99.42,22.61,116.21
2024-11-24,11:00,162.47,13.62,84.56,8.58,100.81
2024-11-24,12:00,43.35,37.55,87.16,4.85,91.63
2024-11-24,13:00,54.68,14.76,135.01,9.71,31.84
2024-11-24,14:00,70.67,8.54,74.76,3.24,22.87
2024-11-24,15:00,42.47,19.22,108.82,7.15,74.43
2024-11-24,16:00,68.66,69.45,55.88,9.07,51.78
2024-11-24,17:00,70.96,77.21,130.21,4.88,38.35
2024-11-24,18:00,92.07,34.5,144.16,8.19,124.75
2024-11-24,19:00,143.39,39.86,136.33,14.14,107.23
2024-11-24,20:00,151.74,57.27,199.71,11.49,142.65
2024-11-24,21:00,225.72,68.86,213.61,24.26,97.05
2024-11-24,22:00,170.03,58.82,141.9,16.66,125.57
2024-11-24,23:00,224.15,104.56,192.89,25.43,110.49
2024-11-24,00:00,179.49,43.54,132.5,22.8,66.78
2024-11-25,01:00,150.34,107.18,157.52,22.4,69.54
2024-11-25,02:00,106.67,77.15,218.86,9.5,115.35
2024-11-25,03:00,71.21,83.7,84.87,6.41,73.34
2024-11-25,04:00,85.33,71.47,139.58,11.13,95.49
2024-11-25,05:00,138.23,95.89,238.13,19.78,105.8
2024-11-25,06:00,100.92,64.02,114.5,21.12,105.65
2024-11-25,07:00,107.88,40.73,154.97,16.18,156.93
2024-11-25,08:00,147.56,70.47,255.73,34.07,197.56
2024-11-25,09:00,95.8,106.54,117.65,16.06,116.83
2024-11-25,10:00,146.28,49.67,106.44,11.95,78.2
2024-11-25,11:00,152.5,54.61,78.13,11.76,106.45
2024-11-25,12:00,67.65,4.04,94.97,14.58,125.49
2024-11-25,13:00,59.07,7.43,191.48,12.78,56.12
2024-11-25,14:00,156.28,49.01,154.25,1.52,85.69
2024-11-25,15:00,57.67,66.3,130.36,12.87,116.03
2024-11-25,16:00,88.1,54.1,187.67,4.49,113.98
2024-11-25,17:00,150.43,59.63,174.47,7.1,41.86
2024-11-25,18:00,87.02,43.98,26.9,16.71,116.22
2024-11-25,19:00,124.39,39.13,211.25,24.46,57.45
2024-11-25,20:00,211.49,99.83,80.67,18.1,102.99
2024-11-25,21:00,170.34,80.28,125.68,25.15,131.01
2024-11-25,22:00,122.88,82.09,147.35,28.29,166.57
2024-11-25,23:00,112.76,61,177.02,20.78,113.86
2024-11-25,00:00,62.74,70.62,222.72,20.07,64.55
2024-11-26,01:00,170.78,93.4,218.57,10.98,120.17
2024-11-26,02:00,86.53,31.31,62.37,21.2,74.81
2024-11-26,03:00,128.45,89.66,174.36,9.4,98.49
2024-11-26,04:00,40.6,24.62,68.13,8.72,34.71
2024-11-26,05:00,140,83.33,186.61,20.35,83.43
2024-11-26,06:00,172.02,78.26,125.36,20.21,121.4
2024-11-26,07:00,184.19,89.16,93.27,14.92,97.18
2024-11-26,08:00,97.04,55.01,147.34,15.45,165.71
2024-11-26,09:00,210.37,80.3,161.37,13.32,77.66
2024-11-26,10:00,142.08,57.09,173.03,6.64,121.83
2024-11-26,11:00,129.8,63.65,210.78,4.55,147.58
2024-11-26,12:00,44.4,76.22,147.4,13.8,107.71
2024-11-26,13:00,78.17,11.83,187.4,20.85,83.11
2024-11-26,14:00,81.57,46.53,113.76,17.38,51.98
2024-11-26,15:00,82.01,32.78,68.26,4.35,24.26
2024-11-26,16:00,139.06,35.46,134.26,9.78,125.64
2024-11-26,17:00,159.91,41.58,130.42,7.24,67.69
2024-11-26,18:00,145.39,46.11,86.72,20.04,82.9
2024-11-26,19:00,229.83,59.49,182.72,16.5,85.48
2024-11-26,20:00,159.49,93.48,217.37,15.77,106.1
2024-11-26,21:00,174.52,110.92,210.72,23.03,199.47
2024-11-26,22:00,187.25,75.24,139.59,16.74,207.97
2024-11-26,23:00,206.72,115.24,225.41,26.38,111.36
2024-11-26,00:00,138.43,100.16,127.07,24.16,162.57
2024-11-27,01:00,186.54,64.04,216.73,18.05,132.41
2024-11-27,02:00,137.26,87.73,247.94,26.39,104.57
2024-11-27,03:00,100.34,43.3,255.6,14.2,139.3
2024-11-27,04:00,181.04,33.43,238.39,19.69,139.25
2024-11-27,05:00,199.78,74.48,155.84,10.37,95.92
2024-11-27,06:00,120.09,84.73,186.57,14.88,76.16
2024-11-27,07:00,145.73,44.61,172.65,12.14,90.45
2024-11-27,08:00,224.1,101,148.4,18.28,98.7
2024-11-27,09:00,206.02,46.88,197.82,27.89,193.6
2024-11-27,10:00,175.75,80.91,167.8,20.81,117.16
2024-11-27,11:00,96.39,58.56,137.96,13.01,98.22
2024-11-27,12:00,82.67,97.27,118.45,9.9,92.53
2024-11-27,13:00,193.99,94.95,171.1,10.05,119.41
2024-11-27,14:00,155.05,47.61,118.43,17.05,164.98
2024-11-27,15:00,164.58,103.75,267.69,11.62,90
2024-11-27,16:00,122.38,87.85,109.88,19.65,67.18
2024-11-27,17:00,85.8,109.2,264.47,15.55,119.8
2024-11-27,18:00,213.37,109.14,179.31,17.42,137.02
2024-11-27,19:00,165.04,87.64,186.9,22.88,197.08
2024-11-27,20:00,218.2,135.9,344.9,24.56,187.04
2024-11-27,21:00,287.01,93.22,291.77,27.24,165.71
2024-11-27,22:00,200.55,105.56,324.57,21.2,219.02
2024-11-27,23:00,231.61,73.44,301.76,23.2,172.76
2024-11-27,00:00,252.81,119.22,195.48,21.98,194.15
2024-11-28,01:00,220.44,102.14,180.01,17.24,198.21
2024-11-28,02:00,221.28,94.85,161.64,12.32,119.35
2024-11-28,03:00,219.41,46.86,126.95,14.73,70.66
2024-11-28,04:00,93.54,114.28,152.46,14.02,163.36
2024-11-28,05:00,221.71,47.7,262.14,20.67,80.32
2024-11-28,06:00,112.68,85.87,203.87,25.55,123.21
2024-11-28,07:00,127.89,87.05,163.27,26.61,143.82
2024-11-28,08:00,233.49,80.11,288.04,19.76,191.09
2024-11-28,09:00,167.9,96.22,257.41,32.61,168.11
2024-11-28,10:00,124.9,89.5,295.34,21.2,167.24
2024-11-28,11:00,212.8,87.19,252.28,27.72,93.4
2024-11-28,12:00,93.1,72.19,134.32,22.3,129.47
2024-11-28,13:00,194.13,48.91,123.34,6.28,87.37
2024-11-28,14:00,203.17,54.47,217.84,20.69,151.01
2024-11-28,15:00,75.77,33.04,115.96,17.21,74.8
2024-11-28,16:00,69.67,25.61,206.69,21.89,178.94
2024-11-28,17:00,208.48,74.49,215.62,21.35,138.83
2024-11-28,18:00,205.46,74.14,231.58,18.74,134.43
2024-11-28,19:00,265.91,62.55,262.8,30.12,196.53
2024-11-28,20:00,191.66,113.87,171.76,18.24,121.19
2024-11-28,21:00,288.12,141.87,306.12,28.8,198.09
2024-11-28,22:00,196.75,141.09,176.44,33.22,194.42
2024-11-28,23:00,223.8,70,286.37,21.81,106.89
2024-11-28,00:00,155.16,90.2,224.47,13.65,102.02
2024-11-29,01:00,169.87,88.99,282.46,17.22,128.09
2024-11-29,02:00,126.57,88.91,270.28,19.87,136.79
2024-11-29,03:00,176.53,96.55,241.64,26.21,128.25
2024-11-29,04:00,212.41,64.86,293.22,24.9,109.4
2024-11-29,05:00,171.86,82.31,201.78,17.13,127.15
2024-11-29,06:00,180.01,45.01,166.38,18.49,178.46
2024-11-29,07:00,214.76,93.63,288.16,28,92.64
2024-11-29,08:00,219.13,113.57,228.91,36.55,191.19
2024-11-29,09:00,224.54,106.18,258.96,24.87,142.5
2024-11-29,10:00,125.41,47.47,216.78,19.1,166.65
2024-11-29,11:00,181.1,38.61,173.16,19.26,64.46
2024-11-29,12:00,163.54,60.22,236.3,19.02,167.27
2024-11-29,13:00,199.74,41.25,247.17,17.74,88.38
2024-11-29,14:00,155.88,100.08,194.28,5.39,66.08
2024-11-29,15:00,110.38,52.45,208.04,8.94,178.56
2024-11-29,16:00,183.98,47.65,226.13,17.53,158.16
2024-11-29,17:00,116.54,63.22,197.75,11.36,178.47
2024-11-29,18:00,230.89,108.25,197.44,14.31,106.13
2024-11-29,19:00,201.25,62.94,180.07,19.47,192.99
2024-11-29,20:00,156.26,117.41,142.39,20.97,131.33
2024-11-29,21:00,177.48,129.34,272.02,19.65,148.64
2024-11-29,22:00,256.34,133.81,326.41,15.62,222.76
2024-11-29,23:00,237.65,80.61,271.91,21.73,134.95
2024-11-29,00:00,198.85,73.45,280.64,16.03,181.62
2024-11-30,01:00,192.06,116.19,188.05,24.65,184.99
2024-11-30,02:00,171.02,105.99,220.16,18.35,90.26
2024-11-30,03:00,144.97,110.69,282.49,20.9,181.12
2024-11-30,04:00,124.85,43.18,286.68,21.44,147.09
2024-11-30,05:00,152.75,112.56,148.43,10.24,154.47
2024-11-30,06:00,136.81,61.37,266.94,26.3,127.33
2024-11-30,07:00,120.76,75.76,196.57,21.78,176.51
2024-11-30,08:00,121.83,121.8,278.34,13.98,105.84
2024-11-30,09:00,181.12,53.93,304.25,14.65,110.33
2024-11-30,10:00,230.43,58.84,197.51,20.18,123.22
2024-11-30,11:00,208.35,45.34,191.91,21.93,129.9
2024-11-30,12:00,124.1,45.04,135.69,8.43,166.61
2024-11-30,13:00,224.98,48,120.08,12.03,149.93
2024-11-30,14:00,122.42,80.53,193.91,16.72,58.69
2024-11-30,15:00,184.82,33.42,166.39,7.46,101.9
2024-11-30,16:00,138.38,54.61,210.88,12.39,133.61
2024-11-30,17:00,91.52,51.59,110.06,9.64,127.83
2024-11-30,18:00,225.33,47.13,142.55,11.28,169.53
2024-11-30,19:00,198.78,104.61,208.9,25.18,98.56
2024-11-30,20:00,172.11,74.28,204,21.71,185.32
2024-11-30,21:00,223.65,100.67,212.51,16.46,192.23
2024-11-30,22:00,168.59,110.74,128.44,24.9,155.33
2024-11-30,23:00,222.2,58.11,159.41,11.92,93.88
2024-11-30,00:00,218.97,89.9,203.97,16.52,161.61
2024-12-01,01:00,140.68,45.43,121.56,27.82,112.97
2024-12-01,02:00,113.16,75.42,162.57,26.3,144
2024-12-01,03:00,138.31,69.48,242.1,16.77,143.71
2024-12-01,04:00,133.91,93.87,200.67,18.32,162.04
2024-12-01,05:00,108.94,76.79,141.49,12.6,125.81
2024-12-01,06:00,157.69,87.09,255.2,26.58,83.91
2024-12-01,07:00,124.33,116.44,273.58,12.69,133.51
2024-12-01,08:00,110.34,100.85,261.68,25.07,133.68
2024-12-01,09:00,130.19,117.91,268.63,13.82,83.6
2024-12-01,10:00,129.1,89.8,270.72,12.12,111.76
2024-12-01,11:00,106.18,43.73,270.56,16.79,170.41
2024-12-01,12:00,92.79,86.41,250.74,6.31,111.19
2024-12-01,13:00,185.4,27.1,84.21,10.87,144.6
2024-12-01,14:00,158.37,41.73,89.29,18.82,46.77
2024-12-01,15:00,141.74,24.16,191.27,16.75,79.58
2024-12-01,16:00,166.3,54.27,174.11,18.2,128.12
2024-12-01,17:00,171.51,26.65,143.92,13.08,113.07
2024-12-01,18:00,118.6,46.01,139.44,17.47,78.72
2024-12-01,19:00,175.74,119.15,185.04,19.24,176.43
2024-12-01,20:00,188.36,128.43,273.58,27.92,171.13
2024-12-01,21:00,216.97,69.28,276.41,27.75,198.97
2024-12-01,22:00,204.77,82.77,302.63,31.11,137.17
2024-12-01,23:00,207.73,69.86,281.73,15.15,147.11
2024-12-01,00:00,126.13,77.64,155.18,13.73,155.11
2024-12-02,01:00,123.65,76.99,121.45,12.48,141.52
2024-12-02,02:00,91.88,94.36,173.42,10.68,68.49
2024-12-02,03:00,182.79,73.7,180.24,15.35,68.58
2024-12-02,04:00,209.14,104.99,191.86,19.45,158.2
2024-12-02,05:00,77.6,101.07,136.65,21.18,149.89
2024-12-02,06:00,201.05,74.12,126.78,17.12,95.69
2024-12-02,07:00,191.55,111.92,299.91,14.1,110.54
2024-12-02,08:00,237.72,62.64,302.44,27.82,195.33
2024-12-02,09:00,153.4,87.78,251.38,17.66,136.32
2024-12-02,10:00,230.54,27.58,214.64,13.96,75.3
2024-12-02,11:00,182.2,40.26,191.6,22.69,109.88
2024-12-02,12:00,163.72,26.05,173.27,9.8,102.9
2024-12-02,13:00,71.49,70.81,158.12,2.14,64.53
2024-12-02,14:00,100.17,32,137.56,11.02,110.99
2024-12-02,15:00,82.91,53.88,137.08,9.6,124.26
2024-12-02,16:00,45.16,58.52,113.41,3.63,61.23
2024-12-02,17:00,142.13,73.2,129.76,17.12,45.83
2024-12-02,18:00,152.81,55.13,146.72,20.84,107.73
2024-12-02,19:00,151.79,58,130.6,22,103.7
2024-12-02,20:00,253.32,103.29,147.34,27.76,196.23
2024-12-02,21:00,161.87,74.31,244.26,21.52,176.6
2024-12-02,22:00,176.3,62.08,162.67,24.14,171.93
2024-12-02,23:00,268.23,76.09,296.67,27.55,123.27
2024-12-02,00:00,163.76,46.24,165.79,12.92,92.93
2024-12-03,01:00,237.46,105.26,274.28,22.35,97.88
2024-12-03,02:00,150.3,44.71,311.54,10.19,181.16
2024-12-03,03:00,240.94,54.07,241.63,9.9,175.67
2024-12-03,04:00,178.57,35.74,285.49,25.66,93.53
2024-12-03,05:00,123.15,80.6,179.69,16.35,114.99
2024-12-03,06:00,146.35,42.17,264.51,15.69,136.6
2024-12-03,07:00,134.76,66.45,274.61,18.83,179.77
2024-12-03,08:00,182.55,114.82,250.29,25.24,129.92
2024-12-03,09:00,215.45,97.98,328.56,18.37,145.2
2024-12-03,10:00,231.06,61.56,217.03,19.05,109.9
2024-12-03,11:00,134.21,35.72,212.8,20.83,166.54
2024-12-03,12:00,103.46,13.43,198.91,22.6,164.6
2024-12-03,13:00,127.33,12.62,183.94,13.06,115.49
2024-12-03,14:00,152.89,29.93,120.53,17.33,32.13
2024-12-03,15:00,103.36,72.51,160.03,4.56,144.37
2024-12-03,16:00,148.98,33.58,76.1,8.98,36.96
2024-12-03,17:00,132.61,94.51,224.2,17,152.73
2024-12-03,18:00,227.35,72.71,235.99,10.38,133.14
2024-12-03,19:00,248.99,115.08,258.98,36.79,121.83
2024-12-03,20:00,136.2,92.81,317.18,31.15,199.52
2024-12-03,21:00,251.02,79.11,315.87,21.59,234.35
2024-12-03,22:00,230.54,120.3,236,28.59,237.31
2024-12-03,23:00,170.1,120.1,322.03,19.66,183.41
2024-12-03,00:00,266.96,68.29,309.47,23.85,208.55
2024-12-04,01:00,213.07,117.49,148.14,19.4,192.94
2024-12-04,02:00,141.26,63.9,136.18,19.47,128.54
2024-12-04,03:00,188.16,98.35,270.26,19.52,183.15
2024-12-04,04:00,139.26,78.62,289.21,13.32,69.81
2024-12-04,05:00,150.47,79.45,148.85,28.96,120.61
2024-12-04,06:00,110.03,51.15,266.48,26.6,113.27
2024-12-04,07:00,242.97,110.93,271.71,18.51,97.44
2024-12-04,08:00,212.05,70.96,325,30.76,162.86
2024-12-04,09:00,206.3,79.44,327.07,35.38,154
2024-12-04,10:00,109.52,72.52,202.21,19.39,173.78
2024-12-04,11:00,124.36,27.69,233.03,10.81,58.71
2024-12-04,12:00,164.77,82.88,212.96,15.55,78.25
2024-12-04,13:00,124.74,81.31,167.4,15.04,65.04
2024-12-04,14:00,151.62,86.4,68.75,10.59,49.58
2024-12-04,15:00,139.62,25.62,199.85,3.26,60.82
2024-12-04,16:00,117.8,22.7,60.25,14.51,112.57
2024-12-04,17:00,198.52,82.81,129.71,13.98,70.68
2024-12-04,18:00,118.55,77.72,170.52,18.13,151.88
2024-12-04,19:00,151.93,92.02,146.15,14.17,169.24
2024-12-04,20:00,231.18,119.74,282.76,22.17,119.8
2024-12-04,21:00,237.07,140.97,168.59,15.88,224.34
2024-12-04,22:00,283.07,122.13,285.08,25.37,161.01
2024-12-04,23:00,158.51,97.09,224.16,27.75,202.07
2024-12-04,00:00,276.13,70.64,153.93,30.6,151.95
2024-12-05,01:00,123.28,100.65,283.95,29.51,120.63
2024-12-05,02:00,228.57,96.22,177.42,29.68,77.25
2024-12-05,03:00,102.91,86.71,204.26,23.28,167.91
2024-12-05,04:00,212.38,116.51,185.46,24.5,183.13
2024-12-05,05:00,97.36,44.02,124.11,23.73,174.08
2024-12-05,06:00,192.84,71,263.77,18.16,191.64
2024-12-05,07:00,153.81,112.99,212.35,15.72,178.97
2024-12-05,08:00,250.1,113.2,294.76,31.22,186.46
2024-12-05,09:00,186.7,76.82,164.89,30.34,182.42
2024-12-05,10:00,193.4,84.61,241.11,18.23,84.57
2024-12-05,11:00,142.82,66.9,283.23,13.31,68.79
2024-12-05,12:00,132.99,70.83,107.73,11.98,83.68
2024-12-05,13:00,140.17,67.42,113.03,16.38,106.32
2024-12-05,14:00,133.19,19.88,149.84,9.49,128.06
2024-12-05,15:00,164.15,86.42,151,12.12,74.94
2024-12-05,16:00,148.74,50.49,187.08,14.62,94.06
2024-12-05,17:00,167.56,84.67,227.94,11.03,76.22
2024-12-05,18:00,116.54,47.87,187.33,7.93,131.7
2024-12-05,19:00,156.13,104.43,145.46,13.43,149.32
2024-12-05,20:00,273.99,124.74,293.91,30.36,180.45
2024-12-05,21:00,300.35,94.41,261.53,34.89,195.57
2024-12-05,22:00,324.82,131.54,329.37,20.34,209.42
2024-12-05,23:00,211.45,115.05,154.81,21.75,191.3
2024-12-05,00:00,236.86,59.35,225.7,29.03,193.86
2024-12-06,01:00,149.3,66.23,208.36,26.73,170.44
2024-12-06,02:00,167.9,52.86,174.46,17.08,151.19
2024-12-06,03:00,194.38,64.24,218.92,11.48,130.05
2024-12-06,04:00,138.61,61.2,138.53,10.85,105.54
2024-12-06,05:00,205.49,100.78,201.49,17.88,83.06
2024-12-06,06:00,151.35,111.84,171.84,23.34,143.69
2024-12-06,07:00,251.69,51.17,272.81,15.05,133.59
2024-12-06,08:00,178.4,65.47,224.74,20.19,196.06
2024-12-06,09:00,222.89,70.48,280.77,27.47,205.87
2024-12-06,10:00,135.17,103.15,254.94,14.87,190.12
2024-12-06,11:00,186.44,29.73,198.1,7.21,108.84
2024-12-06,12:00,149.96,31.24,115.1,5.17,145.58
2024-12-06,13:00,197.18,29.83,192.93,10.73,42.22
2024-12-06,14:00,145.06,59.23,117.21,14.81,43.64
2024-12-06,15:00,75.67,65.58,145.09,4.94,119.02
2024-12-06,16:00,175.83,85.03,85.66,17.53,110.36
2024-12-06,17:00,143.47,98.94,203.88,22.64,46.32
2024-12-06,18:00,91.8,36.28,262.59,10.06,119.42
2024-12-06,19:00,168.54,85.09,149.14,15.35,124.75
2024-12-06,20:00,177.56,92.9,245.87,21.44,146.38
2024-12-06,21:00,296.14,97.76,238.09,34.92,140.41
2024-12-06,22:00,258.04,122.47,227.49,32.29,165.08
2024-12-06,23:00,190.12,88.37,214.76,25.3,157.25
2024-12-06,00:00,166.59,126.83,158.32,18.13,151.48
2024-12-07,01:00,187.17,97.92,279,31.12,159.56
2024-12-07,02:00,136.36,96.05,151.5,29.31,92.46
2024-12-07,03:00,165.5,94.4,174.04,15.84,105.6
2024-12-07,04:00,178.71,52.34,251.16,14.02,146.65
2024-12-07,05:00,235.16,68.55,243.84,15.91,155.04
2024-12-07,06:00,176.52,124.71,280.21,12.16,100.41
2024-12-07,07:00,224.73,97.94,151.92,16.73,192.58
2024-12-07,08:00,154.2,117.68,218.84,15.5,177.49
2024-12-07,09:00,278.75,107.97,301.02,23.53,120.75
2024-12-07,10:00,222.96,102.81,290.82,22.53,165.42
2024-12-07,11:00,161.84,92.9,135.82,15.32,102.62
2024-12-07,12:00,108.73,31.51,236.29,11.58,96.02
2024-12-07,13:00,109.29,86.81,111.93,23.82,64.65
2024-12-07,14:00,199.34,34.09,183.34,20.76,105.36
2024-12-07,15:00,205.09,38.72,167.32,27.33,54.79
2024-12-07,16:00,119.38,87.49,248.63,23.52,95.14
2024-12-07,17:00,106.89,44.76,271.2,25.16,169.29
2024-12-07,18:00,242.6,54.87,267.69,28.9,168.8
2024-12-07,19:00,266.83,106.96,318.96,20.91,148.22
2024-12-07,20:00,199.76,110.55,235.96,30.81,172.24
2024-12-07,21:00,163.27,135.03,300.37,30.15,178.3
2024-12-07,22:00,262.47,111.84,228.32,32.3,220.01
2024-12-07,23:00,201.31,150.54,342.98,31.41,126.76
2024-12-07,00:00,269.44,114.6,322.03,17.83,90.96
2024-12-08,01:00,236.7,78.35,235.37,17.29,138.37
2024-12-08,02:00,246.5,60.57,231.68,16.91,146.56
2024-12-08,03:00,253.15,114.57,226.68,17.5,150.07
2024-12-08,04:00,231.66,107.37,225.03,15.09,170.55
2024-12-08,05:00,214.05,132.65,251.35,28.6,156.16
2024-12-08,06:00,211.81,105.29,189.53,15.56,160.1
2024-12-08,07:00,159.37,97.5,264.48,31.96,151.41
2024-12-08,08:00,137.57,63.53,316.21,15.61,191.85
2024-12-08,09:00,266.34,63.81,317.25,26.15,171.11
2024-12-08,10:00,226.86,125.39,261.76,22.92,152.99
2024-12-08,11:00,142.83,92.24,232.87,14.05,152.8
2024-12-08,12:00,121.2,88.42,191.54,15.79,147.75
2024-12-08,13:00,192.91,35.46,180.34,13.96,73.31
2024-12-08,14:00,140.43,87.71,143.48,25.07,116.58
2024-12-08,15:00,202.76,54.8,182.61,13.3,59.26
2024-12-08,16:00,161.03,40.08,192,14.29,132.98
2024-12-08,17:00,199.46,59.07,121.52,20.2,115.81
2024-12-08,18:00,160.43,118.38,220.82,30.05,108.59
2024-12-08,19:00,145.84,96.69,250.06,23.1,119.82
2024-12-08,20:00,257.9,102.57,247.13,28.45,174.89
2024-12-08,21:00,211.77,102.7,351.9,31.14,203.91
2024-12-08,22:00,314.47,150.62,364.11,28.31,226.61
2024-12-08,23:00,167.07,85.92,290.19,35.4,171.36
2024-12-08,00:00,190.72,114.55,304.42,37.71,200.45
2024-12-09,01:00,252.3,133.27,177.59,18.84,203.87
2024-12-09,02:00,209.56,109.39,208.87,28.11,110.42
2024-12-09,03:00,137.04,86.84,211.17,28.83,104.69
2024-12-09,04:00,130.64,102.27,223.65,19.11,113.35
2024-12-09,05:00,171.14,96.14,210.88,31.83,125.47
2024-12-09,06:00,198.32,99.52,217.22,22.08,103.18
2024-12-09,07:00,207.04,116.74,247.17,25.21,131.52
2024-12-09,08:00,198.14,138.95,268.31,35.59,218.92
2024-12-09,09:00,172.69,122.18,259.81,37.26,160.77
2024-12-09,10:00,244.7,101.36,194.33,31.49,144.27
2024-12-09,11:00,168.14,73.47,231.21,20.02,94.43
2024-12-09,12:00,197.53,49.1,277.12,11.31,150.48
2024-12-09,13:00,107.73,82.85,217.41,23.67,42.98
2024-12-09,14:00,65.14,101.41,240.44,23.97,111.58
2024-12-09,15:00,116.85,54.86,198.19,9.85,123.59
2024-12-09,16:00,142.71,54.49,84.59,17.8,114.93
2024-12-09,17:00,108.97,102.82,247,17.35,82
2024-12-09,18:00,217.01,111.13,139.81,31.23,175.98
2024-12-09,19:00,204.84,149.58,251.95,24.63,201.76
2024-12-09,20:00,231.91,131.64,274.02,20.61,223.21
2024-12-09,21:00,250.72,112.71,340.82,29.26,230.09
2024-12-09,22:00,217.6,128.97,280.49,31.65,173.56
2024-12-09,23:00,242.67,107.75,177.05,30.49,141.99
2024-12-09,00:00,169.97,100,186.2,20.25,212.01
2024-12-10,01:00,171.91,56.2,222.54,20.47,148.19
2024-12-10,02:00,257.16,58.64,256.76,28.08,187.6
2024-12-10,03:00,200.1,105.37,298.15,17.71,105.35
2024-12-10,04:00,228.52,72.36,256.93,15.45,106.45
2024-12-10,05:00,162.26,58.68,154.79,25.96,197.49
2024-12-10,06:00,144.87,61.19,259.91,23.34,103.63
2024-12-10,07:00,167.16,111.13,206.91,31.88,111.58
2024-12-10,08:00,159.37,88.31,215.74,28.07,207.17
2024-12-10,09:00,171.65,121.7,211.74,22.88,154.36
2024-12-10,10:00,156.48,106.85,309.92,13.58,141.59
2024-12-10,11:00,173.31,36.15,242.45,24.34,166.88
2024-12-10,12:00,86.95,41.96,112.17,13.91,121.31
2024-12-10,13:00,92.4,69.06,111.21,4.29,153.38
2024-12-10,14:00,102.97,38.22,226.19,8.23,77.44
2024-12-10,15:00,84.15,86.86,146.26,15.17,47.38
2024-12-10,16:00,125.79,82.54,203.05,14.2,123.75
2024-12-10,17:00,125.3,50.84,79.35,13.95,82.7
2024-12-10,18:00,223.29,104.78,261.51,23.39,154.76
2024-12-10,19:00,185.26,132.61,314.36,20.84,157.19
2024-12-10,20:00,287.04,101.82,218.3,27.58,156.12
2024-12-10,21:00,280.83,117.46,198.62,28.91,228.9
2024-12-10,22:00,307.71,147.28,255.37,20.99,161.98
2024-12-10,23:00,234.17,83.46,264.16,28.3,163.64
2024-12-10,00:00,164.1,83.71,189.98,36.86,145.01
2024-12-11,01:00,169.01,101.23,259.15,29.25,170.18
2024-12-11,02:00,128.86,82.35,240.01,18.9,112.07
2024-12-11,03:00,138.93,61.13,170.34,29.95,132.18
2024-12-11,04:00,203.14,68.98,164.43,16.2,173.91
2024-12-11,05:00,232.31,58,251.89,22.62,113.23
2024-12-11,06:00,166.34,69.67,169.73,15.14,135.61
2024-12-11,07:00,137.82,88.57,290.18,30.81,159.72
2024-12-11,08:00,295.48,78.81,344.65,31.82,172.14
2024-12-11,09:00,285.21,89.32,240.34,37.64,208.37
2024-12-11,10:00,174.3,101.98,270.51,20.26,167.69
2024-12-11,11:00,231,77.16,147.81,28.44,178.96
2024-12-11,12:00,162.74,88.91,158.79,22.73,115.85
2024-12-11,13:00,187.07,21.42,223.92,10.86,62.69
2024-12-11,14:00,69.74,53.64,241.15,4.11,138.75
2024-12-11,15:00,67.78,43.07,75.95,14.46,155.24
2024-12-11,16:00,97.72,51.77,244.5,22.78,71.42
2024-12-11,17:00,144.19,51.26,177.06,14.58,110.86
2024-12-11,18:00,103.43,66.29,130.38,14.57,164.6
2024-12-11,19:00,139.76,132.31,165.54,24.58,195.89
2024-12-11,20:00,290.56,115.59,192.12,34.95,203.84
2024-12-11,21:00,172.19,90.79,302.39,27.18,185.5
2024-12-11,22:00,295.47,129.26,296.22,25.32,177.7
2024-12-11,23:00,226.16,145.15,247.75,29.46,157.04
2024-12-11,00:00,187.34,118.99,244.96,33.64,211.22
2024-12-12,01:00,157.7,61.72,145.39,18.15,123.03
2024-12-12,02:00,170.42,58.2,241.62,21.92,180.48
2024-12-12,03:00,144.44,108.18,215.23,18.14,172.45
2024-12-12,04:00,195.02,95.9,207.53,30.88,117.05
2024-12-12,05:00,172.98,97.84,173.5,32.17,195.46
2024-12-12,06:00,246.12,56.9,277.17,16.4,142.28
2024-12-12,07:00,179.65,82.39,231.92,30.33,148.89
2024-12-12,08:00,282.59,117.76,302.92,30.93,225.38
2024-12-12,09:00,257.01,101.47,239.14,40.05,138.83
2024-12-12,10:00,174.84,79.1,234.62,30.82,158.67
2024-12-12,11:00,147.75,70.54,244.15,18.05,114.59
2024-12-12,12:00,184.94,73,189.27,13.5,149.3
2024-12-12,13:00,139.95,47.32,164.22,24.79,66.75
2024-12-12,14:00,206.36,55.27,225.01,23.22,85.37
2024-12-12,15:00,94.25,27.35,242.38,17.7,114.93
2024-12-12,16:00,68.99,94.29,267.76,14.03,111.51
2024-12-12,17:00,187.64,44.85,154.18,18.87,108
2024-12-12,18:00,121.32,108.04,278.57,19.4,157.76
2024-12-12,19:00,145.74,82.47,234.72,26.51,112.97
2024-12-12,20:00,176.36,145.99,237.33,19.71,160.61
2024-12-12,21:00,289.17,155.72,207.03,29.61,212.83
2024-12-12,22:00,270.95,144.88,355.56,23.34,181.09
2024-12-12,23:00,191.11,86.86,258.78,30.49,176.64
2024-12-12,00:00,265.58,106.8,320.85,33.07,234.44
2024-12-13,01:00,215.98,131.06,300.26,27.27,98.4
2024-12-13,02:00,178.05,79.51,179.54,30.08,99.28
2024-12-13,03:00,121.39,102.47,157.02,30.26,155.78
2024-12-13,04:00,158.79,92.9,171.3,15.32,177.39
2024-12-13,05:00,149.18,61.23,172.34,23.66,96.72
2024-12-13,06:00,213.89,55.46,222.61,28.31,156.94
2024-12-13,07:00,276.89,82.03,166.64,33.6,208.42
2024-12-13,08:00,216.44,133.65,166.92,38.38,163.5
2024-12-13,09:00,220.74,125.82,225.39,41.07,236.29
2024-12-13,10:00,275.92,84.12,223.43,32.44,138.86
2024-12-13,11:00,118.51,98.46,276.97,17.05,151.13
2024-12-13,12:00,241.94,59.34,298.74,19.6,152.68
2024-12-13,13:00,122.23,92.38,211.82,18.55,147.83
2024-12-13,14:00,136.47,87.95,216.13,21.39,95.18
2024-12-13,15:00,96.67,99.67,162.76,14.53,114.99
2024-12-13,16:00,103.39,72.99,260.94,13.18,132.47
2024-12-13,17:00,165.07,88.3,241.62,32.69,153.73
2024-12-13,18:00,211.04,76.8,175.12,20.42,94.27
2024-12-13,19:00,290.1,91.76,258.28,23.85,188.6
2024-12-13,20:00,175.23,123.27,301.79,22.19,174.38
2024-12-13,21:00,305.1,101.4,209.43,23.74,210.9
2024-12-13,22:00,319.28,134.54,277.62,33.41,253.26
2024-12-13,23:00,308.25,104.61,267.62,37.55,155.73
2024-12-13,00:00,249.6,153.57,229.79,38.01,178.8
2024-12-14,01:00,189.89,124.01,267.34,27.72,201.84
2024-12-14,02:00,144.75,76.92,151.54,33.11,139.64
2024-12-14,03:00,138.95,112.35,193.92,27.5,192.46
2024-12-14,04:00,248.07,74.62,240.55,34.79,158.73
2024-12-14,05:00,143.34,74.08,173.16,29.91,155.95
2024-12-14,06:00,130.74,100.51,161.23,28.8,167.07
2024-12-14,07:00,220.55,124.72,186.96,21.94,217.66
2024-12-14,08:00,199.2,90.63,178.24,23.07,173.2
2024-12-14,09:00,272.8,129.76,327.29,30.61,152.46
2024-12-14,10:00,195.69,66.38,213.26,25.94,117.83
2024-12-14,11:00,260.04,61.03,296.75,24.94,164.07
2024-12-14,12:00,198.6,100.82,155.28,20.89,152.57
2024-12-14,13:00,230.2,101.97,275.87,14.02,73.4
2024-12-14,14:00,203.07,57.05,199.7,19.92,144.92
2024-12-14,15:00,128.28,37.99,247.58,25.05,80.12
2024-12-14,16:00,191.74,67.02,236.72,16.92,92.15
2024-12-14,17:00,148.98,68.54,236.04,28.87,163.25
2024-12-14,18:00,144.03,62.27,167.86,34.25,102.77
2024-12-14,19:00,233.78,151.27,344.71,32.54,193.57
2024-12-14,20:00,184.87,149.56,277.51,30.65,214.29
2024-12-14,21:00,242.84,152.19,214.19,38.57,133.23
2024-12-14,22:00,200.88,93.55,291.84,31.96,197.3
2024-12-14,23:00,208.93,100.82,204.82,35.94,229.52
2024-12-14,00:00,192.83,133.69,267.59,20.63,122.22
2024-12-15,01:00,205.48,89.98,284.28,20.66,128.11
2024-12-15,02:00,214.9,108.17,230.86,19.48,109.98
2024-12-15,03:00,201.02,70.94,200.03,17.71,188.47
2024-12-15,04:00,139.33,137.65,298.46,20.2,104.97
2024-12-15,05:00,226.43,84.7,304.37,20.19,136.66
2024-12-15,06:00,191.8,59.8,246.21,23.84,111.79
2024-12-15,07:00,149.31,84.28,306.23,32.92,131.09
2024-12-15,08:00,171.2,84.45,297.26,32.49,124.47
2024-12-15,09:00,251.19,87.38,272.34,29.44,203.52
2024-12-15,10:00,252.06,123.79,169.34,15.96,130.7
2024-12-15,11:00,162.82,77.92,273.14,18.99,136.64
2024-12-15,12:00,196.5,119.3,220.41,23.11,164.3
2024-12-15,13:00,109.97,66.15,166.23,24.74,200.14
2024-12-15,14:00,216.13,49.24,236.27,10.19,117.19
2024-12-15,15:00,112.43,84.1,189.81,20.28,97.5
2024-12-15,16:00,217.57,121.32,140.81,25.67,167.78
2024-12-15,17:00,222.36,123.04,167.18,15.98,158.73
2024-12-15,18:00,214.57,145.6,210.2,31.98,189.59
2024-12-15,19:00,207.46,134.8,197.81,27.78,212.04
2024-12-15,20:00,262.34,152.02,220.13,30.7,244.36
2024-12-15,21:00,204.16,135.89,271.26,24.6,253.45
2024-12-15,22:00,199.43,139.34,250.39,23.72,208.98
2024-12-15,23:00,196.9,90.88,213.92,35.75,136.04
2024-12-15,00:00,182.04,118.14,244.03,27.37,129.59
2024-12-16,01:00,175.14,142.79,293.45,35.4,124.67
2024-12-16,02:00,265.03,74.8,282.97,24.13,188.07
2024-12-16,03:00,249.42,96.34,253.29,26.13,145.43
2024-12-16,04:00,249.46,116.89,252.53,23.66,211.71
2024-12-16,05:00,136.1,132.77,152.12,19.94,146.11
2024-12-16,06:00,156.81,133.1,258.71,28.2,109.17
2024-12-16,07:00,262.6,128.54,205.65,28.97,158.61
2024-12-16,08:00,234.61,146.53,224.6,41.48,173.44
2024-12-16,09:00,312.86,103.53,317.99,33.16,197.75
2024-12-16,10:00,174.75,66.89,334.29,22.12,111.83
2024-12-16,11:00,144.28,96.79,289.15,16.19,111.81
2024-12-16,12:00,104.82,49.65,216.8,21.92,123.69
2024-12-16,13:00,179.76,71.73,179.38,8.29,126.59
2024-12-16,14:00,210.6,31.4,166.37,9.35,80.2
2024-12-16,15:00,183.52,67.22,126.16,7.31,142.96
2024-12-16,16:00,241.66,36.44,255.7,13.89,86.5
2024-12-16,17:00,125.86,81.17,226.1,9.49,165.74
2024-12-16,18:00,249.74,53.33,261.3,29.67,227.29
2024-12-16,19:00,197.39,124.32,229.12,32.9,219.5
2024-12-16,20:00,240.49,131.45,318.75,31.84,183.05
2024-12-16,21:00,206.79,150.91,343.52,37.96,224.67
2024-12-16,22:00,270.32,137.4,216.2,34.26,177.91
2024-12-16,23:00,201.51,138.52,217.01,25.8,134.82
2024-12-16,00:00,206.36,123.33,184.65,26.73,214.55
2024-12-17,01:00,241.06,114.05,243.39,23.7,219.85
2024-12-17,02:00,180.03,64.77,319.61,29.35,152.34
2024-12-17,03:00,245.67,113,169.43,21.93,135.85
2024-12-17,04:00,176.57,82.97,202.01,18.42,189.04
2024-12-17,05:00,128.33,84.76,233.64,27.97,151.51
2024-12-17,06:00,277.5,91.77,260.53,28.63,107.34
2024-12-17,07:00,293.73,119.32,277.03,27.5,120.19
2024-12-17,08:00,257.16,93,283.09,29.18,238.34
2024-12-17,09:00,230.26,111.47,258.31,21.38,214.1
2024-12-17,10:00,183.02,79.88,310.56,24.4,196.44
2024-12-17,11:00,176.26,58.21,325.71,12.57,112.38
2024-12-17,12:00,234.86,65.71,219.75,32.88,97.02
2024-12-17,13:00,240.64,57.28,300.5,6.41,150.2
2024-12-17,14:00,220.33,38.43,139.36,20.56,58.19
2024-12-17,15:00,216.11,52.76,236.47,8.84,44.5
2024-12-17,16:00,179.45,78.02,274.41,12.24,160.19
2024-12-17,17:00,140.19,52.49,166.71,23.41,153.38
2024-12-17,18:00,259.22,67.12,202.99,16.59,186.89
2024-12-17,19:00,245.45,111.86,283.99,24,229.27
2024-12-17,20:00,264.1,117.5,297.67,33.96,250.12
2024-12-17,21:00,286.37,109.07,295.79,31.01,190.92
2024-12-17,22:00,313.52,137.1,251.09,25.42,182.15
2024-12-17,23:00,257.69,162.49,264.57,36.11,228.89
2024-12-17,00:00,329.59,137.63,383.76,23.55,188.54
2024-12-18,01:00,184.81,141.96,300.82,20.45,112.28
2024-12-18,02:00,231.78,84.98,260.76,30.14,97.14
2024-12-18,03:00,221.03,135.02,196.78,23.22,130.83
2024-12-18,04:00,209.47,126.75,315.01,25.63,96.73
2024-12-18,05:00,264.97,136.78,283.92,32.08,170.4
2024-12-18,06:00,261.96,107.55,322.43,31.14,149.49
2024-12-18,07:00,314.02,106.26,361.98,33.73,95.83
2024-12-18,08:00,217.06,95.72,394.29,30.64,138.82
2024-12-18,09:00,242.26,87.83,225.36,30.31,132.92
2024-12-18,10:00,272.03,75.36,202.29,31.39,157.03
2024-12-18,11:00,266.54,113.95,201.67,20.11,141.92
2024-12-18,12:00,238.08,67.12,258.95,19.24,87.48
2024-12-18,13:00,152.81,136.32,274.45,11.09,96.74
2024-12-18,14:00,173.05,115.33,187.89,18.24,136.57
2024-12-18,15:00,133.5,93.81,140.47,21.26,176.41
2024-12-18,16:00,150.7,72.02,147.28,24.35,74.17
2024-12-18,17:00,154.24,59.38,210.61,30.12,108.99
2024-12-18,18:00,242.37,126.67,223.65,32.17,229.29
2024-12-18,19:00,201.05,150.83,357.43,33.29,165.33
2024-12-18,20:00,267.88,121.65,370.28,28.01,205.86
2024-12-18,21:00,319.34,146.51,316.92,30.87,234.44
2024-12-18,22:00,277.75,67.14,241.04,30.85,267.95
2024-12-18,23:00,302.36,129.91,368.44,39.85,202.52
2024-12-18,00:00,230.87,147.94,321.58,39.27,184.18
2024-12-19,01:00,224.17,95.98,324.82,26.41,151.44
2024-12-19,02:00,220.23,154.63,225.04,29.3,215.32
2024-12-19,03:00,195.38,106.81,211.77,33.14,203.75
2024-12-19,04:00,205.66,102.6,278.07,34.59,167.83
2024-12-19,05:00,268.22,137.78,208.12,19.45,132.68
2024-12-19,06:00,196.31,81.59,213.72,33.54,181.67
2024-12-19,07:00,187,86.51,240.31,35.55,172.26
2024-12-19,08:00,221.12,157.86,362.48,32.97,272.85
2024-12-19,09:00,241.92,75.15,311.21,32.74,204.28
2024-12-19,10:00,302.4,89.98,233.07,29.51,168.87
2024-12-19,11:00,222.62,105.38,234.47,23.45,127.36
2024-12-19,12:00,117.85,107.96,322.72,18.97,188.14
2024-12-19,13:00,161.75,51.82,147.24,13.53,119.29
2024-12-19,14:00,112.99,65.33,292.87,15.18,114.14
2024-12-19,15:00,222.43,45.99,180.39,17.91,96.36
2024-12-19,16:00,172.05,91.75,264.71,20.41,114.14
2024-12-19,17:00,219.11,96.74,173.26,24.35,85.19
2024-12-19,18:00,203.09,117.42,232.76,16.99,167.36
2024-12-19,19:00,265.9,157.94,212.7,33.36,180.47
2024-12-19,20:00,221.17,168.67,285.46,22.48,211.28
2024-12-19,21:00,318.64,147.24,326.36,29.69,176.38
2024-12-19,22:00,262.38,130.42,281.28,34.36,225.73
2024-12-19,23:00,299.3,146.51,220.13,31.31,250.74
2024-12-19,00:00,269.5,117.23,361.56,38.95,157.44
2024-12-20,01:00,221.73,83.56,243.89,31.95,155.33
2024-12-20,02:00,187.53,107.7,341.64,32.06,184.48
2024-12-20,03:00,197.67,79.63,201.03,20.91,208.87
2024-12-20,04:00,187.03,144.31,201.95,27.94,192.3
2024-12-20,05:00,176.42,103,169.73,36.63,225.26
2024-12-20,06:00,189.73,125.1,201.43,28.7,185.1
2024-12-20,07:00,222.67,94.6,188.74,40.53,227.33
2024-12-20,08:00,184.95,150.03,349.68,31.5,234.07
2024-12-20,09:00,185.83,97.05,302.18,29.91,144.43
2024-12-20,10:00,226.32,120.7,354.44,29.83,140.99
2024-12-20,11:00,271.05,107.45,325.17,21.46,200.88
2024-12-20,12:00,264.16,73.61,173.13,25.41,133.28
2024-12-20,13:00,196.23,70.29,231,15.2,113.31
2024-12-20,14:00,122.96,58.83,225.73,15.19,135.27
2024-12-20,15:00,211.39,98.54,297.58,19.43,184.13
2024-12-20,16:00,119.22,57.8,138.43,25.11,193.42
2024-12-20,17:00,206.13,102.08,173.92,24.7,181.18
2024-12-20,18:00,140.53,118.79,285.62,30.04,210.35
2024-12-20,19:00,220.55,142.35,299.89,35.3,225.79
2024-12-20,20:00,211.94,166.39,253.27,20.12,209.17
2024-12-20,21:00,242.93,105.07,347.07,29.45,213.97
2024-12-20,22:00,206.95,121.11,218.33,33.58,243.48
2024-12-20,23:00,268.31,141.06,251.1,29.61,199.18
2024-12-20,00:00,302.19,163.05,291.8,23.27,137.87
2024-12-21,01:00,242.71,86.02,258.83,38.22,176.05
2024-12-21,02:00,143.44,97.14,160.94,36.95,134.15
2024-12-21,03:00,237.64,86.26,197.29,22.8,158.73
2024-12-21,04:00,138.11,93.43,250.83,29.57,173.56
2024-12-21,05:00,148.31,91.66,255.53,18.17,121.69
2024-12-21,06:00,264.56,113.67,267.87,25.94,153.56
2024-12-21,07:00,253.74,94.91,193.69,20.64,141.57
2024-12-21,08:00,287.75,102.64,259.77,20.12,141.96
2024-12-21,09:00,267.92,75.46,312.34,26.62,130.01
2024-12-21,10:00,174.96,109.96,322.23,23.23,161.75
2024-12-21,11:00,152.29,92.67,283.5,25.48,136.46
2024-12-21,12:00,262.73,83.43,268.84,23.96,127.72
2024-12-21,13:00,224.95,70.35,177.94,26.67,158.26
2024-12-21,14:00,183.83,86.63,189.28,11.58,203.91
2024-12-21,15:00,129.17,71.2,261.15,27.15,146.52
2024-12-21,16:00,237.7,120.52,186.86,22.81,175.76
2024-12-21,17:00,167.3,142.51,247.63,19.04,181.23
2024-12-21,18:00,215.94,86.75,322.13,26.4,145.28
2024-12-21,19:00,258.16,97.19,244.65,27.79,180.55
2024-12-21,20:00,234.65,152.56,297.98,42.1,253.88
2024-12-21,21:00,233.72,136.22,249.07,30.58,241.05
2024-12-21,22:00,284.52,138.67,343.37,31.14,232.16
2024-12-21,23:00,347.43,123.08,219.01,28.73,206.27
2024-12-21,00:00,228.18,107.17,269.24,34.15,218.11
2024-12-22,01:00,256.64,127.41,280.43,21.97,178.86
2024-12-22,02:00,265.95,155.32,228.85,30.12,237.86
2024-12-22,03:00,218.31,142.35,344.13,32.63,203.52
2024-12-22,04:00,190.88,144.49,245.48,34.53,209.67
2024-12-22,05:00,164.42,145.28,293.36,29.18,221.46
2024-12-22,06:00,185.58,136.65,213.5,33.87,156.1
2024-12-22,07:00,299.8,152.73,331.4,22.56,140.39
2024-12-22,08:00,320.23,136.77,343.36,19.17,165.97
2024-12-22,09:00,220.28,141.37,194.72,28.1,226.19
2024-12-22,10:00,192.94,112.06,293.27,25.74,188.51
2024-12-22,11:00,220.37,93.81,348.12,14.99,170.94
2024-12-22,12:00,138.49,92.1,250.23,12.99,172.85
2024-12-22,13:00,184.22,68.59,221.17,23.43,123.68
2024-12-22,14:00,148.93,46.02,273.32,15.48,145.75
2024-12-22,15:00,153.13,48.83,161.44,17.57,92.74
2024-12-22,16:00,230.42,91.77,138.51,13.79,161.93
2024-12-22,17:00,194.89,99.05,265.97,30.62,180.94
2024-12-22,18:00,175.24,127.78,272.93,16.43,163.89
2024-12-22,19:00,284.45,138.38,343.21,38.94,180.76
2024-12-22,20:00,204.59,163.77,237.62,38.05,150.57
2024-12-22,21:00,225.05,166.07,395.62,37.41,248.8
2024-12-22,22:00,231.87,116.69,291.69,32.79,205.43
2024-12-22,23:00,332.44,133.22,364.97,34.13,260.22
2024-12-22,00:00,235.73,105.79,212.36,36.67,172.57
2024-12-23,01:00,212.87,96.14,311.41,34.8,169.63
2024-12-23,02:00,215.44,157.15,267.2,38.53,204.37
2024-12-23,03:00,253.13,138.84,307.22,37.49,140.68
2024-12-23,04:00,271.9,131.48,182.14,33.85,205.17
2024-12-23,05:00,262.39,124.44,198.55,26.23,128.13
2024-12-23,06:00,294.16,147.16,242.11,35.86,131.84
2024-12-23,07:00,281.06,148.55,170.31,29.38,238.5
2024-12-23,08:00,230.28,118.57,250.65,42.42,225.67
2024-12-23,09:00,226.68,84.58,364.79,30.56,253.24
2024-12-23,10:00,207.13,66.85,293.69,23.87,172.06
2024-12-23,11:00,201.39,92.47,242.66,17.66,174.36
2024-12-23,12:00,247.84,55.82,197.11,24.98,187.45
2024-12-23,13:00,168.73,89.28,209.3,19.55,77.17
2024-12-23,14:00,121.41,67.49,231.04,16.34,180.11
2024-12-23,15:00,154.44,45.81,132.12,17.98,197.5
2024-12-23,16:00,172.92,61.36,257.13,21.05,202.84
2024-12-23,17:00,235.02,77.4,141.77,12.02,174.84
2024-12-23,18:00,197.86,117.39,182.5,29.12,141.77
2024-12-23,19:00,214.01,114.79,252.22,23.1,175.01
2024-12-23,20:00,315.01,114.08,338.1,32.6,264.3
2024-12-23,21:00,336.89,146.26,236.49,31.38,197.34
2024-12-23,22:00,338.19,126.26,298.5,36.18,201.32
2024-12-23,23:00,267.81,151.28,307.58,25.53,163.43
2024-12-23,00:00,226.21,134.46,327.52,37.59,171.86
2024-12-24,01:00,279.78,145.11,185.05,28.07,146.79
2024-12-24,02:00,237.66,137.53,270.1,20.85,139.77
2024-12-24,03:00,155.23,109.05,317.19,27.21,206.24
2024-12-24,04:00,203.85,90.2,190.85,30.38,127.49
2024-12-24,05:00,252.9,105.07,235.17,24.19,220.83
2024-12-24,06:00,258.34,95.89,305.23,30.76,165.72
2024-12-24,07:00,241.06,148.77,203.66,25.67,176.85
2024-12-24,08:00,199.57,105.52,380.25,38.36,260.85
2024-12-24,09:00,273.99,126.48,358.9,34.89,175.95
2024-12-24,10:00,284.13,105.48,346.92,24.67,213.07
2024-12-24,11:00,209.33,96.29,308.56,28.17,137.58
2024-12-24,12:00,238.06,96.19,283.23,13.65,157.71
2024-12-24,13:00,193.69,53.92,155.17,8.06,116.19
2024-12-24,14:00,97.86,89.14,257.73,20.21,171.15
2024-12-24,15:00,190.18,87.52,131.77,8.49,70.43
2024-12-24,16:00,130.76,76.05,226.13,16.75,108.51
2024-12-24,17:00,126.35,43.47,279.18,21.87,148.86
2024-12-24,18:00,259.37,64.76,277.23,23.82,156.03
2024-12-24,19:00,272.63,107.5,344.8,27.11,244.5
2024-12-24,20:00,202,136.37,367.14,32.98,172.21
2024-12-24,21:00,216.24,130.27,269.29,28.12,183.53
2024-12-24,22:00,273.63,109.49,299.39,25.43,210.28
2024-12-24,23:00,306.99,151.05,250.58,40.98,196.79
2024-12-24,00:00,195.18,141.1,219.61,31.17,172.68
2024-12-25,01:00,185.4,81.81,192.16,38.17,232.76
2024-12-25,02:00,246.57,113.66,199.36,26.19,126.82
2024-12-25,03:00,218.77,102.71,228.83,28.23,168.74
2024-12-25,04:00,258.38,91.42,314.28,34.19,220.35
2024-12-25,05:00,123.22,101.55,224.03,22.98,220.57
2024-12-25,06:00,219.91,125.71,251.33,17.51,218.44
2024-12-25,07:00,228.77,95.58,296.45,23.25,195.9
2024-12-25,08:00,179.01,92.07,250.43,24.18,186.09
2024-12-25,09:00,228.13,111.13,320.39,33.18,133.96
2024-12-25,10:00,213.4,128.97,201.97,26.98,160.79
2024-12-25,11:00,248.03,57.53,306.48,26.78,202.63
2024-12-25,12:00,166.68,100.63,154.49,27.18,167.56
2024-12-25,13:00,214.21,67.75,240.49,20.7,119.9
2024-12-25,14:00,173.52,91.32,200.93,18.99,106.43
2024-12-25,15:00,98.21,73.79,207.63,14.91,109.2
2024-12-25,16:00,143.14,62.05,217.78,23.81,149.46
2024-12-25,17:00,160.33,67.51,155.51,12.51,144.99
2024-12-25,18:00,155.45,126.38,175.6,21.83,184.63
2024-12-25,19:00,224.58,127.48,278.55,35.02,231.71
2024-12-25,20:00,254.98,94.38,184.14,30.34,208.39
2024-12-25,21:00,186.08,98.05,312.6,36.01,256.31
2024-12-25,22:00,272.06,129.97,284.49,35.81,212.2
2024-12-25,23:00,221.74,148.58,332.16,35.16,213.32
2024-12-25,00:00,264.51,87.37,283.06,24.1,223.19
2024-12-26,01:00,229.69,146.4,207.46,26.08,109.82
2024-12-26,02:00,240.99,84.85,130.93,24.77,199.47
2024-12-26,03:00,200.01,87.38,141.16,29.56,120.28
2024-12-26,04:00,252.04,78.84,281.81,32.13,123.01
2024-12-26,05:00,143.59,40.9,108.37,23.95,206.28
2024-12-26,06:00,209.48,102.42,127.19,30.45,126.67
2024-12-26,07:00,282.01,97.13,171.9,37.25,111.56
2024-12-26,08:00,269.67,132.14,345.22,33.83,161.01
2024-12-26,09:00,207.15,72.42,317.36,36.16,228.51
2024-12-26,10:00,183.23,103.25,240,31.46,167.94
2024-12-26,11:00,141.68,57.18,271.18,30.16,150.77
2024-12-26,12:00,127.84,102.69,253.44,31.42,135.55
2024-12-26,13:00,104.97,57.95,227.78,29.44,130.9
2024-12-26,14:00,211.06,43.54,272.64,18.08,125.02
2024-12-26,15:00,139.32,87.3,206.89,21.61,84.66
2024-12-26,16:00,96.75,90.95,176.63,29.95,180.54
2024-12-26,17:00,164.98,65.17,204.15,23.7,146.21
2024-12-26,18:00,248.6,89.71,311.97,20.93,122.74
2024-12-26,19:00,314.31,149.13,267.66,31.49,146.67
2024-12-26,20:00,248.1,105.73,198.33,30.89,152.42
2024-12-26,21:00,322.58,120.59,307.15,27.92,173.89
2024-12-26,22:00,341.03,124.19,298.48,25.89,190.87
2024-12-26,23:00,320.12,125.53,410.79,30.65,206.85
2024-12-26,00:00,222.86,147.77,281.48,36.07,163.24
2024-12-27,01:00,233.8,123.36,235.35,36.98,241.88
2024-12-27,02:00,228.12,123.99,359.46,34.34,163.88
2024-12-27,03:00,246.58,108.49,236.68,30.59,138.48
2024-12-27,04:00,244.85,126.69,288.57,33.37,163.55
2024-12-27,05:00,185.46,85.16,284.2,29.72,153.23
2024-12-27,06:00,240.83,150.16,269.4,25.87,144.47
2024-12-27,07:00,233.54,156.38,260.87,29.85,218.77
2024-12-27,08:00,266.51,160.31,257.96,26.45,178.21
2024-12-27,09:00,293.68,157.76,349.13,34.13,276.7
2024-12-27,10:00,305.65,91.54,235.28,24.11,131.19
2024-12-27,11:00,268.51,67.25,227.2,33.74,147.85
2024-12-27,12:00,124.57,119.72,256.03,29.71,168.22
2024-12-27,13:00,243.62,95.44,182.18,21.27,129.3
2024-12-27,14:00,201.24,36.08,307.06,20.61,160.98
2024-12-27,15:00,131.33,33.03,155.03,20.46,83.8
2024-12-27,16:00,189.2,55.78,281.58,16.98,159.48
2024-12-27,17:00,161.9,118.78,311.23,25.56,141.04
2024-12-27,18:00,213.6,100.92,259.32,24.9,207.46
2024-12-27,19:00,235.41,104.36,273.89,31.63,198.4
2024-12-27,20:00,298.91,114.01,391.51,26.49,196.55
2024-12-27,21:00,269.95,150.43,340.88,38.97,204.12
2024-12-27,22:00,322.2,155.56,310.21,23.73,177.41
2024-12-27,23:00,278.97,116.68,338.23,40.18,159.24
2024-12-27,00:00,191.62,145.16,225.79,25.16,244.07
2024-12-28,01:00,235.92,105.22,361.19,26.4,169.66
2024-12-28,02:00,185.48,90.88,312.38,31.64,138.53
2024-12-28,03:00,249.61,135.78,306.23,24.85,198.89
2024-12-28,04:00,246.97,133.61,183.97,37.08,123.99
2024-12-28,05:00,281.91,130.71,237.97,20.31,222.02
2024-12-28,06:00,182.15,79.39,291.27,21.67,179.56
2024-12-28,07:00,182.69,102.08,294.78,22.5,204.79
2024-12-28,08:00,293.99,145.53,287.25,18.22,160.81
2024-12-28,09:00,205.48,92.82,218.87,31.63,157.74
2024-12-28,10:00,275.83,77.69,243.53,18.23,187.8
2024-12-28,11:00,243.54,96.72,307.36,24.75,197.38
2024-12-28,12:00,218.15,114.38,184.36,26.2,125.22
2024-12-28,13:00,160.65,53.77,179.73,20.01,148.24
2024-12-28,14:00,238.07,102.27,266.93,12.74,184.11
2024-12-28,15:00,124.47,92.14,176.53,17.73,89.58
2024-12-28,16:00,100.37,92.52,255.26,27.15,193.09
2024-12-28,17:00,171.18,71.81,195.3,23.86,186.74
2024-12-28,18:00,254.39,137.18,232.56,32.4,190.52
2024-12-28,19:00,203.61,120.28,255.4,30.44,151.82
2024-12-28,20:00,223.62,129.63,217.73,24.4,214.33
2024-12-28,21:00,328.7,116.67,247.12,31.39,162.95
2024-12-28,22:00,220.49,107.33,261.41,24.88,201.02
2024-12-28,23:00,234.26,166.08,217.45,27.7,180.56
2024-12-28,00:00,190.88,103.46,198.92,29.83,183.53
2024-12-29,01:00,266.36,93.79,228.24,31.79,224.58
2024-12-29,02:00,187.52,98.43,338.08,23.95,157.84
2024-12-29,03:00,263.45,95.66,326.55,25.2,208.7
2024-12-29,04:00,182.16,93.5,273.25,19.36,197.53
2024-12-29,05:00,227.68,129.03,179.37,18.09,145.73
2024-12-29,06:00,239,124.99,177.12,29.79,146.92
2024-12-29,07:00,149.35,109.04,325.12,30.01,144.1
2024-12-29,08:00,163.27,91.99,234.43,29.04,115.4
2024-12-29,09:00,192.06,79.77,238.26,22.01,216.98
2024-12-29,10:00,184.06,74.56,330.2,22.95,140.6
2024-12-29,11:00,164.52,92.84,219.86,26.64,190.96
2024-12-29,12:00,163.63,69.84,297.87,17.95,139.34
2024-12-29,13:00,187.62,101.62,283.51,18.13,153.01
2024-12-29,14:00,114.12,57.77,170.43,15.24,166.01
2024-12-29,15:00,191.98,38.66,242.4,7.1,166.2
2024-12-29,16:00,127.53,55.2,256.18,19.02,109.17
2024-12-29,17:00,225.14,63.16,236.03,13.28,203.39
2024-12-29,18:00,169.18,146.46,311.16,16.14,150.59
2024-12-29,19:00,251.21,94.72,317.99,23.78,191.53
2024-12-29,20:00,246.36,140.97,294.33,31.49,212.8
2024-12-29,21:00,294.37,145.77,289.05,39.19,235.06
2024-12-29,22:00,316.52,100.3,271.14,25.96,183.97
2024-12-29,23:00,310.38,113.54,316.18,28.77,156.89
2024-12-29,00:00,303.68,120.2,199.93,39.3,156.84
2024-12-30,01:00,192.19,142.87,270.31,37.21,129.17
2024-12-30,02:00,160.42,138.32,229.8,22.13,99.6
2024-12-30,03:00,149.48,106.09,144.71,34.54,136.63
2024-12-30,04:00,110.56,73.99,248.45,26.12,115.59
2024-12-30,05:00,120.76,126.26,179.48,26.1,103
2024-12-30,06:00,199.36,139.38,239.9,21.14,194.93
2024-12-30,07:00,127.33,114.42,235.52,38.14,191.5
2024-12-30,08:00,145.11,124.57,313.37,40.62,174.3
2024-12-30,09:00,235.07,139.44,179,27.87,235.99
2024-12-30,10:00,236.18,77.09,306.58,33.19,221.15
2024-12-30,11:00,234.5,77.18,298.22,17.34,179.48
2024-12-30,12:00,151.12,59.45,249.19,20.38,203.67
2024-12-30,13:00,162.1,59.47,130.97,26.89,105.37
2024-12-30,14:00,157.27,65.18,221.34,29,90.49
2024-12-30,15:00,189.38,28.23,229.67,14.15,149.76
2024-12-30,16:00,134.79,54.11,260.91,17.65,131.02
2024-12-30,17:00,107.68,82.39,169.12,28.38,108.52
2024-12-30,18:00,255.29,92.07,251.43,16.35,193.05
2024-12-30,19:00,243.19,109.82,176.64,32.16,196.17
2024-12-30,20:00,181.27,98.85,326.59,23.84,131.53
2024-12-30,21:00,200.99,113.02,291.2,29.63,224.31
2024-12-30,22:00,299.32,125.73,325.25,32.24,219.56
2024-12-30,23:00,203.07,155.58,188.63,24.46,179.83
2024-12-30,00:00,151.74,128.75,300.95,34.84,143.54
2024-12-31,01:00,270.71,124.84,242.47,32.8,191.22
2024-12-31,02:00,201.94,120.52,247.18,28.42,159.36
2024-12-31,03:00,189.12,111.61,244.78,20.8,110.15
2024-12-31,04:00,247.6,54.45,228.1,32.01,163.98
2024-12-31,05:00,170.28,117.91,276.45,22.29,110.6
2024-12-31,06:00,260.36,93.79,230.26,19.29,196.54
2024-12-31,07:00,179.5,76.24,293.62,20.59,221
2024-12-31,08:00,228.22,77.28,352.86,40.54,208.16
2024-12-31,09:00,218.57,138.52,311.39,37.04,155.79
2024-12-31,10:00,152,99.68,255.48,33.67,113.08
2024-12-31,11:00,153.8,100.93,256.73,21.02,126.91
2024-12-31,12:00,193.32,84.36,293.7,16.03,180.04
2024-12-31,13:00,210.79,81.89,200.03,9.96,78.28
2024-12-31,14:00,206.83,50.39,248.39,24.68,132.65
2024-12-31,15:00,88.62,83.72,138.4,11.77,67.92
2024-12-31,16:00,166.89,42.05,262.43,13.63,149.37
2024-12-31,17:00,226.36,80.39,237.42,23.9,127.06
2024-12-31,18:00,156.27,98.8,302.54,19.58,108.2
2024-12-31,19:00,171.73,154.4,194.12,24.2,161.8
2024-12-31,20:00,221.76,130.61,341.95,18.29,236.16
2024-12-31,21:00,248,159.5,225.76,32.84,241.94
2024-12-31,22:00,324.76,102.73,276.7,30.59,194.28
2024-12-31,23:00,187.13,104,338.67,23.76,210.48
2024-12-31,00:00,270.81,115.47,235.36,23.09,175.14
